<?xml version="1.0" encoding="UTF-8"?>
<gpx xmlns:gpxdata="http://www.cluetrust.com/XML/GPXDATA/1/0" xmlns:xsi="http://www.w3.org/2001/XMLSchema-instance" xmlns="http://www.topografix.com/GPX/1/1" version="1.1" creator="http://ridewithgps.com/" xsi:schemaLocation="http://www.topografix.com/GPX/1/1 http://www.topografix.com/GPX/1/1/gpx.xsd http://www.cluetrust.com/XML/GPXDATA/1/0 http://www.cluetrust.com/Schemas/gpxdata10.xsd">
  <metadata>
    <name>hawick loop</name>
    <link href="https://ridewithgps.com/routes/57457623">
      <text>hawick loop</text>
    </link>
    <time>2026-10-06T13:36:42Z</time>
  </metadata>
  <trk>
    <name>hawick loop</name>
    <trkseg>
      <trkpt lat="55.546085" lon="-2.85237">
        <ele>154.2</ele>
      </trkpt>
      <trkpt lat="55.546082" lon="-2.852357">
        <ele>146.0</ele>
      </trkpt>
      <trkpt lat="55.546116" lon="-2.852246">
        <ele>145.6</ele>
      </trkpt>
      <trkpt lat="55.546124" lon="-2.852222">
        <ele>145.6</ele>
      </trkpt>
      <trkpt lat="55.546143" lon="-2.852191">
        <ele>145.6</ele>
      </trkpt>
      <trkpt lat="55.546162" lon="-2.852163">
        <ele>145.6</ele>
      </trkpt>
      <trkpt lat="55.546188" lon="-2.852131">
        <ele>145.6</ele>
      </trkpt>
      <trkpt lat="55.546215" lon="-2.852095">
        <ele>145.6</ele>
      </trkpt>
      <trkpt lat="55.546242" lon="-2.852058">
        <ele>145.6</ele>
      </trkpt>
      <trkpt lat="55.54628" lon="-2.852">
        <ele>145.6</ele>
      </trkpt>
      <trkpt lat="55.54631" lon="-2.851943">
        <ele>145.6</ele>
      </trkpt>
      <trkpt lat="55.546337" lon="-2.851887">
        <ele>145.6</ele>
      </trkpt>
      <trkpt lat="55.54636" lon="-2.851833">
        <ele>145.6</ele>
      </trkpt>
      <trkpt lat="55.546371" lon="-2.85179">
        <ele>145.6</ele>
      </trkpt>
      <trkpt lat="55.546387" lon="-2.851735">
        <ele>145.6</ele>
      </trkpt>
      <trkpt lat="55.546398" lon="-2.851673">
        <ele>145.6</ele>
      </trkpt>
      <trkpt lat="55.546406" lon="-2.851624">
        <ele>145.6</ele>
      </trkpt>
      <trkpt lat="55.546413" lon="-2.851572">
        <ele>145.6</ele>
      </trkpt>
      <trkpt lat="55.546425" lon="-2.851521">
        <ele>145.8</ele>
      </trkpt>
      <trkpt lat="55.546436" lon="-2.85147">
        <ele>145.8</ele>
      </trkpt>
      <trkpt lat="55.546448" lon="-2.851419">
        <ele>146.0</ele>
      </trkpt>
      <trkpt lat="55.546455" lon="-2.851367">
        <ele>146.0</ele>
      </trkpt>
      <trkpt lat="55.546463" lon="-2.851311">
        <ele>146.6</ele>
      </trkpt>
      <trkpt lat="55.546467" lon="-2.851257">
        <ele>146.8</ele>
      </trkpt>
      <trkpt lat="55.546463" lon="-2.851203">
        <ele>147.2</ele>
      </trkpt>
      <trkpt lat="55.546459" lon="-2.85115">
        <ele>147.4</ele>
      </trkpt>
      <trkpt lat="55.546444" lon="-2.851099">
        <ele>147.6</ele>
      </trkpt>
      <trkpt lat="55.546432" lon="-2.85105">
        <ele>147.6</ele>
      </trkpt>
      <trkpt lat="55.546421" lon="-2.851005">
        <ele>147.8</ele>
      </trkpt>
      <trkpt lat="55.546421" lon="-2.850964">
        <ele>148.2</ele>
      </trkpt>
      <trkpt lat="55.546429" lon="-2.850923">
        <ele>148.4</ele>
      </trkpt>
      <trkpt lat="55.546448" lon="-2.85088">
        <ele>148.6</ele>
      </trkpt>
      <trkpt lat="55.546478" lon="-2.850837">
        <ele>149.0</ele>
      </trkpt>
      <trkpt lat="55.546513" lon="-2.850792">
        <ele>149.0</ele>
      </trkpt>
      <trkpt lat="55.546547" lon="-2.85075">
        <ele>149.2</ele>
      </trkpt>
      <trkpt lat="55.546589" lon="-2.850693">
        <ele>149.2</ele>
      </trkpt>
      <trkpt lat="55.546642" lon="-2.850621">
        <ele>149.4</ele>
      </trkpt>
      <trkpt lat="55.546688" lon="-2.850555">
        <ele>149.4</ele>
      </trkpt>
      <trkpt lat="55.546741" lon="-2.850486">
        <ele>149.4</ele>
      </trkpt>
      <trkpt lat="55.546799" lon="-2.850411">
        <ele>149.4</ele>
      </trkpt>
      <trkpt lat="55.546856" lon="-2.850335">
        <ele>149.2</ele>
      </trkpt>
      <trkpt lat="55.546913" lon="-2.850255">
        <ele>149.2</ele>
      </trkpt>
      <trkpt lat="55.54697" lon="-2.850175">
        <ele>149.0</ele>
      </trkpt>
      <trkpt lat="55.547035" lon="-2.850092">
        <ele>148.8</ele>
      </trkpt>
      <trkpt lat="55.547081" lon="-2.850024">
        <ele>148.4</ele>
      </trkpt>
      <trkpt lat="55.547146" lon="-2.849941">
        <ele>148.2</ele>
      </trkpt>
      <trkpt lat="55.547222" lon="-2.849844">
        <ele>147.6</ele>
      </trkpt>
      <trkpt lat="55.547268" lon="-2.84978">
        <ele>147.4</ele>
      </trkpt>
      <trkpt lat="55.547329" lon="-2.849704">
        <ele>147.0</ele>
      </trkpt>
      <trkpt lat="55.54739" lon="-2.849629">
        <ele>146.6</ele>
      </trkpt>
      <trkpt lat="55.547447" lon="-2.849559">
        <ele>145.8</ele>
      </trkpt>
      <trkpt lat="55.547504" lon="-2.84949">
        <ele>145.6</ele>
      </trkpt>
      <trkpt lat="55.547554" lon="-2.84943">
        <ele>145.0</ele>
      </trkpt>
      <trkpt lat="55.547604" lon="-2.849387">
        <ele>143.8</ele>
      </trkpt>
      <trkpt lat="55.547646" lon="-2.849368">
        <ele>143.4</ele>
      </trkpt>
      <trkpt lat="55.54768" lon="-2.84937">
        <ele>142.6</ele>
      </trkpt>
      <trkpt lat="55.547703" lon="-2.849386">
        <ele>142.2</ele>
      </trkpt>
      <trkpt lat="55.547718" lon="-2.849407">
        <ele>141.4</ele>
      </trkpt>
      <trkpt lat="55.547718" lon="-2.849434">
        <ele>140.6</ele>
      </trkpt>
      <trkpt lat="55.547718" lon="-2.849446">
        <ele>140.4</ele>
      </trkpt>
      <trkpt lat="55.547718" lon="-2.849446">
        <ele>139.6</ele>
      </trkpt>
      <trkpt lat="55.547718" lon="-2.849446">
        <ele>139.2</ele>
      </trkpt>
      <trkpt lat="55.547722" lon="-2.849532">
        <ele>137.4</ele>
      </trkpt>
      <trkpt lat="55.54771" lon="-2.849594">
        <ele>137.2</ele>
      </trkpt>
      <trkpt lat="55.547695" lon="-2.849668">
        <ele>137.0</ele>
      </trkpt>
      <trkpt lat="55.547676" lon="-2.849755">
        <ele>137.0</ele>
      </trkpt>
      <trkpt lat="55.547661" lon="-2.849849">
        <ele>136.6</ele>
      </trkpt>
      <trkpt lat="55.547638" lon="-2.849969">
        <ele>136.4</ele>
      </trkpt>
      <trkpt lat="55.547623" lon="-2.850051">
        <ele>136.4</ele>
      </trkpt>
      <trkpt lat="55.5476" lon="-2.850155">
        <ele>136.2</ele>
      </trkpt>
      <trkpt lat="55.547569" lon="-2.850285">
        <ele>136.0</ele>
      </trkpt>
      <trkpt lat="55.547546" lon="-2.850374">
        <ele>136.0</ele>
      </trkpt>
      <trkpt lat="55.547516" lon="-2.850487">
        <ele>135.8</ele>
      </trkpt>
      <trkpt lat="55.547482" lon="-2.850599">
        <ele>135.8</ele>
      </trkpt>
      <trkpt lat="55.547447" lon="-2.850701">
        <ele>135.8</ele>
      </trkpt>
      <trkpt lat="55.547421" lon="-2.850791">
        <ele>135.8</ele>
      </trkpt>
      <trkpt lat="55.547394" lon="-2.850884">
        <ele>135.6</ele>
      </trkpt>
      <trkpt lat="55.547337" lon="-2.85102">
        <ele>135.6</ele>
      </trkpt>
      <trkpt lat="55.547295" lon="-2.851115">
        <ele>135.6</ele>
      </trkpt>
      <trkpt lat="55.547237" lon="-2.851226">
        <ele>135.4</ele>
      </trkpt>
      <trkpt lat="55.547176" lon="-2.851358">
        <ele>135.2</ele>
      </trkpt>
      <trkpt lat="55.547134" lon="-2.851481">
        <ele>135.0</ele>
      </trkpt>
      <trkpt lat="55.547081" lon="-2.851657">
        <ele>134.8</ele>
      </trkpt>
      <trkpt lat="55.54705" lon="-2.851791">
        <ele>134.4</ele>
      </trkpt>
      <trkpt lat="55.547012" lon="-2.851961">
        <ele>134.2</ele>
      </trkpt>
      <trkpt lat="55.546986" lon="-2.85213">
        <ele>133.6</ele>
      </trkpt>
      <trkpt lat="55.546974" lon="-2.852338">
        <ele>133.4</ele>
      </trkpt>
      <trkpt lat="55.546974" lon="-2.852486">
        <ele>133.2</ele>
      </trkpt>
      <trkpt lat="55.546978" lon="-2.852671">
        <ele>132.4</ele>
      </trkpt>
      <trkpt lat="55.546993" lon="-2.852855">
        <ele>132.2</ele>
      </trkpt>
      <trkpt lat="55.546993" lon="-2.852855">
        <ele>131.4</ele>
      </trkpt>
      <trkpt lat="55.54705" lon="-2.853136">
        <ele>131.0</ele>
      </trkpt>
      <trkpt lat="55.547104" lon="-2.853293">
        <ele>130.2</ele>
      </trkpt>
      <trkpt lat="55.547203" lon="-2.853538">
        <ele>130.0</ele>
      </trkpt>
      <trkpt lat="55.547256" lon="-2.853661">
        <ele>129.0</ele>
      </trkpt>
      <trkpt lat="55.547321" lon="-2.853815">
        <ele>128.2</ele>
      </trkpt>
      <trkpt lat="55.547398" lon="-2.854">
        <ele>127.8</ele>
      </trkpt>
      <trkpt lat="55.547455" lon="-2.854124">
        <ele>127.0</ele>
      </trkpt>
      <trkpt lat="55.54752" lon="-2.854282">
        <ele>126.6</ele>
      </trkpt>
      <trkpt lat="55.547588" lon="-2.854442">
        <ele>126.0</ele>
      </trkpt>
      <trkpt lat="55.547657" lon="-2.854604">
        <ele>125.8</ele>
      </trkpt>
      <trkpt lat="55.547722" lon="-2.854765">
        <ele>125.2</ele>
      </trkpt>
      <trkpt lat="55.547783" lon="-2.854925">
        <ele>124.6</ele>
      </trkpt>
      <trkpt lat="55.547859" lon="-2.855115">
        <ele>124.4</ele>
      </trkpt>
      <trkpt lat="55.547905" lon="-2.85524">
        <ele>123.6</ele>
      </trkpt>
      <trkpt lat="55.547966" lon="-2.85539">
        <ele>123.2</ele>
      </trkpt>
      <trkpt lat="55.548027" lon="-2.855533">
        <ele>123.0</ele>
      </trkpt>
      <trkpt lat="55.548088" lon="-2.855672">
        <ele>122.8</ele>
      </trkpt>
      <trkpt lat="55.548145" lon="-2.855808">
        <ele>122.2</ele>
      </trkpt>
      <trkpt lat="55.548199" lon="-2.855939">
        <ele>121.8</ele>
      </trkpt>
      <trkpt lat="55.548248" lon="-2.856063">
        <ele>121.6</ele>
      </trkpt>
      <trkpt lat="55.548298" lon="-2.856183">
        <ele>121.6</ele>
      </trkpt>
      <trkpt lat="55.548355" lon="-2.8563">
        <ele>121.4</ele>
      </trkpt>
      <trkpt lat="55.548405" lon="-2.856413">
        <ele>121.2</ele>
      </trkpt>
      <trkpt lat="55.548462" lon="-2.856511">
        <ele>121.2</ele>
      </trkpt>
      <trkpt lat="55.548515" lon="-2.856603">
        <ele>121.0</ele>
      </trkpt>
      <trkpt lat="55.548557" lon="-2.856706">
        <ele>121.0</ele>
      </trkpt>
      <trkpt lat="55.54858" lon="-2.856823">
        <ele>121.0</ele>
      </trkpt>
      <trkpt lat="55.548584" lon="-2.856946">
        <ele>121.0</ele>
      </trkpt>
      <trkpt lat="55.548569" lon="-2.857081">
        <ele>121.0</ele>
      </trkpt>
      <trkpt lat="55.548546" lon="-2.857222">
        <ele>120.8</ele>
      </trkpt>
      <trkpt lat="55.548523" lon="-2.857359">
        <ele>120.6</ele>
      </trkpt>
      <trkpt lat="55.548492" lon="-2.857504">
        <ele>120.6</ele>
      </trkpt>
      <trkpt lat="55.548477" lon="-2.857637">
        <ele>120.4</ele>
      </trkpt>
      <trkpt lat="55.54845" lon="-2.857795">
        <ele>120.4</ele>
      </trkpt>
      <trkpt lat="55.548431" lon="-2.857898">
        <ele>120.2</ele>
      </trkpt>
      <trkpt lat="55.548412" lon="-2.858018">
        <ele>120.2</ele>
      </trkpt>
      <trkpt lat="55.548401" lon="-2.858135">
        <ele>120.0</ele>
      </trkpt>
      <trkpt lat="55.548386" lon="-2.858252">
        <ele>120.0</ele>
      </trkpt>
      <trkpt lat="55.548382" lon="-2.858369">
        <ele>120.0</ele>
      </trkpt>
      <trkpt lat="55.548367" lon="-2.858486">
        <ele>120.0</ele>
      </trkpt>
      <trkpt lat="55.548355" lon="-2.858606">
        <ele>120.0</ele>
      </trkpt>
      <trkpt lat="55.54834" lon="-2.858726">
        <ele>119.8</ele>
      </trkpt>
      <trkpt lat="55.548325" lon="-2.85884">
        <ele>119.8</ele>
      </trkpt>
      <trkpt lat="55.548309" lon="-2.858951">
        <ele>119.8</ele>
      </trkpt>
      <trkpt lat="55.548298" lon="-2.859061">
        <ele>119.8</ele>
      </trkpt>
      <trkpt lat="55.54829" lon="-2.859171">
        <ele>119.8</ele>
      </trkpt>
      <trkpt lat="55.548283" lon="-2.859279">
        <ele>120.0</ele>
      </trkpt>
      <trkpt lat="55.548275" lon="-2.859387">
        <ele>120.0</ele>
      </trkpt>
      <trkpt lat="55.548264" lon="-2.859496">
        <ele>119.8</ele>
      </trkpt>
      <trkpt lat="55.548252" lon="-2.859607">
        <ele>119.8</ele>
      </trkpt>
      <trkpt lat="55.548241" lon="-2.859715">
        <ele>119.8</ele>
      </trkpt>
      <trkpt lat="55.548229" lon="-2.859824">
        <ele>119.8</ele>
      </trkpt>
      <trkpt lat="55.548218" lon="-2.859935">
        <ele>120.0</ele>
      </trkpt>
      <trkpt lat="55.548206" lon="-2.860046">
        <ele>120.0</ele>
      </trkpt>
      <trkpt lat="55.548195" lon="-2.860158">
        <ele>120.0</ele>
      </trkpt>
      <trkpt lat="55.548183" lon="-2.860271">
        <ele>120.2</ele>
      </trkpt>
      <trkpt lat="55.548172" lon="-2.860383">
        <ele>120.2</ele>
      </trkpt>
      <trkpt lat="55.548164" lon="-2.860495">
        <ele>120.2</ele>
      </trkpt>
      <trkpt lat="55.548149" lon="-2.860611">
        <ele>120.4</ele>
      </trkpt>
      <trkpt lat="55.548149" lon="-2.860611">
        <ele>120.4</ele>
      </trkpt>
      <trkpt lat="55.54813" lon="-2.860818">
        <ele>120.6</ele>
      </trkpt>
      <trkpt lat="55.548119" lon="-2.860909">
        <ele>120.6</ele>
      </trkpt>
      <trkpt lat="55.548103" lon="-2.861082">
        <ele>120.8</ele>
      </trkpt>
      <trkpt lat="55.548096" lon="-2.861169">
        <ele>120.8</ele>
      </trkpt>
      <trkpt lat="55.548077" lon="-2.861301">
        <ele>121.0</ele>
      </trkpt>
      <trkpt lat="55.548058" lon="-2.861387">
        <ele>121.0</ele>
      </trkpt>
      <trkpt lat="55.548035" lon="-2.861487">
        <ele>121.0</ele>
      </trkpt>
      <trkpt lat="55.548008" lon="-2.861582">
        <ele>121.2</ele>
      </trkpt>
      <trkpt lat="55.547974" lon="-2.861679">
        <ele>121.2</ele>
      </trkpt>
      <trkpt lat="55.547935" lon="-2.86178">
        <ele>121.2</ele>
      </trkpt>
      <trkpt lat="55.547901" lon="-2.861882">
        <ele>121.2</ele>
      </trkpt>
      <trkpt lat="55.547863" lon="-2.861984">
        <ele>121.2</ele>
      </trkpt>
      <trkpt lat="55.547825" lon="-2.862088">
        <ele>121.0</ele>
      </trkpt>
      <trkpt lat="55.547791" lon="-2.862194">
        <ele>121.0</ele>
      </trkpt>
      <trkpt lat="55.547752" lon="-2.862301">
        <ele>121.0</ele>
      </trkpt>
      <trkpt lat="55.547707" lon="-2.862429">
        <ele>121.0</ele>
      </trkpt>
      <trkpt lat="55.547672" lon="-2.862511">
        <ele>121.0</ele>
      </trkpt>
      <trkpt lat="55.547626" lon="-2.862611">
        <ele>121.0</ele>
      </trkpt>
      <trkpt lat="55.547577" lon="-2.862709">
        <ele>120.8</ele>
      </trkpt>
      <trkpt lat="55.547523" lon="-2.862799">
        <ele>120.8</ele>
      </trkpt>
      <trkpt lat="55.54747" lon="-2.862885">
        <ele>120.8</ele>
      </trkpt>
      <trkpt lat="55.547413" lon="-2.862966">
        <ele>120.6</ele>
      </trkpt>
      <trkpt lat="55.547356" lon="-2.863041">
        <ele>120.6</ele>
      </trkpt>
      <trkpt lat="55.547295" lon="-2.863112">
        <ele>120.4</ele>
      </trkpt>
      <trkpt lat="55.547226" lon="-2.863195">
        <ele>120.4</ele>
      </trkpt>
      <trkpt lat="55.547173" lon="-2.863264">
        <ele>120.2</ele>
      </trkpt>
      <trkpt lat="55.547131" lon="-2.863319">
        <ele>120.2</ele>
      </trkpt>
      <trkpt lat="55.547085" lon="-2.863388">
        <ele>120.0</ele>
      </trkpt>
      <trkpt lat="55.547031" lon="-2.863465">
        <ele>120.0</ele>
      </trkpt>
      <trkpt lat="55.546974" lon="-2.863565">
        <ele>120.0</ele>
      </trkpt>
      <trkpt lat="55.546928" lon="-2.863653">
        <ele>119.8</ele>
      </trkpt>
      <trkpt lat="55.546883" lon="-2.86374">
        <ele>119.8</ele>
      </trkpt>
      <trkpt lat="55.546848" lon="-2.863811">
        <ele>119.8</ele>
      </trkpt>
      <trkpt lat="55.546806" lon="-2.863903">
        <ele>119.8</ele>
      </trkpt>
      <trkpt lat="55.546749" lon="-2.864013">
        <ele>119.6</ele>
      </trkpt>
      <trkpt lat="55.546703" lon="-2.864102">
        <ele>119.6</ele>
      </trkpt>
      <trkpt lat="55.546658" lon="-2.864197">
        <ele>119.6</ele>
      </trkpt>
      <trkpt lat="55.546616" lon="-2.864287">
        <ele>119.6</ele>
      </trkpt>
      <trkpt lat="55.546577" lon="-2.864355">
        <ele>119.6</ele>
      </trkpt>
      <trkpt lat="55.546524" lon="-2.864456">
        <ele>119.4</ele>
      </trkpt>
      <trkpt lat="55.546474" lon="-2.864535">
        <ele>119.4</ele>
      </trkpt>
      <trkpt lat="55.546425" lon="-2.864615">
        <ele>119.4</ele>
      </trkpt>
      <trkpt lat="55.546379" lon="-2.864699">
        <ele>119.4</ele>
      </trkpt>
      <trkpt lat="55.546341" lon="-2.864767">
        <ele>119.6</ele>
      </trkpt>
      <trkpt lat="55.546295" lon="-2.864849">
        <ele>119.6</ele>
      </trkpt>
      <trkpt lat="55.546253" lon="-2.864927">
        <ele>119.6</ele>
      </trkpt>
      <trkpt lat="55.5462" lon="-2.865023">
        <ele>119.6</ele>
      </trkpt>
      <trkpt lat="55.546154" lon="-2.865105">
        <ele>119.4</ele>
      </trkpt>
      <trkpt lat="55.546116" lon="-2.865168">
        <ele>119.4</ele>
      </trkpt>
      <trkpt lat="55.54607" lon="-2.865246">
        <ele>119.4</ele>
      </trkpt>
      <trkpt lat="55.546017" lon="-2.86534">
        <ele>119.4</ele>
      </trkpt>
      <trkpt lat="55.545971" lon="-2.865418">
        <ele>119.4</ele>
      </trkpt>
      <trkpt lat="55.545921" lon="-2.865494">
        <ele>119.4</ele>
      </trkpt>
      <trkpt lat="55.545883" lon="-2.865554">
        <ele>119.4</ele>
      </trkpt>
      <trkpt lat="55.545837" lon="-2.86563">
        <ele>119.6</ele>
      </trkpt>
      <trkpt lat="55.54578" lon="-2.865721">
        <ele>119.6</ele>
      </trkpt>
      <trkpt lat="55.545731" lon="-2.865797">
        <ele>119.6</ele>
      </trkpt>
      <trkpt lat="55.545681" lon="-2.865873">
        <ele>119.6</ele>
      </trkpt>
      <trkpt lat="55.545635" lon="-2.865949">
        <ele>119.6</ele>
      </trkpt>
      <trkpt lat="55.545589" lon="-2.866026">
        <ele>119.6</ele>
      </trkpt>
      <trkpt lat="55.545559" lon="-2.866072">
        <ele>119.6</ele>
      </trkpt>
      <trkpt lat="55.545509" lon="-2.866148">
        <ele>119.6</ele>
      </trkpt>
      <trkpt lat="55.545441" lon="-2.866254">
        <ele>119.6</ele>
      </trkpt>
      <trkpt lat="55.545391" lon="-2.86633">
        <ele>119.6</ele>
      </trkpt>
      <trkpt lat="55.545353" lon="-2.866392">
        <ele>119.6</ele>
      </trkpt>
      <trkpt lat="55.545307" lon="-2.866463">
        <ele>119.6</ele>
      </trkpt>
      <trkpt lat="55.545254" lon="-2.866552">
        <ele>119.6</ele>
      </trkpt>
      <trkpt lat="55.545204" lon="-2.866628">
        <ele>119.6</ele>
      </trkpt>
      <trkpt lat="55.545158" lon="-2.866703">
        <ele>119.8</ele>
      </trkpt>
      <trkpt lat="55.54512" lon="-2.866761">
        <ele>119.8</ele>
      </trkpt>
      <trkpt lat="55.545063" lon="-2.866852">
        <ele>119.8</ele>
      </trkpt>
      <trkpt lat="55.545017" lon="-2.866929">
        <ele>120.0</ele>
      </trkpt>
      <trkpt lat="55.544971" lon="-2.867006">
        <ele>120.0</ele>
      </trkpt>
      <trkpt lat="55.544922" lon="-2.867079">
        <ele>120.0</ele>
      </trkpt>
      <trkpt lat="55.544876" lon="-2.867154">
        <ele>120.0</ele>
      </trkpt>
      <trkpt lat="55.544838" lon="-2.867214">
        <ele>120.2</ele>
      </trkpt>
      <trkpt lat="55.544781" lon="-2.8673">
        <ele>120.2</ele>
      </trkpt>
      <trkpt lat="55.544731" lon="-2.867371">
        <ele>120.2</ele>
      </trkpt>
      <trkpt lat="55.544682" lon="-2.867444">
        <ele>120.4</ele>
      </trkpt>
      <trkpt lat="55.544632" lon="-2.867514">
        <ele>120.4</ele>
      </trkpt>
      <trkpt lat="55.544594" lon="-2.867569">
        <ele>120.6</ele>
      </trkpt>
      <trkpt lat="55.54454" lon="-2.867633">
        <ele>120.6</ele>
      </trkpt>
      <trkpt lat="55.544476" lon="-2.867711">
        <ele>120.6</ele>
      </trkpt>
      <trkpt lat="55.544426" lon="-2.867778">
        <ele>120.8</ele>
      </trkpt>
      <trkpt lat="55.544373" lon="-2.867842">
        <ele>120.8</ele>
      </trkpt>
      <trkpt lat="55.544331" lon="-2.867895">
        <ele>120.8</ele>
      </trkpt>
      <trkpt lat="55.54427" lon="-2.86797">
        <ele>120.8</ele>
      </trkpt>
      <trkpt lat="55.544216" lon="-2.868036">
        <ele>121.0</ele>
      </trkpt>
      <trkpt lat="55.544163" lon="-2.868102">
        <ele>121.0</ele>
      </trkpt>
      <trkpt lat="55.544113" lon="-2.868167">
        <ele>121.4</ele>
      </trkpt>
      <trkpt lat="55.544075" lon="-2.868221">
        <ele>121.6</ele>
      </trkpt>
      <trkpt lat="55.544018" lon="-2.868302">
        <ele>121.6</ele>
      </trkpt>
      <trkpt lat="55.543964" lon="-2.868371">
        <ele>121.6</ele>
      </trkpt>
      <trkpt lat="55.543919" lon="-2.868444">
        <ele>121.8</ele>
      </trkpt>
      <trkpt lat="55.543873" lon="-2.868524">
        <ele>121.8</ele>
      </trkpt>
      <trkpt lat="55.543827" lon="-2.868601">
        <ele>121.8</ele>
      </trkpt>
      <trkpt lat="55.543777" lon="-2.868679">
        <ele>122.0</ele>
      </trkpt>
      <trkpt lat="55.543728" lon="-2.868755">
        <ele>122.0</ele>
      </trkpt>
      <trkpt lat="55.543682" lon="-2.868835">
        <ele>122.2</ele>
      </trkpt>
      <trkpt lat="55.543636" lon="-2.868914">
        <ele>122.4</ele>
      </trkpt>
      <trkpt lat="55.543598" lon="-2.868974">
        <ele>122.4</ele>
      </trkpt>
      <trkpt lat="55.543537" lon="-2.869061">
        <ele>122.4</ele>
      </trkpt>
      <trkpt lat="55.543499" lon="-2.869119">
        <ele>122.4</ele>
      </trkpt>
      <trkpt lat="55.543442" lon="-2.869208">
        <ele>122.4</ele>
      </trkpt>
      <trkpt lat="55.5434" lon="-2.869285">
        <ele>122.4</ele>
      </trkpt>
      <trkpt lat="55.543354" lon="-2.869361">
        <ele>122.4</ele>
      </trkpt>
      <trkpt lat="55.54332" lon="-2.869421">
        <ele>122.4</ele>
      </trkpt>
      <trkpt lat="55.543274" lon="-2.869495">
        <ele>122.4</ele>
      </trkpt>
      <trkpt lat="55.543213" lon="-2.86958">
        <ele>122.4</ele>
      </trkpt>
      <trkpt lat="55.543159" lon="-2.869648">
        <ele>122.4</ele>
      </trkpt>
      <trkpt lat="55.543106" lon="-2.869714">
        <ele>122.4</ele>
      </trkpt>
      <trkpt lat="55.543053" lon="-2.869776">
        <ele>122.4</ele>
      </trkpt>
      <trkpt lat="55.543007" lon="-2.869823">
        <ele>122.4</ele>
      </trkpt>
      <trkpt lat="55.542942" lon="-2.869889">
        <ele>122.4</ele>
      </trkpt>
      <trkpt lat="55.542896" lon="-2.869931">
        <ele>122.4</ele>
      </trkpt>
      <trkpt lat="55.542828" lon="-2.869994">
        <ele>122.4</ele>
      </trkpt>
      <trkpt lat="55.54277" lon="-2.870047">
        <ele>122.6</ele>
      </trkpt>
      <trkpt lat="55.542725" lon="-2.87009">
        <ele>122.6</ele>
      </trkpt>
      <trkpt lat="55.542664" lon="-2.870144">
        <ele>122.8</ele>
      </trkpt>
      <trkpt lat="55.542599" lon="-2.870212">
        <ele>122.8</ele>
      </trkpt>
      <trkpt lat="55.542564" lon="-2.870245">
        <ele>122.8</ele>
      </trkpt>
      <trkpt lat="55.542507" lon="-2.870301">
        <ele>122.8</ele>
      </trkpt>
      <trkpt lat="55.542427" lon="-2.870378">
        <ele>122.8</ele>
      </trkpt>
      <trkpt lat="55.54237" lon="-2.870434">
        <ele>122.8</ele>
      </trkpt>
      <trkpt lat="55.542316" lon="-2.870488">
        <ele>122.8</ele>
      </trkpt>
      <trkpt lat="55.542259" lon="-2.870538">
        <ele>122.8</ele>
      </trkpt>
      <trkpt lat="55.542198" lon="-2.870588">
        <ele>122.8</ele>
      </trkpt>
      <trkpt lat="55.542141" lon="-2.870635">
        <ele>122.8</ele>
      </trkpt>
      <trkpt lat="55.542088" lon="-2.870683">
        <ele>122.8</ele>
      </trkpt>
      <trkpt lat="55.542034" lon="-2.87074">
        <ele>122.8</ele>
      </trkpt>
      <trkpt lat="55.541981" lon="-2.870802">
        <ele>122.8</ele>
      </trkpt>
      <trkpt lat="55.541935" lon="-2.870871">
        <ele>122.8</ele>
      </trkpt>
      <trkpt lat="55.541889" lon="-2.870951">
        <ele>122.8</ele>
      </trkpt>
      <trkpt lat="55.541851" lon="-2.871041">
        <ele>123.0</ele>
      </trkpt>
      <trkpt lat="55.541821" lon="-2.871119">
        <ele>123.0</ele>
      </trkpt>
      <trkpt lat="55.541775" lon="-2.871238">
        <ele>123.2</ele>
      </trkpt>
      <trkpt lat="55.54174" lon="-2.871338">
        <ele>123.2</ele>
      </trkpt>
      <trkpt lat="55.541702" lon="-2.871438">
        <ele>123.2</ele>
      </trkpt>
      <trkpt lat="55.54166" lon="-2.871533">
        <ele>123.4</ele>
      </trkpt>
      <trkpt lat="55.541622" lon="-2.871624">
        <ele>123.4</ele>
      </trkpt>
      <trkpt lat="55.541576" lon="-2.871709">
        <ele>123.4</ele>
      </trkpt>
      <trkpt lat="55.541534" lon="-2.871795">
        <ele>123.4</ele>
      </trkpt>
      <trkpt lat="55.541492" lon="-2.871884">
        <ele>123.4</ele>
      </trkpt>
      <trkpt lat="55.541447" lon="-2.871965">
        <ele>123.4</ele>
      </trkpt>
      <trkpt lat="55.541397" lon="-2.872042">
        <ele>123.4</ele>
      </trkpt>
      <trkpt lat="55.541344" lon="-2.872116">
        <ele>123.4</ele>
      </trkpt>
      <trkpt lat="55.541294" lon="-2.872187">
        <ele>123.6</ele>
      </trkpt>
      <trkpt lat="55.541248" lon="-2.872255">
        <ele>123.6</ele>
      </trkpt>
      <trkpt lat="55.54121" lon="-2.872307">
        <ele>123.6</ele>
      </trkpt>
      <trkpt lat="55.541149" lon="-2.872389">
        <ele>123.6</ele>
      </trkpt>
      <trkpt lat="55.5411" lon="-2.872457">
        <ele>123.6</ele>
      </trkpt>
      <trkpt lat="55.54105" lon="-2.872521">
        <ele>123.8</ele>
      </trkpt>
      <trkpt lat="55.541004" lon="-2.872587">
        <ele>123.8</ele>
      </trkpt>
      <trkpt lat="55.540966" lon="-2.872642">
        <ele>123.8</ele>
      </trkpt>
      <trkpt lat="55.540913" lon="-2.872731">
        <ele>124.0</ele>
      </trkpt>
      <trkpt lat="55.540874" lon="-2.872812">
        <ele>124.0</ele>
      </trkpt>
      <trkpt lat="55.54084" lon="-2.872902">
        <ele>123.8</ele>
      </trkpt>
      <trkpt lat="55.54081" lon="-2.873003">
        <ele>123.8</ele>
      </trkpt>
      <trkpt lat="55.540783" lon="-2.87311">
        <ele>124.0</ele>
      </trkpt>
      <trkpt lat="55.540771" lon="-2.873198">
        <ele>124.2</ele>
      </trkpt>
      <trkpt lat="55.540752" lon="-2.873332">
        <ele>124.2</ele>
      </trkpt>
      <trkpt lat="55.540745" lon="-2.873446">
        <ele>124.4</ele>
      </trkpt>
      <trkpt lat="55.540737" lon="-2.873561">
        <ele>124.4</ele>
      </trkpt>
      <trkpt lat="55.540733" lon="-2.873676">
        <ele>124.4</ele>
      </trkpt>
      <trkpt lat="55.540726" lon="-2.873792">
        <ele>124.4</ele>
      </trkpt>
      <trkpt lat="55.540722" lon="-2.873908">
        <ele>124.4</ele>
      </trkpt>
      <trkpt lat="55.540714" lon="-2.874024">
        <ele>124.4</ele>
      </trkpt>
      <trkpt lat="55.54071" lon="-2.87414">
        <ele>124.2</ele>
      </trkpt>
      <trkpt lat="55.540707" lon="-2.874252">
        <ele>124.2</ele>
      </trkpt>
      <trkpt lat="55.540703" lon="-2.874363">
        <ele>124.2</ele>
      </trkpt>
      <trkpt lat="55.540691" lon="-2.874476">
        <ele>124.0</ele>
      </trkpt>
      <trkpt lat="55.54068" lon="-2.874589">
        <ele>124.0</ele>
      </trkpt>
      <trkpt lat="55.540668" lon="-2.874699">
        <ele>124.0</ele>
      </trkpt>
      <trkpt lat="55.540657" lon="-2.874811">
        <ele>123.8</ele>
      </trkpt>
      <trkpt lat="55.540642" lon="-2.874901">
        <ele>123.8</ele>
      </trkpt>
      <trkpt lat="55.540623" lon="-2.875029">
        <ele>123.6</ele>
      </trkpt>
      <trkpt lat="55.540604" lon="-2.875133">
        <ele>123.6</ele>
      </trkpt>
      <trkpt lat="55.540577" lon="-2.875238">
        <ele>123.6</ele>
      </trkpt>
      <trkpt lat="55.540554" lon="-2.875342">
        <ele>123.6</ele>
      </trkpt>
      <trkpt lat="55.540535" lon="-2.875427">
        <ele>123.6</ele>
      </trkpt>
      <trkpt lat="55.540508" lon="-2.875532">
        <ele>123.6</ele>
      </trkpt>
      <trkpt lat="55.540474" lon="-2.875655">
        <ele>123.6</ele>
      </trkpt>
      <trkpt lat="55.540447" lon="-2.875757">
        <ele>123.6</ele>
      </trkpt>
      <trkpt lat="55.540417" lon="-2.875857">
        <ele>123.6</ele>
      </trkpt>
      <trkpt lat="55.540379" lon="-2.875953">
        <ele>123.6</ele>
      </trkpt>
      <trkpt lat="55.540344" lon="-2.876046">
        <ele>123.6</ele>
      </trkpt>
      <trkpt lat="55.540306" lon="-2.876141">
        <ele>123.6</ele>
      </trkpt>
      <trkpt lat="55.540272" lon="-2.876235">
        <ele>123.8</ele>
      </trkpt>
      <trkpt lat="55.540249" lon="-2.876289">
        <ele>123.8</ele>
      </trkpt>
      <trkpt lat="55.540211" lon="-2.87638">
        <ele>123.8</ele>
      </trkpt>
      <trkpt lat="55.540161" lon="-2.876505">
        <ele>124.0</ele>
      </trkpt>
      <trkpt lat="55.540123" lon="-2.876595">
        <ele>124.0</ele>
      </trkpt>
      <trkpt lat="55.540085" lon="-2.876686">
        <ele>124.0</ele>
      </trkpt>
      <trkpt lat="55.540051" lon="-2.876781">
        <ele>124.2</ele>
      </trkpt>
      <trkpt lat="55.540012" lon="-2.876873">
        <ele>124.2</ele>
      </trkpt>
      <trkpt lat="55.539986" lon="-2.876947">
        <ele>124.4</ele>
      </trkpt>
      <trkpt lat="55.539944" lon="-2.877063">
        <ele>124.4</ele>
      </trkpt>
      <trkpt lat="55.539913" lon="-2.877162">
        <ele>124.4</ele>
      </trkpt>
      <trkpt lat="55.539886" lon="-2.877266">
        <ele>124.6</ele>
      </trkpt>
      <trkpt lat="55.53986" lon="-2.87737">
        <ele>124.6</ele>
      </trkpt>
      <trkpt lat="55.539837" lon="-2.877476">
        <ele>124.6</ele>
      </trkpt>
      <trkpt lat="55.539814" lon="-2.877585">
        <ele>124.6</ele>
      </trkpt>
      <trkpt lat="55.539795" lon="-2.877693">
        <ele>124.6</ele>
      </trkpt>
      <trkpt lat="55.53978" lon="-2.8778">
        <ele>124.8</ele>
      </trkpt>
      <trkpt lat="55.539761" lon="-2.87791">
        <ele>124.8</ele>
      </trkpt>
      <trkpt lat="55.539742" lon="-2.878018">
        <ele>124.8</ele>
      </trkpt>
      <trkpt lat="55.539726" lon="-2.878126">
        <ele>124.8</ele>
      </trkpt>
      <trkpt lat="55.539711" lon="-2.878234">
        <ele>124.8</ele>
      </trkpt>
      <trkpt lat="55.539692" lon="-2.878344">
        <ele>124.8</ele>
      </trkpt>
      <trkpt lat="55.53968" lon="-2.878452">
        <ele>125.0</ele>
      </trkpt>
      <trkpt lat="55.539661" lon="-2.878559">
        <ele>125.0</ele>
      </trkpt>
      <trkpt lat="55.539646" lon="-2.878666">
        <ele>125.0</ele>
      </trkpt>
      <trkpt lat="55.539631" lon="-2.878777">
        <ele>125.0</ele>
      </trkpt>
      <trkpt lat="55.539616" lon="-2.878886">
        <ele>125.0</ele>
      </trkpt>
      <trkpt lat="55.5396" lon="-2.878995">
        <ele>125.0</ele>
      </trkpt>
      <trkpt lat="55.539585" lon="-2.879106">
        <ele>125.0</ele>
      </trkpt>
      <trkpt lat="55.539574" lon="-2.879215">
        <ele>125.0</ele>
      </trkpt>
      <trkpt lat="55.539566" lon="-2.879325">
        <ele>125.0</ele>
      </trkpt>
      <trkpt lat="55.539558" lon="-2.879436">
        <ele>125.0</ele>
      </trkpt>
      <trkpt lat="55.539558" lon="-2.879547">
        <ele>125.0</ele>
      </trkpt>
      <trkpt lat="55.539558" lon="-2.879658">
        <ele>125.0</ele>
      </trkpt>
      <trkpt lat="55.539562" lon="-2.879768">
        <ele>125.2</ele>
      </trkpt>
      <trkpt lat="55.539566" lon="-2.879877">
        <ele>125.2</ele>
      </trkpt>
      <trkpt lat="55.53957" lon="-2.879988">
        <ele>125.2</ele>
      </trkpt>
      <trkpt lat="55.539577" lon="-2.880096">
        <ele>125.6</ele>
      </trkpt>
      <trkpt lat="55.539585" lon="-2.880205">
        <ele>125.6</ele>
      </trkpt>
      <trkpt lat="55.539589" lon="-2.880315">
        <ele>125.8</ele>
      </trkpt>
      <trkpt lat="55.539593" lon="-2.880427">
        <ele>126.0</ele>
      </trkpt>
      <trkpt lat="55.5396" lon="-2.880538">
        <ele>126.4</ele>
      </trkpt>
      <trkpt lat="55.539604" lon="-2.880654">
        <ele>126.6</ele>
      </trkpt>
      <trkpt lat="55.539612" lon="-2.880769">
        <ele>126.6</ele>
      </trkpt>
      <trkpt lat="55.539616" lon="-2.880884">
        <ele>126.4</ele>
      </trkpt>
      <trkpt lat="55.539616" lon="-2.880996">
        <ele>126.4</ele>
      </trkpt>
      <trkpt lat="55.539616" lon="-2.881109">
        <ele>126.4</ele>
      </trkpt>
      <trkpt lat="55.539619" lon="-2.881219">
        <ele>126.4</ele>
      </trkpt>
      <trkpt lat="55.539623" lon="-2.881329">
        <ele>126.6</ele>
      </trkpt>
      <trkpt lat="55.539623" lon="-2.881441">
        <ele>126.8</ele>
      </trkpt>
      <trkpt lat="55.539623" lon="-2.881552">
        <ele>126.8</ele>
      </trkpt>
      <trkpt lat="55.539623" lon="-2.881666">
        <ele>126.8</ele>
      </trkpt>
      <trkpt lat="55.539623" lon="-2.88178">
        <ele>126.8</ele>
      </trkpt>
      <trkpt lat="55.539623" lon="-2.881893">
        <ele>126.6</ele>
      </trkpt>
      <trkpt lat="55.539623" lon="-2.882005">
        <ele>126.6</ele>
      </trkpt>
      <trkpt lat="55.539619" lon="-2.882118">
        <ele>126.6</ele>
      </trkpt>
      <trkpt lat="55.539619" lon="-2.882228">
        <ele>126.8</ele>
      </trkpt>
      <trkpt lat="55.539619" lon="-2.88234">
        <ele>126.8</ele>
      </trkpt>
      <trkpt lat="55.539616" lon="-2.882452">
        <ele>126.8</ele>
      </trkpt>
      <trkpt lat="55.539619" lon="-2.882566">
        <ele>126.8</ele>
      </trkpt>
      <trkpt lat="55.539616" lon="-2.882679">
        <ele>126.8</ele>
      </trkpt>
      <trkpt lat="55.539619" lon="-2.882796">
        <ele>126.8</ele>
      </trkpt>
      <trkpt lat="55.539616" lon="-2.882911">
        <ele>126.8</ele>
      </trkpt>
      <trkpt lat="55.539616" lon="-2.883024">
        <ele>127.0</ele>
      </trkpt>
      <trkpt lat="55.539612" lon="-2.883138">
        <ele>127.0</ele>
      </trkpt>
      <trkpt lat="55.539608" lon="-2.88325">
        <ele>127.2</ele>
      </trkpt>
      <trkpt lat="55.539608" lon="-2.883362">
        <ele>127.2</ele>
      </trkpt>
      <trkpt lat="55.539608" lon="-2.883476">
        <ele>127.2</ele>
      </trkpt>
      <trkpt lat="55.539604" lon="-2.88359">
        <ele>127.4</ele>
      </trkpt>
      <trkpt lat="55.539604" lon="-2.883701">
        <ele>127.4</ele>
      </trkpt>
      <trkpt lat="55.539604" lon="-2.883812">
        <ele>127.4</ele>
      </trkpt>
      <trkpt lat="55.5396" lon="-2.883926">
        <ele>127.4</ele>
      </trkpt>
      <trkpt lat="55.5396" lon="-2.884038">
        <ele>127.4</ele>
      </trkpt>
      <trkpt lat="55.539597" lon="-2.88415">
        <ele>127.6</ele>
      </trkpt>
      <trkpt lat="55.5396" lon="-2.884258">
        <ele>127.6</ele>
      </trkpt>
      <trkpt lat="55.539604" lon="-2.884369">
        <ele>128.0</ele>
      </trkpt>
      <trkpt lat="55.5396" lon="-2.884481">
        <ele>128.0</ele>
      </trkpt>
      <trkpt lat="55.539604" lon="-2.884594">
        <ele>128.6</ele>
      </trkpt>
      <trkpt lat="55.539608" lon="-2.884701">
        <ele>128.8</ele>
      </trkpt>
      <trkpt lat="55.539608" lon="-2.884809">
        <ele>128.8</ele>
      </trkpt>
      <trkpt lat="55.539608" lon="-2.884918">
        <ele>129.0</ele>
      </trkpt>
      <trkpt lat="55.539608" lon="-2.885029">
        <ele>129.0</ele>
      </trkpt>
      <trkpt lat="55.539608" lon="-2.885029">
        <ele>129.0</ele>
      </trkpt>
      <trkpt lat="55.539604" lon="-2.885209">
        <ele>129.0</ele>
      </trkpt>
      <trkpt lat="55.539604" lon="-2.88532">
        <ele>129.0</ele>
      </trkpt>
      <trkpt lat="55.539604" lon="-2.885476">
        <ele>129.0</ele>
      </trkpt>
      <trkpt lat="55.539597" lon="-2.885589">
        <ele>129.0</ele>
      </trkpt>
      <trkpt lat="55.539597" lon="-2.885703">
        <ele>129.0</ele>
      </trkpt>
      <trkpt lat="55.5396" lon="-2.885819">
        <ele>129.2</ele>
      </trkpt>
      <trkpt lat="55.539608" lon="-2.885932">
        <ele>129.4</ele>
      </trkpt>
      <trkpt lat="55.539616" lon="-2.886046">
        <ele>129.4</ele>
      </trkpt>
      <trkpt lat="55.539627" lon="-2.886163">
        <ele>129.6</ele>
      </trkpt>
      <trkpt lat="55.539642" lon="-2.886274">
        <ele>129.6</ele>
      </trkpt>
      <trkpt lat="55.539665" lon="-2.886379">
        <ele>129.6</ele>
      </trkpt>
      <trkpt lat="55.539688" lon="-2.886488">
        <ele>129.4</ele>
      </trkpt>
      <trkpt lat="55.539715" lon="-2.886589">
        <ele>129.6</ele>
      </trkpt>
      <trkpt lat="55.539742" lon="-2.886688">
        <ele>129.6</ele>
      </trkpt>
      <trkpt lat="55.539764" lon="-2.88679">
        <ele>129.8</ele>
      </trkpt>
      <trkpt lat="55.539787" lon="-2.886894">
        <ele>129.8</ele>
      </trkpt>
      <trkpt lat="55.539806" lon="-2.887005">
        <ele>130.0</ele>
      </trkpt>
      <trkpt lat="55.539822" lon="-2.887117">
        <ele>129.8</ele>
      </trkpt>
      <trkpt lat="55.539845" lon="-2.88722">
        <ele>130.0</ele>
      </trkpt>
      <trkpt lat="55.539867" lon="-2.887324">
        <ele>130.0</ele>
      </trkpt>
      <trkpt lat="55.539886" lon="-2.88743">
        <ele>130.0</ele>
      </trkpt>
      <trkpt lat="55.539909" lon="-2.887539">
        <ele>130.0</ele>
      </trkpt>
      <trkpt lat="55.539925" lon="-2.887652">
        <ele>130.0</ele>
      </trkpt>
      <trkpt lat="55.53994" lon="-2.887768">
        <ele>130.0</ele>
      </trkpt>
      <trkpt lat="55.539951" lon="-2.887883">
        <ele>130.2</ele>
      </trkpt>
      <trkpt lat="55.539963" lon="-2.888">
        <ele>130.2</ele>
      </trkpt>
      <trkpt lat="55.539963" lon="-2.888116">
        <ele>130.2</ele>
      </trkpt>
      <trkpt lat="55.539967" lon="-2.888228">
        <ele>130.4</ele>
      </trkpt>
      <trkpt lat="55.539967" lon="-2.88834">
        <ele>130.4</ele>
      </trkpt>
      <trkpt lat="55.539955" lon="-2.888457">
        <ele>130.4</ele>
      </trkpt>
      <trkpt lat="55.539955" lon="-2.888571">
        <ele>130.4</ele>
      </trkpt>
      <trkpt lat="55.539955" lon="-2.888682">
        <ele>130.4</ele>
      </trkpt>
      <trkpt lat="55.539951" lon="-2.888793">
        <ele>130.4</ele>
      </trkpt>
      <trkpt lat="55.539955" lon="-2.888898">
        <ele>130.4</ele>
      </trkpt>
      <trkpt lat="55.539959" lon="-2.889003">
        <ele>130.4</ele>
      </trkpt>
      <trkpt lat="55.539963" lon="-2.889115">
        <ele>130.4</ele>
      </trkpt>
      <trkpt lat="55.539963" lon="-2.88923">
        <ele>130.4</ele>
      </trkpt>
      <trkpt lat="55.53997" lon="-2.889344">
        <ele>130.6</ele>
      </trkpt>
      <trkpt lat="55.539974" lon="-2.889455">
        <ele>130.8</ele>
      </trkpt>
      <trkpt lat="55.539978" lon="-2.889567">
        <ele>131.0</ele>
      </trkpt>
      <trkpt lat="55.539982" lon="-2.88968">
        <ele>131.2</ele>
      </trkpt>
      <trkpt lat="55.539986" lon="-2.889792">
        <ele>131.4</ele>
      </trkpt>
      <trkpt lat="55.539989" lon="-2.889904">
        <ele>131.4</ele>
      </trkpt>
      <trkpt lat="55.539997" lon="-2.890017">
        <ele>131.6</ele>
      </trkpt>
      <trkpt lat="55.539997" lon="-2.890132">
        <ele>131.6</ele>
      </trkpt>
      <trkpt lat="55.540005" lon="-2.890244">
        <ele>131.6</ele>
      </trkpt>
      <trkpt lat="55.540016" lon="-2.890356">
        <ele>131.8</ele>
      </trkpt>
      <trkpt lat="55.54002" lon="-2.890471">
        <ele>131.8</ele>
      </trkpt>
      <trkpt lat="55.540024" lon="-2.890585">
        <ele>132.0</ele>
      </trkpt>
      <trkpt lat="55.540031" lon="-2.8907">
        <ele>132.0</ele>
      </trkpt>
      <trkpt lat="55.540039" lon="-2.890813">
        <ele>132.2</ele>
      </trkpt>
      <trkpt lat="55.540051" lon="-2.890922">
        <ele>132.2</ele>
      </trkpt>
      <trkpt lat="55.540066" lon="-2.891034">
        <ele>132.2</ele>
      </trkpt>
      <trkpt lat="55.540081" lon="-2.891149">
        <ele>132.4</ele>
      </trkpt>
      <trkpt lat="55.540092" lon="-2.891267">
        <ele>132.4</ele>
      </trkpt>
      <trkpt lat="55.540104" lon="-2.891384">
        <ele>132.6</ele>
      </trkpt>
      <trkpt lat="55.540112" lon="-2.891503">
        <ele>132.6</ele>
      </trkpt>
      <trkpt lat="55.540115" lon="-2.891628">
        <ele>132.6</ele>
      </trkpt>
      <trkpt lat="55.540115" lon="-2.891757">
        <ele>132.4</ele>
      </trkpt>
      <trkpt lat="55.540108" lon="-2.891886">
        <ele>132.4</ele>
      </trkpt>
      <trkpt lat="55.5401" lon="-2.892016">
        <ele>132.2</ele>
      </trkpt>
      <trkpt lat="55.540085" lon="-2.892144">
        <ele>132.2</ele>
      </trkpt>
      <trkpt lat="55.540066" lon="-2.892271">
        <ele>132.0</ele>
      </trkpt>
      <trkpt lat="55.540043" lon="-2.892394">
        <ele>132.0</ele>
      </trkpt>
      <trkpt lat="55.540024" lon="-2.892515">
        <ele>131.8</ele>
      </trkpt>
      <trkpt lat="55.540012" lon="-2.892629">
        <ele>131.8</ele>
      </trkpt>
      <trkpt lat="55.540001" lon="-2.892737">
        <ele>131.8</ele>
      </trkpt>
      <trkpt lat="55.539989" lon="-2.892843">
        <ele>131.6</ele>
      </trkpt>
      <trkpt lat="55.53997" lon="-2.892955">
        <ele>131.6</ele>
      </trkpt>
      <trkpt lat="55.539959" lon="-2.893064">
        <ele>131.6</ele>
      </trkpt>
      <trkpt lat="55.539948" lon="-2.893172">
        <ele>131.6</ele>
      </trkpt>
      <trkpt lat="55.539932" lon="-2.893285">
        <ele>131.4</ele>
      </trkpt>
      <trkpt lat="55.539917" lon="-2.893401">
        <ele>131.6</ele>
      </trkpt>
      <trkpt lat="55.539898" lon="-2.893513">
        <ele>131.6</ele>
      </trkpt>
      <trkpt lat="55.539886" lon="-2.893625">
        <ele>131.6</ele>
      </trkpt>
      <trkpt lat="55.539871" lon="-2.893737">
        <ele>131.6</ele>
      </trkpt>
      <trkpt lat="55.53986" lon="-2.893849">
        <ele>131.6</ele>
      </trkpt>
      <trkpt lat="55.539848" lon="-2.89396">
        <ele>131.6</ele>
      </trkpt>
      <trkpt lat="55.539833" lon="-2.894074">
        <ele>131.6</ele>
      </trkpt>
      <trkpt lat="55.539822" lon="-2.894191">
        <ele>131.6</ele>
      </trkpt>
      <trkpt lat="55.53981" lon="-2.894308">
        <ele>131.6</ele>
      </trkpt>
      <trkpt lat="55.539806" lon="-2.894423">
        <ele>131.6</ele>
      </trkpt>
      <trkpt lat="55.53981" lon="-2.894537">
        <ele>131.6</ele>
      </trkpt>
      <trkpt lat="55.539818" lon="-2.89465">
        <ele>131.6</ele>
      </trkpt>
      <trkpt lat="55.539825" lon="-2.894766">
        <ele>131.6</ele>
      </trkpt>
      <trkpt lat="55.539833" lon="-2.894881">
        <ele>131.8</ele>
      </trkpt>
      <trkpt lat="55.539848" lon="-2.894992">
        <ele>131.8</ele>
      </trkpt>
      <trkpt lat="55.539856" lon="-2.895104">
        <ele>131.8</ele>
      </trkpt>
      <trkpt lat="55.539867" lon="-2.895218">
        <ele>131.8</ele>
      </trkpt>
      <trkpt lat="55.539879" lon="-2.895331">
        <ele>131.8</ele>
      </trkpt>
      <trkpt lat="55.539906" lon="-2.895439">
        <ele>131.8</ele>
      </trkpt>
      <trkpt lat="55.539936" lon="-2.895542">
        <ele>131.8</ele>
      </trkpt>
      <trkpt lat="55.53997" lon="-2.895643">
        <ele>131.8</ele>
      </trkpt>
      <trkpt lat="55.540005" lon="-2.895748">
        <ele>132.0</ele>
      </trkpt>
      <trkpt lat="55.540035" lon="-2.895853">
        <ele>132.0</ele>
      </trkpt>
      <trkpt lat="55.54007" lon="-2.895958">
        <ele>132.0</ele>
      </trkpt>
      <trkpt lat="55.540096" lon="-2.896066">
        <ele>132.0</ele>
      </trkpt>
      <trkpt lat="55.540134" lon="-2.896169">
        <ele>132.2</ele>
      </trkpt>
      <trkpt lat="55.54018" lon="-2.896263">
        <ele>132.2</ele>
      </trkpt>
      <trkpt lat="55.540226" lon="-2.896353">
        <ele>132.4</ele>
      </trkpt>
      <trkpt lat="55.540264" lon="-2.896446">
        <ele>132.4</ele>
      </trkpt>
      <trkpt lat="55.540306" lon="-2.896537">
        <ele>132.4</ele>
      </trkpt>
      <trkpt lat="55.540348" lon="-2.896626">
        <ele>132.2</ele>
      </trkpt>
      <trkpt lat="55.540382" lon="-2.896719">
        <ele>132.2</ele>
      </trkpt>
      <trkpt lat="55.540421" lon="-2.896815">
        <ele>132.2</ele>
      </trkpt>
      <trkpt lat="55.54047" lon="-2.896908">
        <ele>132.2</ele>
      </trkpt>
      <trkpt lat="55.540535" lon="-2.89699">
        <ele>132.2</ele>
      </trkpt>
      <trkpt lat="55.540604" lon="-2.897062">
        <ele>132.2</ele>
      </trkpt>
      <trkpt lat="55.540657" lon="-2.897136">
        <ele>132.2</ele>
      </trkpt>
      <trkpt lat="55.54073" lon="-2.897211">
        <ele>132.2</ele>
      </trkpt>
      <trkpt lat="55.540794" lon="-2.897265">
        <ele>132.2</ele>
      </trkpt>
      <trkpt lat="55.540852" lon="-2.897326">
        <ele>132.2</ele>
      </trkpt>
      <trkpt lat="55.540916" lon="-2.897386">
        <ele>132.4</ele>
      </trkpt>
      <trkpt lat="55.540974" lon="-2.897448">
        <ele>132.4</ele>
      </trkpt>
      <trkpt lat="55.541042" lon="-2.897501">
        <ele>132.4</ele>
      </trkpt>
      <trkpt lat="55.541111" lon="-2.897548">
        <ele>132.4</ele>
      </trkpt>
      <trkpt lat="55.541176" lon="-2.897598">
        <ele>132.6</ele>
      </trkpt>
      <trkpt lat="55.541264" lon="-2.897644">
        <ele>132.8</ele>
      </trkpt>
      <trkpt lat="55.541348" lon="-2.897703">
        <ele>132.8</ele>
      </trkpt>
      <trkpt lat="55.541348" lon="-2.897703">
        <ele>132.8</ele>
      </trkpt>
      <trkpt lat="55.541447" lon="-2.897797">
        <ele>133.0</ele>
      </trkpt>
      <trkpt lat="55.541508" lon="-2.897845">
        <ele>133.0</ele>
      </trkpt>
      <trkpt lat="55.541569" lon="-2.897925">
        <ele>133.0</ele>
      </trkpt>
      <trkpt lat="55.541611" lon="-2.897992">
        <ele>133.2</ele>
      </trkpt>
      <trkpt lat="55.54166" lon="-2.89806">
        <ele>133.2</ele>
      </trkpt>
      <trkpt lat="55.541695" lon="-2.898126">
        <ele>133.2</ele>
      </trkpt>
      <trkpt lat="55.54174" lon="-2.898194">
        <ele>133.2</ele>
      </trkpt>
      <trkpt lat="55.541801" lon="-2.898255">
        <ele>133.2</ele>
      </trkpt>
      <trkpt lat="55.541862" lon="-2.898313">
        <ele>133.2</ele>
      </trkpt>
      <trkpt lat="55.541924" lon="-2.898371">
        <ele>133.6</ele>
      </trkpt>
      <trkpt lat="55.541981" lon="-2.89843">
        <ele>133.6</ele>
      </trkpt>
      <trkpt lat="55.54203" lon="-2.898494">
        <ele>133.6</ele>
      </trkpt>
      <trkpt lat="55.542072" lon="-2.89856">
        <ele>133.8</ele>
      </trkpt>
      <trkpt lat="55.54211" lon="-2.898624">
        <ele>133.8</ele>
      </trkpt>
      <trkpt lat="55.542152" lon="-2.898683">
        <ele>133.8</ele>
      </trkpt>
      <trkpt lat="55.542191" lon="-2.898737">
        <ele>133.8</ele>
      </trkpt>
      <trkpt lat="55.542229" lon="-2.898792">
        <ele>133.8</ele>
      </trkpt>
      <trkpt lat="55.542267" lon="-2.898847">
        <ele>133.8</ele>
      </trkpt>
      <trkpt lat="55.542313" lon="-2.898901">
        <ele>133.8</ele>
      </trkpt>
      <trkpt lat="55.542366" lon="-2.89895">
        <ele>133.8</ele>
      </trkpt>
      <trkpt lat="55.542423" lon="-2.898992">
        <ele>133.6</ele>
      </trkpt>
      <trkpt lat="55.54248" lon="-2.899031">
        <ele>133.6</ele>
      </trkpt>
      <trkpt lat="55.542534" lon="-2.899066">
        <ele>133.6</ele>
      </trkpt>
      <trkpt lat="55.54258" lon="-2.899106">
        <ele>133.4</ele>
      </trkpt>
      <trkpt lat="55.542629" lon="-2.899147">
        <ele>133.4</ele>
      </trkpt>
      <trkpt lat="55.542683" lon="-2.899185">
        <ele>133.6</ele>
      </trkpt>
      <trkpt lat="55.542732" lon="-2.899227">
        <ele>133.6</ele>
      </trkpt>
      <trkpt lat="55.542801" lon="-2.89927">
        <ele>133.8</ele>
      </trkpt>
      <trkpt lat="55.542854" lon="-2.899311">
        <ele>133.8</ele>
      </trkpt>
      <trkpt lat="55.542904" lon="-2.899347">
        <ele>134.2</ele>
      </trkpt>
      <trkpt lat="55.54295" lon="-2.899385">
        <ele>134.6</ele>
      </trkpt>
      <trkpt lat="55.542999" lon="-2.899422">
        <ele>134.6</ele>
      </trkpt>
      <trkpt lat="55.543056" lon="-2.899459">
        <ele>134.8</ele>
      </trkpt>
      <trkpt lat="55.543102" lon="-2.899502">
        <ele>135.0</ele>
      </trkpt>
      <trkpt lat="55.543144" lon="-2.899549">
        <ele>135.0</ele>
      </trkpt>
      <trkpt lat="55.543182" lon="-2.899588">
        <ele>135.4</ele>
      </trkpt>
      <trkpt lat="55.543232" lon="-2.899618">
        <ele>135.6</ele>
      </trkpt>
      <trkpt lat="55.543285" lon="-2.899644">
        <ele>135.8</ele>
      </trkpt>
      <trkpt lat="55.543343" lon="-2.89967">
        <ele>135.8</ele>
      </trkpt>
      <trkpt lat="55.543392" lon="-2.899698">
        <ele>136.2</ele>
      </trkpt>
      <trkpt lat="55.543446" lon="-2.899725">
        <ele>136.2</ele>
      </trkpt>
      <trkpt lat="55.543499" lon="-2.899757">
        <ele>136.6</ele>
      </trkpt>
      <trkpt lat="55.543552" lon="-2.899794">
        <ele>136.8</ele>
      </trkpt>
      <trkpt lat="55.543602" lon="-2.899836">
        <ele>137.0</ele>
      </trkpt>
      <trkpt lat="55.543648" lon="-2.899882">
        <ele>137.2</ele>
      </trkpt>
      <trkpt lat="55.543694" lon="-2.89994">
        <ele>137.2</ele>
      </trkpt>
      <trkpt lat="55.543728" lon="-2.900012">
        <ele>137.4</ele>
      </trkpt>
      <trkpt lat="55.543751" lon="-2.9001">
        <ele>137.4</ele>
      </trkpt>
      <trkpt lat="55.543755" lon="-2.900183">
        <ele>137.6</ele>
      </trkpt>
      <trkpt lat="55.543739" lon="-2.900273">
        <ele>137.8</ele>
      </trkpt>
      <trkpt lat="55.543709" lon="-2.900347">
        <ele>137.8</ele>
      </trkpt>
      <trkpt lat="55.543659" lon="-2.900401">
        <ele>138.0</ele>
      </trkpt>
      <trkpt lat="55.543606" lon="-2.900432">
        <ele>138.0</ele>
      </trkpt>
      <trkpt lat="55.543552" lon="-2.900466">
        <ele>138.4</ele>
      </trkpt>
      <trkpt lat="55.543503" lon="-2.900501">
        <ele>138.6</ele>
      </trkpt>
      <trkpt lat="55.543446" lon="-2.900535">
        <ele>138.6</ele>
      </trkpt>
      <trkpt lat="55.543392" lon="-2.900565">
        <ele>138.8</ele>
      </trkpt>
      <trkpt lat="55.543335" lon="-2.900591">
        <ele>139.0</ele>
      </trkpt>
      <trkpt lat="55.543285" lon="-2.900608">
        <ele>139.4</ele>
      </trkpt>
      <trkpt lat="55.543228" lon="-2.90062">
        <ele>139.6</ele>
      </trkpt>
      <trkpt lat="55.543209" lon="-2.900623">
        <ele>139.8</ele>
      </trkpt>
      <trkpt lat="55.543171" lon="-2.900634">
        <ele>140.0</ele>
      </trkpt>
      <trkpt lat="55.543125" lon="-2.900652">
        <ele>140.2</ele>
      </trkpt>
      <trkpt lat="55.543091" lon="-2.900666">
        <ele>140.6</ele>
      </trkpt>
      <trkpt lat="55.543056" lon="-2.900682">
        <ele>140.6</ele>
      </trkpt>
      <trkpt lat="55.543026" lon="-2.9007">
        <ele>141.0</ele>
      </trkpt>
      <trkpt lat="55.542992" lon="-2.900717">
        <ele>141.4</ele>
      </trkpt>
      <trkpt lat="55.54295" lon="-2.900736">
        <ele>141.8</ele>
      </trkpt>
      <trkpt lat="55.542908" lon="-2.900741">
        <ele>142.2</ele>
      </trkpt>
      <trkpt lat="55.542873" lon="-2.900736">
        <ele>142.4</ele>
      </trkpt>
      <trkpt lat="55.542835" lon="-2.900728">
        <ele>142.8</ele>
      </trkpt>
      <trkpt lat="55.542805" lon="-2.900711">
        <ele>143.0</ele>
      </trkpt>
      <trkpt lat="55.542774" lon="-2.900679">
        <ele>143.4</ele>
      </trkpt>
      <trkpt lat="55.542747" lon="-2.900633">
        <ele>143.6</ele>
      </trkpt>
      <trkpt lat="55.542721" lon="-2.900578">
        <ele>144.4</ele>
      </trkpt>
      <trkpt lat="55.542698" lon="-2.900527">
        <ele>144.8</ele>
      </trkpt>
      <trkpt lat="55.542671" lon="-2.900478">
        <ele>145.0</ele>
      </trkpt>
      <trkpt lat="55.542645" lon="-2.900428">
        <ele>145.6</ele>
      </trkpt>
      <trkpt lat="55.542614" lon="-2.900371">
        <ele>145.8</ele>
      </trkpt>
      <trkpt lat="55.542583" lon="-2.900313">
        <ele>146.0</ele>
      </trkpt>
      <trkpt lat="55.542542" lon="-2.900264">
        <ele>146.0</ele>
      </trkpt>
      <trkpt lat="55.542503" lon="-2.900223">
        <ele>146.2</ele>
      </trkpt>
      <trkpt lat="55.542461" lon="-2.900184">
        <ele>146.4</ele>
      </trkpt>
      <trkpt lat="55.542408" lon="-2.900148">
        <ele>146.6</ele>
      </trkpt>
      <trkpt lat="55.542351" lon="-2.900112">
        <ele>146.8</ele>
      </trkpt>
      <trkpt lat="55.542294" lon="-2.900072">
        <ele>146.8</ele>
      </trkpt>
      <trkpt lat="55.542236" lon="-2.900028">
        <ele>147.0</ele>
      </trkpt>
      <trkpt lat="55.542175" lon="-2.89998">
        <ele>147.2</ele>
      </trkpt>
      <trkpt lat="55.542114" lon="-2.899928">
        <ele>147.2</ele>
      </trkpt>
      <trkpt lat="55.542049" lon="-2.899877">
        <ele>147.2</ele>
      </trkpt>
      <trkpt lat="55.541988" lon="-2.899829">
        <ele>147.2</ele>
      </trkpt>
      <trkpt lat="55.541924" lon="-2.899779">
        <ele>147.4</ele>
      </trkpt>
      <trkpt lat="55.541862" lon="-2.899731">
        <ele>147.4</ele>
      </trkpt>
      <trkpt lat="55.541798" lon="-2.899679">
        <ele>147.4</ele>
      </trkpt>
      <trkpt lat="55.541733" lon="-2.899625">
        <ele>147.4</ele>
      </trkpt>
      <trkpt lat="55.541668" lon="-2.899571">
        <ele>147.2</ele>
      </trkpt>
      <trkpt lat="55.541607" lon="-2.899513">
        <ele>147.2</ele>
      </trkpt>
      <trkpt lat="55.541557" lon="-2.899465">
        <ele>147.2</ele>
      </trkpt>
      <trkpt lat="55.541485" lon="-2.899392">
        <ele>147.2</ele>
      </trkpt>
      <trkpt lat="55.541439" lon="-2.89934">
        <ele>147.2</ele>
      </trkpt>
      <trkpt lat="55.541382" lon="-2.899275">
        <ele>147.0</ele>
      </trkpt>
      <trkpt lat="55.541325" lon="-2.899208">
        <ele>147.0</ele>
      </trkpt>
      <trkpt lat="55.541252" lon="-2.899125">
        <ele>147.0</ele>
      </trkpt>
      <trkpt lat="55.541187" lon="-2.899048">
        <ele>147.0</ele>
      </trkpt>
      <trkpt lat="55.541119" lon="-2.89897">
        <ele>146.8</ele>
      </trkpt>
      <trkpt lat="55.54105" lon="-2.898889">
        <ele>146.8</ele>
      </trkpt>
      <trkpt lat="55.540985" lon="-2.898805">
        <ele>146.6</ele>
      </trkpt>
      <trkpt lat="55.54092" lon="-2.898721">
        <ele>146.4</ele>
      </trkpt>
      <trkpt lat="55.540855" lon="-2.898635">
        <ele>146.2</ele>
      </trkpt>
      <trkpt lat="55.540806" lon="-2.898562">
        <ele>146.0</ele>
      </trkpt>
      <trkpt lat="55.54073" lon="-2.89845">
        <ele>145.8</ele>
      </trkpt>
      <trkpt lat="55.540661" lon="-2.898357">
        <ele>145.6</ele>
      </trkpt>
      <trkpt lat="55.540592" lon="-2.898261">
        <ele>145.4</ele>
      </trkpt>
      <trkpt lat="55.54052" lon="-2.898165">
        <ele>145.0</ele>
      </trkpt>
      <trkpt lat="55.540447" lon="-2.898065">
        <ele>145.0</ele>
      </trkpt>
      <trkpt lat="55.540375" lon="-2.89796">
        <ele>144.8</ele>
      </trkpt>
      <trkpt lat="55.540298" lon="-2.897852">
        <ele>144.6</ele>
      </trkpt>
      <trkpt lat="55.540222" lon="-2.897744">
        <ele>144.4</ele>
      </trkpt>
      <trkpt lat="55.540134" lon="-2.897633">
        <ele>144.2</ele>
      </trkpt>
      <trkpt lat="55.540134" lon="-2.897633">
        <ele>144.0</ele>
      </trkpt>
      <trkpt lat="55.539989" lon="-2.89745">
        <ele>143.6</ele>
      </trkpt>
      <trkpt lat="55.539898" lon="-2.897332">
        <ele>143.2</ele>
      </trkpt>
      <trkpt lat="55.539761" lon="-2.897153">
        <ele>142.4</ele>
      </trkpt>
      <trkpt lat="55.539665" lon="-2.897016">
        <ele>142.0</ele>
      </trkpt>
      <trkpt lat="55.53957" lon="-2.896879">
        <ele>141.0</ele>
      </trkpt>
      <trkpt lat="55.539471" lon="-2.896741">
        <ele>140.4</ele>
      </trkpt>
      <trkpt lat="55.539375" lon="-2.896604">
        <ele>140.0</ele>
      </trkpt>
      <trkpt lat="55.539276" lon="-2.89647">
        <ele>139.4</ele>
      </trkpt>
      <trkpt lat="55.539185" lon="-2.896333">
        <ele>139.2</ele>
      </trkpt>
      <trkpt lat="55.539093" lon="-2.896198">
        <ele>138.6</ele>
      </trkpt>
      <trkpt lat="55.539005" lon="-2.89607">
        <ele>138.2</ele>
      </trkpt>
      <trkpt lat="55.538921" lon="-2.895948">
        <ele>137.4</ele>
      </trkpt>
      <trkpt lat="55.538837" lon="-2.895829">
        <ele>136.6</ele>
      </trkpt>
      <trkpt lat="55.538757" lon="-2.895715">
        <ele>136.2</ele>
      </trkpt>
      <trkpt lat="55.538681" lon="-2.895604">
        <ele>135.8</ele>
      </trkpt>
      <trkpt lat="55.538605" lon="-2.895495">
        <ele>135.4</ele>
      </trkpt>
      <trkpt lat="55.538528" lon="-2.89539">
        <ele>135.2</ele>
      </trkpt>
      <trkpt lat="55.538456" lon="-2.895285">
        <ele>135.0</ele>
      </trkpt>
      <trkpt lat="55.53838" lon="-2.895179">
        <ele>134.8</ele>
      </trkpt>
      <trkpt lat="55.538311" lon="-2.895071">
        <ele>134.8</ele>
      </trkpt>
      <trkpt lat="55.538239" lon="-2.894966">
        <ele>134.8</ele>
      </trkpt>
      <trkpt lat="55.538166" lon="-2.89486">
        <ele>134.6</ele>
      </trkpt>
      <trkpt lat="55.538094" lon="-2.894755">
        <ele>134.6</ele>
      </trkpt>
      <trkpt lat="55.538025" lon="-2.894651">
        <ele>134.6</ele>
      </trkpt>
      <trkpt lat="55.537952" lon="-2.894549">
        <ele>134.6</ele>
      </trkpt>
      <trkpt lat="55.537884" lon="-2.894448">
        <ele>134.6</ele>
      </trkpt>
      <trkpt lat="55.537815" lon="-2.894349">
        <ele>134.4</ele>
      </trkpt>
      <trkpt lat="55.537746" lon="-2.894256">
        <ele>134.4</ele>
      </trkpt>
      <trkpt lat="55.537678" lon="-2.894162">
        <ele>134.2</ele>
      </trkpt>
      <trkpt lat="55.537628" lon="-2.894088">
        <ele>134.0</ele>
      </trkpt>
      <trkpt lat="55.537556" lon="-2.893981">
        <ele>134.0</ele>
      </trkpt>
      <trkpt lat="55.537506" lon="-2.893913">
        <ele>134.0</ele>
      </trkpt>
      <trkpt lat="55.537441" lon="-2.893826">
        <ele>134.0</ele>
      </trkpt>
      <trkpt lat="55.537369" lon="-2.893725">
        <ele>133.8</ele>
      </trkpt>
      <trkpt lat="55.537308" lon="-2.893636">
        <ele>133.8</ele>
      </trkpt>
      <trkpt lat="55.537247" lon="-2.893546">
        <ele>133.6</ele>
      </trkpt>
      <trkpt lat="55.537182" lon="-2.893458">
        <ele>133.6</ele>
      </trkpt>
      <trkpt lat="55.537121" lon="-2.893372">
        <ele>133.6</ele>
      </trkpt>
      <trkpt lat="55.537071" lon="-2.893302">
        <ele>133.4</ele>
      </trkpt>
      <trkpt lat="55.536999" lon="-2.893197">
        <ele>133.4</ele>
      </trkpt>
      <trkpt lat="55.536938" lon="-2.893109">
        <ele>133.4</ele>
      </trkpt>
      <trkpt lat="55.536877" lon="-2.893018">
        <ele>133.4</ele>
      </trkpt>
      <trkpt lat="55.536816" lon="-2.892931">
        <ele>133.2</ele>
      </trkpt>
      <trkpt lat="55.53677" lon="-2.892866">
        <ele>133.2</ele>
      </trkpt>
      <trkpt lat="55.536713" lon="-2.89279">
        <ele>133.2</ele>
      </trkpt>
      <trkpt lat="55.536644" lon="-2.892698">
        <ele>133.2</ele>
      </trkpt>
      <trkpt lat="55.536583" lon="-2.892615">
        <ele>133.2</ele>
      </trkpt>
      <trkpt lat="55.536537" lon="-2.892548">
        <ele>133.0</ele>
      </trkpt>
      <trkpt lat="55.536465" lon="-2.892451">
        <ele>133.0</ele>
      </trkpt>
      <trkpt lat="55.536404" lon="-2.89237">
        <ele>132.8</ele>
      </trkpt>
      <trkpt lat="55.536346" lon="-2.892287">
        <ele>132.8</ele>
      </trkpt>
      <trkpt lat="55.536285" lon="-2.892204">
        <ele>132.8</ele>
      </trkpt>
      <trkpt lat="55.536228" lon="-2.892119">
        <ele>132.8</ele>
      </trkpt>
      <trkpt lat="55.536171" lon="-2.89203">
        <ele>132.8</ele>
      </trkpt>
      <trkpt lat="55.53611" lon="-2.891943">
        <ele>132.6</ele>
      </trkpt>
      <trkpt lat="55.536049" lon="-2.891858">
        <ele>132.6</ele>
      </trkpt>
      <trkpt lat="55.535988" lon="-2.891772">
        <ele>132.6</ele>
      </trkpt>
      <trkpt lat="55.535927" lon="-2.891686">
        <ele>132.6</ele>
      </trkpt>
      <trkpt lat="55.53587" lon="-2.891603">
        <ele>132.6</ele>
      </trkpt>
      <trkpt lat="55.535812" lon="-2.891517">
        <ele>132.6</ele>
      </trkpt>
      <trkpt lat="55.535755" lon="-2.891424">
        <ele>132.4</ele>
      </trkpt>
      <trkpt lat="55.535702" lon="-2.89133">
        <ele>132.2</ele>
      </trkpt>
      <trkpt lat="55.535652" lon="-2.89123">
        <ele>132.2</ele>
      </trkpt>
      <trkpt lat="55.535606" lon="-2.89113">
        <ele>132.2</ele>
      </trkpt>
      <trkpt lat="55.535557" lon="-2.891025">
        <ele>132.2</ele>
      </trkpt>
      <trkpt lat="55.535519" lon="-2.890938">
        <ele>132.0</ele>
      </trkpt>
      <trkpt lat="55.535461" lon="-2.89081">
        <ele>132.0</ele>
      </trkpt>
      <trkpt lat="55.535416" lon="-2.8907">
        <ele>132.0</ele>
      </trkpt>
      <trkpt lat="55.535366" lon="-2.890586">
        <ele>132.0</ele>
      </trkpt>
      <trkpt lat="55.535316" lon="-2.890471">
        <ele>132.0</ele>
      </trkpt>
      <trkpt lat="55.535271" lon="-2.890356">
        <ele>131.8</ele>
      </trkpt>
      <trkpt lat="55.535221" lon="-2.890249">
        <ele>131.8</ele>
      </trkpt>
      <trkpt lat="55.535179" lon="-2.890146">
        <ele>131.8</ele>
      </trkpt>
      <trkpt lat="55.53513" lon="-2.890043">
        <ele>131.4</ele>
      </trkpt>
      <trkpt lat="55.535084" lon="-2.88994">
        <ele>131.4</ele>
      </trkpt>
      <trkpt lat="55.535034" lon="-2.889839">
        <ele>131.2</ele>
      </trkpt>
      <trkpt lat="55.534988" lon="-2.88974">
        <ele>131.0</ele>
      </trkpt>
      <trkpt lat="55.534946" lon="-2.889644">
        <ele>131.0</ele>
      </trkpt>
      <trkpt lat="55.534904" lon="-2.889552">
        <ele>130.8</ele>
      </trkpt>
      <trkpt lat="55.534863" lon="-2.889464">
        <ele>130.8</ele>
      </trkpt>
      <trkpt lat="55.534817" lon="-2.889379">
        <ele>130.6</ele>
      </trkpt>
      <trkpt lat="55.534767" lon="-2.889296">
        <ele>130.6</ele>
      </trkpt>
      <trkpt lat="55.534714" lon="-2.88923">
        <ele>130.6</ele>
      </trkpt>
      <trkpt lat="55.534645" lon="-2.889203">
        <ele>130.4</ele>
      </trkpt>
      <trkpt lat="55.534576" lon="-2.889215">
        <ele>130.4</ele>
      </trkpt>
      <trkpt lat="55.534515" lon="-2.889255">
        <ele>130.4</ele>
      </trkpt>
      <trkpt lat="55.534458" lon="-2.88931">
        <ele>130.2</ele>
      </trkpt>
      <trkpt lat="55.534397" lon="-2.889368">
        <ele>130.2</ele>
      </trkpt>
      <trkpt lat="55.53434" lon="-2.889428">
        <ele>130.2</ele>
      </trkpt>
      <trkpt lat="55.53434" lon="-2.889428">
        <ele>130.2</ele>
      </trkpt>
      <trkpt lat="55.534241" lon="-2.889529">
        <ele>130.2</ele>
      </trkpt>
      <trkpt lat="55.534199" lon="-2.889581">
        <ele>130.2</ele>
      </trkpt>
      <trkpt lat="55.534103" lon="-2.889672">
        <ele>130.2</ele>
      </trkpt>
      <trkpt lat="55.534054" lon="-2.889716">
        <ele>130.2</ele>
      </trkpt>
      <trkpt lat="55.533985" lon="-2.889792">
        <ele>130.2</ele>
      </trkpt>
      <trkpt lat="55.533928" lon="-2.889856">
        <ele>130.4</ele>
      </trkpt>
      <trkpt lat="55.533871" lon="-2.88991">
        <ele>130.4</ele>
      </trkpt>
      <trkpt lat="55.53381" lon="-2.889963">
        <ele>130.2</ele>
      </trkpt>
      <trkpt lat="55.533756" lon="-2.890022">
        <ele>130.2</ele>
      </trkpt>
      <trkpt lat="55.533695" lon="-2.890081">
        <ele>130.2</ele>
      </trkpt>
      <trkpt lat="55.533638" lon="-2.890141">
        <ele>130.4</ele>
      </trkpt>
      <trkpt lat="55.533585" lon="-2.8902">
        <ele>130.4</ele>
      </trkpt>
      <trkpt lat="55.533539" lon="-2.890243">
        <ele>130.4</ele>
      </trkpt>
      <trkpt lat="55.533474" lon="-2.89031">
        <ele>130.4</ele>
      </trkpt>
      <trkpt lat="55.533421" lon="-2.890366">
        <ele>130.2</ele>
      </trkpt>
      <trkpt lat="55.533367" lon="-2.890424">
        <ele>130.2</ele>
      </trkpt>
      <trkpt lat="55.533321" lon="-2.890469">
        <ele>130.2</ele>
      </trkpt>
      <trkpt lat="55.533253" lon="-2.890536">
        <ele>130.4</ele>
      </trkpt>
      <trkpt lat="55.533199" lon="-2.890592">
        <ele>130.4</ele>
      </trkpt>
      <trkpt lat="55.533142" lon="-2.89065">
        <ele>130.4</ele>
      </trkpt>
      <trkpt lat="55.533089" lon="-2.890707">
        <ele>130.4</ele>
      </trkpt>
      <trkpt lat="55.533035" lon="-2.890762">
        <ele>130.6</ele>
      </trkpt>
      <trkpt lat="55.532978" lon="-2.890812">
        <ele>130.6</ele>
      </trkpt>
      <trkpt lat="55.532921" lon="-2.890858">
        <ele>130.8</ele>
      </trkpt>
      <trkpt lat="55.53286" lon="-2.890885">
        <ele>130.8</ele>
      </trkpt>
      <trkpt lat="55.532795" lon="-2.890892">
        <ele>131.0</ele>
      </trkpt>
      <trkpt lat="55.53273" lon="-2.890878">
        <ele>131.0</ele>
      </trkpt>
      <trkpt lat="55.532665" lon="-2.890853">
        <ele>131.2</ele>
      </trkpt>
      <trkpt lat="55.532597" lon="-2.890838">
        <ele>131.2</ele>
      </trkpt>
      <trkpt lat="55.532528" lon="-2.890855">
        <ele>131.2</ele>
      </trkpt>
      <trkpt lat="55.532463" lon="-2.890904">
        <ele>131.2</ele>
      </trkpt>
      <trkpt lat="55.53241" lon="-2.890974">
        <ele>131.0</ele>
      </trkpt>
      <trkpt lat="55.53236" lon="-2.891053">
        <ele>130.8</ele>
      </trkpt>
      <trkpt lat="55.532314" lon="-2.891137">
        <ele>130.8</ele>
      </trkpt>
      <trkpt lat="55.53228" lon="-2.891207">
        <ele>130.8</ele>
      </trkpt>
      <trkpt lat="55.53223" lon="-2.891313">
        <ele>130.6</ele>
      </trkpt>
      <trkpt lat="55.532192" lon="-2.891404">
        <ele>130.6</ele>
      </trkpt>
      <trkpt lat="55.532158" lon="-2.891495">
        <ele>130.4</ele>
      </trkpt>
      <trkpt lat="55.532124" lon="-2.891588">
        <ele>130.4</ele>
      </trkpt>
      <trkpt lat="55.532085" lon="-2.89168">
        <ele>130.4</ele>
      </trkpt>
      <trkpt lat="55.532051" lon="-2.891773">
        <ele>130.2</ele>
      </trkpt>
      <trkpt lat="55.532021" lon="-2.891869">
        <ele>130.2</ele>
      </trkpt>
      <trkpt lat="55.531986" lon="-2.891967">
        <ele>130.2</ele>
      </trkpt>
      <trkpt lat="55.531956" lon="-2.892064">
        <ele>130.2</ele>
      </trkpt>
      <trkpt lat="55.531925" lon="-2.892162">
        <ele>130.4</ele>
      </trkpt>
      <trkpt lat="55.531891" lon="-2.892262">
        <ele>130.4</ele>
      </trkpt>
      <trkpt lat="55.53186" lon="-2.892363">
        <ele>130.4</ele>
      </trkpt>
      <trkpt lat="55.531834" lon="-2.892445">
        <ele>130.4</ele>
      </trkpt>
      <trkpt lat="55.531799" lon="-2.892567">
        <ele>130.4</ele>
      </trkpt>
      <trkpt lat="55.531773" lon="-2.892668">
        <ele>130.4</ele>
      </trkpt>
      <trkpt lat="55.531746" lon="-2.89277">
        <ele>130.4</ele>
      </trkpt>
      <trkpt lat="55.531719" lon="-2.892871">
        <ele>130.4</ele>
      </trkpt>
      <trkpt lat="55.531693" lon="-2.892976">
        <ele>130.4</ele>
      </trkpt>
      <trkpt lat="55.531666" lon="-2.893085">
        <ele>130.4</ele>
      </trkpt>
      <trkpt lat="55.531639" lon="-2.893194">
        <ele>130.4</ele>
      </trkpt>
      <trkpt lat="55.531609" lon="-2.893299">
        <ele>130.4</ele>
      </trkpt>
      <trkpt lat="55.531582" lon="-2.8934">
        <ele>130.6</ele>
      </trkpt>
      <trkpt lat="55.531548" lon="-2.893498">
        <ele>130.6</ele>
      </trkpt>
      <trkpt lat="55.531517" lon="-2.893594">
        <ele>130.6</ele>
      </trkpt>
      <trkpt lat="55.531487" lon="-2.893691">
        <ele>130.8</ele>
      </trkpt>
      <trkpt lat="55.531471" lon="-2.89375">
        <ele>130.8</ele>
      </trkpt>
      <trkpt lat="55.531441" lon="-2.893848">
        <ele>131.0</ele>
      </trkpt>
      <trkpt lat="55.531406" lon="-2.893943">
        <ele>131.2</ele>
      </trkpt>
      <trkpt lat="55.531364" lon="-2.894076">
        <ele>131.2</ele>
      </trkpt>
      <trkpt lat="55.531334" lon="-2.894174">
        <ele>131.0</ele>
      </trkpt>
      <trkpt lat="55.531311" lon="-2.894255">
        <ele>131.2</ele>
      </trkpt>
      <trkpt lat="55.531281" lon="-2.894358">
        <ele>131.4</ele>
      </trkpt>
      <trkpt lat="55.531239" lon="-2.894475">
        <ele>131.2</ele>
      </trkpt>
      <trkpt lat="55.531208" lon="-2.894569">
        <ele>131.2</ele>
      </trkpt>
      <trkpt lat="55.531174" lon="-2.894664">
        <ele>131.2</ele>
      </trkpt>
      <trkpt lat="55.531143" lon="-2.894761">
        <ele>131.2</ele>
      </trkpt>
      <trkpt lat="55.531113" lon="-2.89486">
        <ele>131.2</ele>
      </trkpt>
      <trkpt lat="55.531082" lon="-2.89496">
        <ele>131.4</ele>
      </trkpt>
      <trkpt lat="55.531044" lon="-2.895055">
        <ele>131.4</ele>
      </trkpt>
      <trkpt lat="55.531021" lon="-2.895132">
        <ele>131.4</ele>
      </trkpt>
      <trkpt lat="55.530983" lon="-2.895246">
        <ele>131.4</ele>
      </trkpt>
      <trkpt lat="55.530952" lon="-2.895343">
        <ele>131.6</ele>
      </trkpt>
      <trkpt lat="55.530926" lon="-2.895446">
        <ele>131.6</ele>
      </trkpt>
      <trkpt lat="55.530895" lon="-2.895551">
        <ele>131.6</ele>
      </trkpt>
      <trkpt lat="55.530872" lon="-2.895655">
        <ele>131.6</ele>
      </trkpt>
      <trkpt lat="55.530849" lon="-2.89576">
        <ele>131.6</ele>
      </trkpt>
      <trkpt lat="55.530834" lon="-2.895866">
        <ele>131.6</ele>
      </trkpt>
      <trkpt lat="55.530819" lon="-2.895975">
        <ele>131.8</ele>
      </trkpt>
      <trkpt lat="55.530811" lon="-2.896062">
        <ele>131.6</ele>
      </trkpt>
      <trkpt lat="55.530796" lon="-2.896194">
        <ele>131.6</ele>
      </trkpt>
      <trkpt lat="55.530788" lon="-2.896304">
        <ele>131.6</ele>
      </trkpt>
      <trkpt lat="55.530781" lon="-2.896413">
        <ele>131.6</ele>
      </trkpt>
      <trkpt lat="55.530773" lon="-2.896523">
        <ele>131.6</ele>
      </trkpt>
      <trkpt lat="55.530769" lon="-2.896635">
        <ele>131.6</ele>
      </trkpt>
      <trkpt lat="55.530762" lon="-2.896748">
        <ele>131.6</ele>
      </trkpt>
      <trkpt lat="55.530758" lon="-2.89686">
        <ele>131.6</ele>
      </trkpt>
      <trkpt lat="55.530762" lon="-2.89697">
        <ele>131.6</ele>
      </trkpt>
      <trkpt lat="55.530766" lon="-2.897057">
        <ele>131.6</ele>
      </trkpt>
      <trkpt lat="55.530777" lon="-2.897182">
        <ele>131.6</ele>
      </trkpt>
      <trkpt lat="55.530792" lon="-2.897283">
        <ele>131.6</ele>
      </trkpt>
      <trkpt lat="55.530807" lon="-2.897385">
        <ele>131.4</ele>
      </trkpt>
      <trkpt lat="55.530827" lon="-2.897488">
        <ele>131.4</ele>
      </trkpt>
      <trkpt lat="55.530849" lon="-2.897593">
        <ele>131.2</ele>
      </trkpt>
      <trkpt lat="55.530876" lon="-2.897698">
        <ele>131.2</ele>
      </trkpt>
      <trkpt lat="55.530907" lon="-2.897799">
        <ele>131.2</ele>
      </trkpt>
      <trkpt lat="55.530933" lon="-2.897904">
        <ele>131.2</ele>
      </trkpt>
      <trkpt lat="55.530956" lon="-2.898005">
        <ele>131.4</ele>
      </trkpt>
      <trkpt lat="55.530975" lon="-2.898109">
        <ele>131.4</ele>
      </trkpt>
      <trkpt lat="55.530994" lon="-2.898218">
        <ele>131.4</ele>
      </trkpt>
      <trkpt lat="55.530998" lon="-2.898331">
        <ele>131.4</ele>
      </trkpt>
      <trkpt lat="55.530998" lon="-2.898436">
        <ele>131.4</ele>
      </trkpt>
      <trkpt lat="55.530987" lon="-2.898538">
        <ele>131.4</ele>
      </trkpt>
      <trkpt lat="55.530968" lon="-2.898635">
        <ele>131.4</ele>
      </trkpt>
      <trkpt lat="55.530937" lon="-2.89873">
        <ele>131.6</ele>
      </trkpt>
      <trkpt lat="55.530907" lon="-2.898823">
        <ele>131.6</ele>
      </trkpt>
      <trkpt lat="55.530872" lon="-2.898918">
        <ele>131.8</ele>
      </trkpt>
      <trkpt lat="55.530838" lon="-2.899013">
        <ele>132.2</ele>
      </trkpt>
      <trkpt lat="55.5308" lon="-2.899108">
        <ele>132.2</ele>
      </trkpt>
      <trkpt lat="55.530766" lon="-2.8992">
        <ele>132.4</ele>
      </trkpt>
      <trkpt lat="55.530731" lon="-2.899293">
        <ele>132.6</ele>
      </trkpt>
      <trkpt lat="55.530693" lon="-2.899388">
        <ele>132.6</ele>
      </trkpt>
      <trkpt lat="55.530659" lon="-2.899487">
        <ele>132.8</ele>
      </trkpt>
      <trkpt lat="55.530621" lon="-2.899585">
        <ele>132.8</ele>
      </trkpt>
      <trkpt lat="55.530586" lon="-2.899683">
        <ele>133.0</ele>
      </trkpt>
      <trkpt lat="55.530586" lon="-2.899683">
        <ele>133.2</ele>
      </trkpt>
      <trkpt lat="55.530529" lon="-2.899835">
        <ele>133.2</ele>
      </trkpt>
      <trkpt lat="55.530502" lon="-2.899908">
        <ele>133.4</ele>
      </trkpt>
      <trkpt lat="55.530445" lon="-2.900059">
        <ele>133.6</ele>
      </trkpt>
      <trkpt lat="55.530415" lon="-2.900135">
        <ele>133.8</ele>
      </trkpt>
      <trkpt lat="55.53038" lon="-2.90023">
        <ele>133.8</ele>
      </trkpt>
      <trkpt lat="55.530338" lon="-2.900344">
        <ele>134.0</ele>
      </trkpt>
      <trkpt lat="55.530304" lon="-2.90044">
        <ele>134.2</ele>
      </trkpt>
      <trkpt lat="55.53027" lon="-2.900534">
        <ele>134.2</ele>
      </trkpt>
      <trkpt lat="55.530235" lon="-2.900629">
        <ele>134.4</ele>
      </trkpt>
      <trkpt lat="55.530205" lon="-2.900729">
        <ele>134.4</ele>
      </trkpt>
      <trkpt lat="55.530178" lon="-2.900834">
        <ele>134.4</ele>
      </trkpt>
      <trkpt lat="55.530167" lon="-2.900942">
        <ele>134.4</ele>
      </trkpt>
      <trkpt lat="55.530163" lon="-2.901052">
        <ele>134.6</ele>
      </trkpt>
      <trkpt lat="55.530167" lon="-2.901159">
        <ele>134.6</ele>
      </trkpt>
      <trkpt lat="55.53017" lon="-2.901265">
        <ele>134.6</ele>
      </trkpt>
      <trkpt lat="55.530174" lon="-2.901371">
        <ele>134.8</ele>
      </trkpt>
      <trkpt lat="55.530178" lon="-2.901479">
        <ele>134.8</ele>
      </trkpt>
      <trkpt lat="55.530186" lon="-2.901586">
        <ele>135.0</ele>
      </trkpt>
      <trkpt lat="55.530197" lon="-2.901694">
        <ele>135.0</ele>
      </trkpt>
      <trkpt lat="55.530212" lon="-2.901804">
        <ele>135.0</ele>
      </trkpt>
      <trkpt lat="55.530228" lon="-2.901911">
        <ele>135.2</ele>
      </trkpt>
      <trkpt lat="55.530251" lon="-2.902018">
        <ele>135.2</ele>
      </trkpt>
      <trkpt lat="55.53027" lon="-2.90213">
        <ele>135.2</ele>
      </trkpt>
      <trkpt lat="55.530285" lon="-2.902237">
        <ele>135.2</ele>
      </trkpt>
      <trkpt lat="55.530296" lon="-2.902349">
        <ele>135.4</ele>
      </trkpt>
      <trkpt lat="55.530308" lon="-2.902455">
        <ele>135.4</ele>
      </trkpt>
      <trkpt lat="55.530323" lon="-2.902568">
        <ele>135.4</ele>
      </trkpt>
      <trkpt lat="55.530334" lon="-2.90268">
        <ele>135.6</ele>
      </trkpt>
      <trkpt lat="55.53035" lon="-2.902786">
        <ele>135.6</ele>
      </trkpt>
      <trkpt lat="55.530369" lon="-2.902891">
        <ele>135.6</ele>
      </trkpt>
      <trkpt lat="55.530392" lon="-2.902996">
        <ele>135.8</ele>
      </trkpt>
      <trkpt lat="55.530411" lon="-2.903089">
        <ele>135.8</ele>
      </trkpt>
      <trkpt lat="55.53043" lon="-2.903218">
        <ele>135.8</ele>
      </trkpt>
      <trkpt lat="55.530441" lon="-2.903326">
        <ele>136.0</ele>
      </trkpt>
      <trkpt lat="55.530453" lon="-2.90343">
        <ele>136.0</ele>
      </trkpt>
      <trkpt lat="55.530464" lon="-2.90354">
        <ele>136.0</ele>
      </trkpt>
      <trkpt lat="55.530476" lon="-2.903661">
        <ele>136.0</ele>
      </trkpt>
      <trkpt lat="55.530495" lon="-2.903776">
        <ele>136.0</ele>
      </trkpt>
      <trkpt lat="55.53051" lon="-2.903885">
        <ele>136.2</ele>
      </trkpt>
      <trkpt lat="55.530525" lon="-2.90399">
        <ele>136.2</ele>
      </trkpt>
      <trkpt lat="55.530544" lon="-2.904094">
        <ele>136.2</ele>
      </trkpt>
      <trkpt lat="55.530552" lon="-2.904197">
        <ele>136.4</ele>
      </trkpt>
      <trkpt lat="55.530556" lon="-2.904293">
        <ele>136.4</ele>
      </trkpt>
      <trkpt lat="55.530544" lon="-2.904382">
        <ele>136.4</ele>
      </trkpt>
      <trkpt lat="55.530518" lon="-2.904458">
        <ele>136.4</ele>
      </trkpt>
      <trkpt lat="55.530483" lon="-2.904513">
        <ele>136.6</ele>
      </trkpt>
      <trkpt lat="55.530449" lon="-2.904544">
        <ele>136.6</ele>
      </trkpt>
      <trkpt lat="55.530415" lon="-2.904565">
        <ele>136.6</ele>
      </trkpt>
      <trkpt lat="55.530392" lon="-2.904579">
        <ele>136.6</ele>
      </trkpt>
      <trkpt lat="55.530376" lon="-2.90459">
        <ele>136.6</ele>
      </trkpt>
      <trkpt lat="55.530369" lon="-2.904592">
        <ele>137.0</ele>
      </trkpt>
      <trkpt lat="55.530369" lon="-2.904592">
        <ele>137.0</ele>
      </trkpt>
      <trkpt lat="55.530354" lon="-2.904609">
        <ele>138.0</ele>
      </trkpt>
      <trkpt lat="55.530331" lon="-2.904626">
        <ele>138.0</ele>
      </trkpt>
      <trkpt lat="55.530304" lon="-2.904648">
        <ele>137.8</ele>
      </trkpt>
      <trkpt lat="55.530277" lon="-2.904672">
        <ele>137.8</ele>
      </trkpt>
      <trkpt lat="55.530251" lon="-2.904699">
        <ele>137.8</ele>
      </trkpt>
      <trkpt lat="55.530231" lon="-2.904721">
        <ele>137.8</ele>
      </trkpt>
      <trkpt lat="55.530205" lon="-2.904756">
        <ele>137.8</ele>
      </trkpt>
      <trkpt lat="55.53019" lon="-2.904798">
        <ele>137.8</ele>
      </trkpt>
      <trkpt lat="55.530178" lon="-2.904851">
        <ele>137.8</ele>
      </trkpt>
      <trkpt lat="55.530178" lon="-2.90491">
        <ele>137.8</ele>
      </trkpt>
      <trkpt lat="55.530178" lon="-2.904964">
        <ele>137.6</ele>
      </trkpt>
      <trkpt lat="55.530182" lon="-2.905037">
        <ele>137.6</ele>
      </trkpt>
      <trkpt lat="55.530193" lon="-2.905115">
        <ele>137.6</ele>
      </trkpt>
      <trkpt lat="55.530212" lon="-2.905192">
        <ele>137.4</ele>
      </trkpt>
      <trkpt lat="55.530228" lon="-2.905284">
        <ele>137.0</ele>
      </trkpt>
      <trkpt lat="55.530239" lon="-2.905389">
        <ele>136.6</ele>
      </trkpt>
      <trkpt lat="55.530254" lon="-2.905492">
        <ele>136.6</ele>
      </trkpt>
      <trkpt lat="55.53027" lon="-2.9056">
        <ele>136.4</ele>
      </trkpt>
      <trkpt lat="55.530296" lon="-2.905715">
        <ele>136.4</ele>
      </trkpt>
      <trkpt lat="55.530323" lon="-2.905825">
        <ele>136.2</ele>
      </trkpt>
      <trkpt lat="55.53035" lon="-2.905933">
        <ele>136.0</ele>
      </trkpt>
      <trkpt lat="55.530376" lon="-2.906046">
        <ele>135.8</ele>
      </trkpt>
      <trkpt lat="55.530407" lon="-2.906157">
        <ele>135.6</ele>
      </trkpt>
      <trkpt lat="55.530437" lon="-2.906267">
        <ele>135.6</ele>
      </trkpt>
      <trkpt lat="55.530468" lon="-2.906383">
        <ele>135.6</ele>
      </trkpt>
      <trkpt lat="55.530499" lon="-2.906495">
        <ele>135.6</ele>
      </trkpt>
      <trkpt lat="55.530518" lon="-2.906604">
        <ele>135.6</ele>
      </trkpt>
      <trkpt lat="55.53054" lon="-2.906715">
        <ele>135.6</ele>
      </trkpt>
      <trkpt lat="55.530563" lon="-2.906828">
        <ele>135.6</ele>
      </trkpt>
      <trkpt lat="55.530582" lon="-2.906944">
        <ele>135.6</ele>
      </trkpt>
      <trkpt lat="55.530598" lon="-2.907058">
        <ele>135.8</ele>
      </trkpt>
      <trkpt lat="55.530617" lon="-2.907169">
        <ele>135.8</ele>
      </trkpt>
      <trkpt lat="55.530632" lon="-2.907281">
        <ele>135.8</ele>
      </trkpt>
      <trkpt lat="55.530643" lon="-2.907391">
        <ele>135.8</ele>
      </trkpt>
      <trkpt lat="55.530651" lon="-2.907504">
        <ele>136.0</ele>
      </trkpt>
      <trkpt lat="55.530659" lon="-2.907613">
        <ele>136.0</ele>
      </trkpt>
      <trkpt lat="55.530666" lon="-2.907722">
        <ele>136.0</ele>
      </trkpt>
      <trkpt lat="55.530682" lon="-2.907829">
        <ele>136.0</ele>
      </trkpt>
      <trkpt lat="55.530693" lon="-2.907939">
        <ele>136.0</ele>
      </trkpt>
      <trkpt lat="55.530704" lon="-2.908051">
        <ele>136.2</ele>
      </trkpt>
      <trkpt lat="55.530716" lon="-2.908165">
        <ele>136.2</ele>
      </trkpt>
      <trkpt lat="55.530731" lon="-2.908277">
        <ele>136.2</ele>
      </trkpt>
      <trkpt lat="55.530739" lon="-2.90839">
        <ele>136.2</ele>
      </trkpt>
      <trkpt lat="55.530754" lon="-2.908502">
        <ele>136.2</ele>
      </trkpt>
      <trkpt lat="55.530766" lon="-2.908612">
        <ele>136.2</ele>
      </trkpt>
      <trkpt lat="55.530777" lon="-2.908722">
        <ele>136.2</ele>
      </trkpt>
      <trkpt lat="55.530788" lon="-2.908833">
        <ele>136.4</ele>
      </trkpt>
      <trkpt lat="55.530804" lon="-2.908943">
        <ele>136.4</ele>
      </trkpt>
      <trkpt lat="55.530804" lon="-2.908943">
        <ele>136.4</ele>
      </trkpt>
      <trkpt lat="55.530823" lon="-2.90912">
        <ele>136.4</ele>
      </trkpt>
      <trkpt lat="55.530834" lon="-2.90923">
        <ele>136.6</ele>
      </trkpt>
      <trkpt lat="55.530853" lon="-2.909377">
        <ele>136.6</ele>
      </trkpt>
      <trkpt lat="55.530865" lon="-2.90948">
        <ele>136.8</ele>
      </trkpt>
      <trkpt lat="55.530876" lon="-2.909585">
        <ele>136.6</ele>
      </trkpt>
      <trkpt lat="55.530888" lon="-2.909696">
        <ele>136.6</ele>
      </trkpt>
      <trkpt lat="55.530895" lon="-2.909808">
        <ele>136.8</ele>
      </trkpt>
      <trkpt lat="55.530903" lon="-2.909921">
        <ele>137.0</ele>
      </trkpt>
      <trkpt lat="55.53091" lon="-2.910034">
        <ele>137.2</ele>
      </trkpt>
      <trkpt lat="55.530918" lon="-2.910145">
        <ele>137.2</ele>
      </trkpt>
      <trkpt lat="55.530922" lon="-2.910234">
        <ele>137.4</ele>
      </trkpt>
      <trkpt lat="55.530926" lon="-2.910364">
        <ele>137.6</ele>
      </trkpt>
      <trkpt lat="55.530933" lon="-2.910471">
        <ele>137.6</ele>
      </trkpt>
      <trkpt lat="55.530937" lon="-2.91058">
        <ele>137.6</ele>
      </trkpt>
      <trkpt lat="55.530945" lon="-2.91069">
        <ele>137.6</ele>
      </trkpt>
      <trkpt lat="55.530949" lon="-2.9108">
        <ele>137.6</ele>
      </trkpt>
      <trkpt lat="55.530952" lon="-2.910911">
        <ele>137.8</ele>
      </trkpt>
      <trkpt lat="55.53096" lon="-2.911023">
        <ele>137.8</ele>
      </trkpt>
      <trkpt lat="55.530964" lon="-2.911137">
        <ele>138.2</ele>
      </trkpt>
      <trkpt lat="55.530968" lon="-2.911249">
        <ele>138.2</ele>
      </trkpt>
      <trkpt lat="55.530975" lon="-2.911363">
        <ele>138.4</ele>
      </trkpt>
      <trkpt lat="55.530979" lon="-2.911477">
        <ele>138.4</ele>
      </trkpt>
      <trkpt lat="55.530983" lon="-2.911592">
        <ele>138.6</ele>
      </trkpt>
      <trkpt lat="55.530991" lon="-2.911705">
        <ele>138.8</ele>
      </trkpt>
      <trkpt lat="55.530994" lon="-2.911817">
        <ele>139.0</ele>
      </trkpt>
      <trkpt lat="55.531002" lon="-2.911931">
        <ele>139.0</ele>
      </trkpt>
      <trkpt lat="55.531006" lon="-2.912046">
        <ele>139.2</ele>
      </trkpt>
      <trkpt lat="55.53101" lon="-2.912161">
        <ele>139.2</ele>
      </trkpt>
      <trkpt lat="55.53101" lon="-2.912276">
        <ele>139.4</ele>
      </trkpt>
      <trkpt lat="55.531006" lon="-2.91239">
        <ele>139.4</ele>
      </trkpt>
      <trkpt lat="55.531006" lon="-2.912508">
        <ele>139.4</ele>
      </trkpt>
      <trkpt lat="55.531002" lon="-2.912629">
        <ele>139.4</ele>
      </trkpt>
      <trkpt lat="55.530994" lon="-2.91275">
        <ele>139.4</ele>
      </trkpt>
      <trkpt lat="55.530987" lon="-2.912869">
        <ele>139.4</ele>
      </trkpt>
      <trkpt lat="55.530975" lon="-2.912987">
        <ele>139.4</ele>
      </trkpt>
      <trkpt lat="55.530968" lon="-2.913104">
        <ele>139.4</ele>
      </trkpt>
      <trkpt lat="55.53096" lon="-2.91322">
        <ele>139.2</ele>
      </trkpt>
      <trkpt lat="55.530952" lon="-2.913337">
        <ele>139.2</ele>
      </trkpt>
      <trkpt lat="55.530945" lon="-2.913453">
        <ele>139.2</ele>
      </trkpt>
      <trkpt lat="55.530933" lon="-2.913568">
        <ele>139.2</ele>
      </trkpt>
      <trkpt lat="55.530926" lon="-2.91368">
        <ele>139.2</ele>
      </trkpt>
      <trkpt lat="55.530918" lon="-2.91379">
        <ele>139.2</ele>
      </trkpt>
      <trkpt lat="55.530907" lon="-2.913901">
        <ele>139.2</ele>
      </trkpt>
      <trkpt lat="55.530899" lon="-2.914013">
        <ele>139.2</ele>
      </trkpt>
      <trkpt lat="55.530891" lon="-2.914125">
        <ele>139.2</ele>
      </trkpt>
      <trkpt lat="55.530884" lon="-2.914234">
        <ele>139.2</ele>
      </trkpt>
      <trkpt lat="55.530872" lon="-2.914346">
        <ele>139.0</ele>
      </trkpt>
      <trkpt lat="55.530865" lon="-2.914457">
        <ele>139.0</ele>
      </trkpt>
      <trkpt lat="55.530853" lon="-2.91457">
        <ele>138.8</ele>
      </trkpt>
      <trkpt lat="55.530842" lon="-2.914682">
        <ele>138.8</ele>
      </trkpt>
      <trkpt lat="55.53083" lon="-2.914794">
        <ele>138.8</ele>
      </trkpt>
      <trkpt lat="55.530819" lon="-2.914904">
        <ele>138.8</ele>
      </trkpt>
      <trkpt lat="55.530811" lon="-2.915015">
        <ele>138.8</ele>
      </trkpt>
      <trkpt lat="55.530804" lon="-2.915124">
        <ele>138.8</ele>
      </trkpt>
      <trkpt lat="55.530796" lon="-2.915232">
        <ele>138.8</ele>
      </trkpt>
      <trkpt lat="55.530788" lon="-2.91534">
        <ele>138.8</ele>
      </trkpt>
      <trkpt lat="55.530773" lon="-2.915447">
        <ele>138.8</ele>
      </trkpt>
      <trkpt lat="55.530766" lon="-2.915553">
        <ele>139.0</ele>
      </trkpt>
      <trkpt lat="55.53075" lon="-2.915658">
        <ele>139.0</ele>
      </trkpt>
      <trkpt lat="55.530731" lon="-2.915762">
        <ele>139.0</ele>
      </trkpt>
      <trkpt lat="55.530708" lon="-2.915864">
        <ele>139.2</ele>
      </trkpt>
      <trkpt lat="55.530708" lon="-2.915864">
        <ele>139.2</ele>
      </trkpt>
      <trkpt lat="55.530678" lon="-2.916029">
        <ele>139.2</ele>
      </trkpt>
      <trkpt lat="55.530659" lon="-2.916131">
        <ele>139.2</ele>
      </trkpt>
      <trkpt lat="55.530621" lon="-2.916276">
        <ele>139.2</ele>
      </trkpt>
      <trkpt lat="55.530594" lon="-2.916378">
        <ele>139.4</ele>
      </trkpt>
      <trkpt lat="55.530563" lon="-2.916481">
        <ele>139.4</ele>
      </trkpt>
      <trkpt lat="55.530537" lon="-2.916585">
        <ele>139.4</ele>
      </trkpt>
      <trkpt lat="55.53051" lon="-2.916691">
        <ele>139.4</ele>
      </trkpt>
      <trkpt lat="55.530483" lon="-2.916797">
        <ele>139.4</ele>
      </trkpt>
      <trkpt lat="55.530457" lon="-2.916901">
        <ele>139.4</ele>
      </trkpt>
      <trkpt lat="55.53043" lon="-2.917005">
        <ele>139.4</ele>
      </trkpt>
      <trkpt lat="55.530403" lon="-2.917109">
        <ele>139.4</ele>
      </trkpt>
      <trkpt lat="55.530376" lon="-2.917212">
        <ele>139.4</ele>
      </trkpt>
      <trkpt lat="55.53035" lon="-2.917314">
        <ele>139.6</ele>
      </trkpt>
      <trkpt lat="55.530327" lon="-2.917412">
        <ele>139.6</ele>
      </trkpt>
      <trkpt lat="55.5303" lon="-2.917512">
        <ele>139.6</ele>
      </trkpt>
      <trkpt lat="55.530273" lon="-2.917614">
        <ele>139.6</ele>
      </trkpt>
      <trkpt lat="55.530243" lon="-2.917716">
        <ele>139.8</ele>
      </trkpt>
      <trkpt lat="55.530216" lon="-2.917817">
        <ele>140.0</ele>
      </trkpt>
      <trkpt lat="55.530186" lon="-2.917915">
        <ele>140.2</ele>
      </trkpt>
      <trkpt lat="55.530155" lon="-2.917991">
        <ele>140.2</ele>
      </trkpt>
      <trkpt lat="55.530113" lon="-2.918103">
        <ele>140.4</ele>
      </trkpt>
      <trkpt lat="55.530071" lon="-2.918192">
        <ele>140.4</ele>
      </trkpt>
      <trkpt lat="55.530033" lon="-2.918279">
        <ele>140.6</ele>
      </trkpt>
      <trkpt lat="55.529991" lon="-2.918365">
        <ele>140.6</ele>
      </trkpt>
      <trkpt lat="55.529961" lon="-2.918432">
        <ele>140.8</ele>
      </trkpt>
      <trkpt lat="55.529903" lon="-2.918525">
        <ele>140.8</ele>
      </trkpt>
      <trkpt lat="55.529861" lon="-2.918607">
        <ele>140.8</ele>
      </trkpt>
      <trkpt lat="55.529816" lon="-2.918688">
        <ele>141.0</ele>
      </trkpt>
      <trkpt lat="55.529774" lon="-2.918768">
        <ele>141.0</ele>
      </trkpt>
      <trkpt lat="55.529728" lon="-2.918848">
        <ele>141.0</ele>
      </trkpt>
      <trkpt lat="55.529686" lon="-2.918926">
        <ele>141.0</ele>
      </trkpt>
      <trkpt lat="55.529636" lon="-2.919001">
        <ele>141.2</ele>
      </trkpt>
      <trkpt lat="55.529591" lon="-2.919072">
        <ele>141.2</ele>
      </trkpt>
      <trkpt lat="55.529541" lon="-2.919142">
        <ele>141.2</ele>
      </trkpt>
      <trkpt lat="55.529491" lon="-2.919214">
        <ele>141.2</ele>
      </trkpt>
      <trkpt lat="55.529442" lon="-2.919286">
        <ele>141.2</ele>
      </trkpt>
      <trkpt lat="55.529388" lon="-2.919345">
        <ele>141.2</ele>
      </trkpt>
      <trkpt lat="55.529346" lon="-2.919382">
        <ele>141.4</ele>
      </trkpt>
      <trkpt lat="55.529278" lon="-2.91943">
        <ele>141.4</ele>
      </trkpt>
      <trkpt lat="55.529217" lon="-2.919466">
        <ele>141.6</ele>
      </trkpt>
      <trkpt lat="55.52916" lon="-2.919497">
        <ele>141.8</ele>
      </trkpt>
      <trkpt lat="55.529099" lon="-2.919527">
        <ele>141.8</ele>
      </trkpt>
      <trkpt lat="55.529037" lon="-2.919555">
        <ele>141.8</ele>
      </trkpt>
      <trkpt lat="55.528976" lon="-2.919587">
        <ele>142.0</ele>
      </trkpt>
      <trkpt lat="55.528912" lon="-2.919625">
        <ele>142.0</ele>
      </trkpt>
      <trkpt lat="55.528854" lon="-2.919654">
        <ele>142.0</ele>
      </trkpt>
      <trkpt lat="55.528805" lon="-2.919676">
        <ele>142.2</ele>
      </trkpt>
      <trkpt lat="55.528728" lon="-2.91971">
        <ele>142.2</ele>
      </trkpt>
      <trkpt lat="55.528667" lon="-2.919744">
        <ele>142.4</ele>
      </trkpt>
      <trkpt lat="55.528606" lon="-2.919781">
        <ele>142.4</ele>
      </trkpt>
      <trkpt lat="55.528545" lon="-2.919814">
        <ele>142.4</ele>
      </trkpt>
      <trkpt lat="55.528488" lon="-2.919848">
        <ele>142.6</ele>
      </trkpt>
      <trkpt lat="55.528427" lon="-2.91988">
        <ele>142.6</ele>
      </trkpt>
      <trkpt lat="55.52837" lon="-2.919908">
        <ele>142.6</ele>
      </trkpt>
      <trkpt lat="55.528309" lon="-2.919936">
        <ele>142.6</ele>
      </trkpt>
      <trkpt lat="55.528248" lon="-2.919966">
        <ele>142.6</ele>
      </trkpt>
      <trkpt lat="55.528187" lon="-2.920002">
        <ele>142.6</ele>
      </trkpt>
      <trkpt lat="55.528126" lon="-2.920035">
        <ele>142.8</ele>
      </trkpt>
      <trkpt lat="55.528065" lon="-2.920066">
        <ele>142.8</ele>
      </trkpt>
      <trkpt lat="55.528004" lon="-2.920091">
        <ele>142.8</ele>
      </trkpt>
      <trkpt lat="55.527943" lon="-2.920122">
        <ele>143.0</ele>
      </trkpt>
      <trkpt lat="55.527882" lon="-2.920156">
        <ele>143.0</ele>
      </trkpt>
      <trkpt lat="55.527821" lon="-2.920187">
        <ele>143.0</ele>
      </trkpt>
      <trkpt lat="55.527756" lon="-2.920222">
        <ele>143.0</ele>
      </trkpt>
      <trkpt lat="55.527695" lon="-2.920252">
        <ele>143.0</ele>
      </trkpt>
      <trkpt lat="55.527634" lon="-2.920283">
        <ele>143.0</ele>
      </trkpt>
      <trkpt lat="55.527573" lon="-2.920311">
        <ele>143.0</ele>
      </trkpt>
      <trkpt lat="55.527573" lon="-2.920311">
        <ele>143.2</ele>
      </trkpt>
      <trkpt lat="55.527473" lon="-2.920356">
        <ele>143.2</ele>
      </trkpt>
      <trkpt lat="55.527412" lon="-2.920383">
        <ele>143.2</ele>
      </trkpt>
      <trkpt lat="55.527328" lon="-2.920427">
        <ele>143.4</ele>
      </trkpt>
      <trkpt lat="55.527264" lon="-2.920467">
        <ele>143.4</ele>
      </trkpt>
      <trkpt lat="55.527199" lon="-2.9205">
        <ele>143.4</ele>
      </trkpt>
      <trkpt lat="55.527138" lon="-2.920534">
        <ele>143.4</ele>
      </trkpt>
      <trkpt lat="55.527073" lon="-2.920573">
        <ele>143.4</ele>
      </trkpt>
      <trkpt lat="55.527008" lon="-2.920611">
        <ele>143.4</ele>
      </trkpt>
      <trkpt lat="55.526947" lon="-2.92065">
        <ele>143.4</ele>
      </trkpt>
      <trkpt lat="55.526897" lon="-2.920678">
        <ele>143.2</ele>
      </trkpt>
      <trkpt lat="55.526821" lon="-2.920716">
        <ele>143.2</ele>
      </trkpt>
      <trkpt lat="55.52676" lon="-2.920748">
        <ele>143.2</ele>
      </trkpt>
      <trkpt lat="55.526695" lon="-2.920787">
        <ele>143.2</ele>
      </trkpt>
      <trkpt lat="55.526634" lon="-2.920826">
        <ele>143.2</ele>
      </trkpt>
      <trkpt lat="55.526569" lon="-2.920863">
        <ele>143.2</ele>
      </trkpt>
      <trkpt lat="55.526516" lon="-2.920894">
        <ele>143.2</ele>
      </trkpt>
      <trkpt lat="55.526443" lon="-2.920935">
        <ele>143.2</ele>
      </trkpt>
      <trkpt lat="55.526386" lon="-2.920968">
        <ele>143.4</ele>
      </trkpt>
      <trkpt lat="55.52634" lon="-2.920991">
        <ele>143.8</ele>
      </trkpt>
      <trkpt lat="55.526272" lon="-2.921025">
        <ele>144.0</ele>
      </trkpt>
      <trkpt lat="55.526215" lon="-2.921055">
        <ele>144.2</ele>
      </trkpt>
      <trkpt lat="55.526154" lon="-2.921086">
        <ele>144.4</ele>
      </trkpt>
      <trkpt lat="55.526104" lon="-2.921114">
        <ele>144.6</ele>
      </trkpt>
      <trkpt lat="55.526028" lon="-2.921157">
        <ele>144.6</ele>
      </trkpt>
      <trkpt lat="55.525963" lon="-2.921191">
        <ele>144.6</ele>
      </trkpt>
      <trkpt lat="55.525902" lon="-2.921226">
        <ele>144.8</ele>
      </trkpt>
      <trkpt lat="55.525841" lon="-2.921259">
        <ele>145.0</ele>
      </trkpt>
      <trkpt lat="55.525791" lon="-2.921288">
        <ele>145.0</ele>
      </trkpt>
      <trkpt lat="55.525715" lon="-2.921329">
        <ele>145.0</ele>
      </trkpt>
      <trkpt lat="55.525654" lon="-2.921363">
        <ele>145.2</ele>
      </trkpt>
      <trkpt lat="55.525589" lon="-2.921399">
        <ele>145.0</ele>
      </trkpt>
      <trkpt lat="55.525532" lon="-2.921433">
        <ele>145.2</ele>
      </trkpt>
      <trkpt lat="55.525475" lon="-2.921465">
        <ele>145.2</ele>
      </trkpt>
      <trkpt lat="55.52541" lon="-2.921502">
        <ele>145.2</ele>
      </trkpt>
      <trkpt lat="55.525356" lon="-2.921531">
        <ele>145.4</ele>
      </trkpt>
      <trkpt lat="55.525284" lon="-2.921572">
        <ele>145.4</ele>
      </trkpt>
      <trkpt lat="55.525227" lon="-2.921606">
        <ele>145.4</ele>
      </trkpt>
      <trkpt lat="55.525162" lon="-2.921642">
        <ele>145.6</ele>
      </trkpt>
      <trkpt lat="55.525101" lon="-2.921673">
        <ele>145.6</ele>
      </trkpt>
      <trkpt lat="55.525043" lon="-2.921703">
        <ele>145.6</ele>
      </trkpt>
      <trkpt lat="55.524982" lon="-2.921733">
        <ele>145.6</ele>
      </trkpt>
      <trkpt lat="55.524925" lon="-2.921762">
        <ele>145.8</ele>
      </trkpt>
      <trkpt lat="55.52486" lon="-2.921795">
        <ele>145.8</ele>
      </trkpt>
      <trkpt lat="55.524792" lon="-2.921826">
        <ele>145.8</ele>
      </trkpt>
      <trkpt lat="55.524731" lon="-2.921857">
        <ele>145.8</ele>
      </trkpt>
      <trkpt lat="55.524658" lon="-2.921894">
        <ele>145.8</ele>
      </trkpt>
      <trkpt lat="55.524597" lon="-2.921931">
        <ele>145.8</ele>
      </trkpt>
      <trkpt lat="55.524551" lon="-2.921964">
        <ele>146.0</ele>
      </trkpt>
      <trkpt lat="55.524517" lon="-2.921985">
        <ele>146.0</ele>
      </trkpt>
      <trkpt lat="55.524471" lon="-2.922004">
        <ele>146.0</ele>
      </trkpt>
      <trkpt lat="55.524391" lon="-2.922031">
        <ele>146.0</ele>
      </trkpt>
      <trkpt lat="55.524334" lon="-2.922063">
        <ele>146.0</ele>
      </trkpt>
      <trkpt lat="55.524273" lon="-2.922105">
        <ele>146.0</ele>
      </trkpt>
      <trkpt lat="55.524227" lon="-2.922141">
        <ele>146.0</ele>
      </trkpt>
      <trkpt lat="55.524158" lon="-2.922194">
        <ele>146.0</ele>
      </trkpt>
      <trkpt lat="55.524097" lon="-2.922248">
        <ele>146.0</ele>
      </trkpt>
      <trkpt lat="55.52404" lon="-2.922298">
        <ele>146.2</ele>
      </trkpt>
      <trkpt lat="55.523983" lon="-2.922357">
        <ele>146.2</ele>
      </trkpt>
      <trkpt lat="55.523922" lon="-2.922417">
        <ele>146.2</ele>
      </trkpt>
      <trkpt lat="55.523869" lon="-2.922477">
        <ele>146.2</ele>
      </trkpt>
      <trkpt lat="55.523811" lon="-2.922536">
        <ele>146.2</ele>
      </trkpt>
      <trkpt lat="55.523754" lon="-2.922596">
        <ele>146.4</ele>
      </trkpt>
      <trkpt lat="55.523708" lon="-2.922645">
        <ele>146.6</ele>
      </trkpt>
      <trkpt lat="55.52364" lon="-2.922718">
        <ele>146.8</ele>
      </trkpt>
      <trkpt lat="55.523582" lon="-2.922776">
        <ele>147.0</ele>
      </trkpt>
      <trkpt lat="55.523525" lon="-2.922834">
        <ele>147.0</ele>
      </trkpt>
      <trkpt lat="55.523464" lon="-2.922888">
        <ele>147.0</ele>
      </trkpt>
      <trkpt lat="55.523418" lon="-2.922928">
        <ele>147.0</ele>
      </trkpt>
      <trkpt lat="55.523346" lon="-2.922989">
        <ele>147.0</ele>
      </trkpt>
      <trkpt lat="55.523285" lon="-2.923042">
        <ele>147.0</ele>
      </trkpt>
      <trkpt lat="55.523228" lon="-2.92309">
        <ele>147.0</ele>
      </trkpt>
      <trkpt lat="55.523182" lon="-2.923126">
        <ele>146.8</ele>
      </trkpt>
      <trkpt lat="55.523113" lon="-2.923178">
        <ele>146.8</ele>
      </trkpt>
      <trkpt lat="55.523052" lon="-2.923218">
        <ele>146.8</ele>
      </trkpt>
      <trkpt lat="55.522995" lon="-2.923259">
        <ele>146.8</ele>
      </trkpt>
      <trkpt lat="55.522934" lon="-2.923301">
        <ele>146.6</ele>
      </trkpt>
      <trkpt lat="55.522873" lon="-2.923341">
        <ele>146.6</ele>
      </trkpt>
      <trkpt lat="55.522808" lon="-2.923377">
        <ele>146.4</ele>
      </trkpt>
      <trkpt lat="55.522747" lon="-2.923412">
        <ele>146.4</ele>
      </trkpt>
      <trkpt lat="55.522682" lon="-2.92344">
        <ele>146.4</ele>
      </trkpt>
      <trkpt lat="55.522636" lon="-2.923462">
        <ele>146.2</ele>
      </trkpt>
      <trkpt lat="55.522636" lon="-2.923462">
        <ele>146.2</ele>
      </trkpt>
      <trkpt lat="55.522533" lon="-2.923507">
        <ele>146.2</ele>
      </trkpt>
      <trkpt lat="55.522476" lon="-2.923537">
        <ele>146.2</ele>
      </trkpt>
      <trkpt lat="55.522392" lon="-2.923584">
        <ele>146.2</ele>
      </trkpt>
      <trkpt lat="55.522335" lon="-2.92362">
        <ele>146.4</ele>
      </trkpt>
      <trkpt lat="55.522278" lon="-2.923656">
        <ele>146.4</ele>
      </trkpt>
      <trkpt lat="55.522221" lon="-2.92369">
        <ele>146.6</ele>
      </trkpt>
      <trkpt lat="55.522171" lon="-2.923719">
        <ele>146.6</ele>
      </trkpt>
      <trkpt lat="55.522099" lon="-2.923763">
        <ele>146.8</ele>
      </trkpt>
      <trkpt lat="55.522038" lon="-2.923806">
        <ele>147.0</ele>
      </trkpt>
      <trkpt lat="55.52198" lon="-2.923845">
        <ele>147.0</ele>
      </trkpt>
      <trkpt lat="55.521927" lon="-2.923876">
        <ele>147.0</ele>
      </trkpt>
      <trkpt lat="55.52187" lon="-2.923908">
        <ele>147.2</ele>
      </trkpt>
      <trkpt lat="55.521812" lon="-2.923947">
        <ele>147.2</ele>
      </trkpt>
      <trkpt lat="55.521751" lon="-2.923986">
        <ele>147.4</ele>
      </trkpt>
      <trkpt lat="55.521694" lon="-2.92402">
        <ele>147.4</ele>
      </trkpt>
      <trkpt lat="55.521629" lon="-2.924051">
        <ele>147.4</ele>
      </trkpt>
      <trkpt lat="55.521568" lon="-2.92408">
        <ele>147.4</ele>
      </trkpt>
      <trkpt lat="55.521507" lon="-2.924109">
        <ele>147.6</ele>
      </trkpt>
      <trkpt lat="55.52145" lon="-2.924141">
        <ele>147.6</ele>
      </trkpt>
      <trkpt lat="55.521389" lon="-2.924168">
        <ele>147.6</ele>
      </trkpt>
      <trkpt lat="55.521328" lon="-2.92418">
        <ele>147.6</ele>
      </trkpt>
      <trkpt lat="55.521263" lon="-2.924189">
        <ele>147.6</ele>
      </trkpt>
      <trkpt lat="55.521198" lon="-2.924198">
        <ele>147.6</ele>
      </trkpt>
      <trkpt lat="55.521137" lon="-2.924206">
        <ele>147.6</ele>
      </trkpt>
      <trkpt lat="55.521072" lon="-2.924208">
        <ele>147.4</ele>
      </trkpt>
      <trkpt lat="55.521008" lon="-2.924209">
        <ele>147.4</ele>
      </trkpt>
      <trkpt lat="55.520943" lon="-2.924209">
        <ele>147.4</ele>
      </trkpt>
      <trkpt lat="55.520882" lon="-2.924203">
        <ele>147.4</ele>
      </trkpt>
      <trkpt lat="55.520817" lon="-2.92419">
        <ele>147.4</ele>
      </trkpt>
      <trkpt lat="55.520756" lon="-2.924186">
        <ele>147.2</ele>
      </trkpt>
      <trkpt lat="55.520691" lon="-2.924181">
        <ele>147.2</ele>
      </trkpt>
      <trkpt lat="55.520622" lon="-2.924174">
        <ele>147.2</ele>
      </trkpt>
      <trkpt lat="55.520557" lon="-2.924165">
        <ele>147.2</ele>
      </trkpt>
      <trkpt lat="55.520493" lon="-2.92416">
        <ele>147.2</ele>
      </trkpt>
      <trkpt lat="55.520424" lon="-2.924154">
        <ele>147.2</ele>
      </trkpt>
      <trkpt lat="55.520359" lon="-2.924141">
        <ele>147.4</ele>
      </trkpt>
      <trkpt lat="55.52029" lon="-2.924127">
        <ele>147.4</ele>
      </trkpt>
      <trkpt lat="55.520226" lon="-2.924116">
        <ele>147.4</ele>
      </trkpt>
      <trkpt lat="55.520161" lon="-2.924103">
        <ele>147.6</ele>
      </trkpt>
      <trkpt lat="55.5201" lon="-2.924087">
        <ele>147.6</ele>
      </trkpt>
      <trkpt lat="55.520039" lon="-2.924071">
        <ele>147.8</ele>
      </trkpt>
      <trkpt lat="55.519974" lon="-2.924053">
        <ele>147.8</ele>
      </trkpt>
      <trkpt lat="55.519913" lon="-2.924033">
        <ele>147.8</ele>
      </trkpt>
      <trkpt lat="55.519852" lon="-2.92401">
        <ele>147.8</ele>
      </trkpt>
      <trkpt lat="55.519791" lon="-2.92399">
        <ele>148.0</ele>
      </trkpt>
      <trkpt lat="55.51973" lon="-2.923967">
        <ele>148.2</ele>
      </trkpt>
      <trkpt lat="55.519669" lon="-2.923944">
        <ele>148.2</ele>
      </trkpt>
      <trkpt lat="55.519604" lon="-2.923924">
        <ele>148.4</ele>
      </trkpt>
      <trkpt lat="55.519543" lon="-2.923908">
        <ele>148.4</ele>
      </trkpt>
      <trkpt lat="55.519482" lon="-2.923893">
        <ele>148.6</ele>
      </trkpt>
      <trkpt lat="55.519421" lon="-2.923876">
        <ele>148.6</ele>
      </trkpt>
      <trkpt lat="55.519356" lon="-2.923862">
        <ele>149.0</ele>
      </trkpt>
      <trkpt lat="55.519295" lon="-2.923854">
        <ele>149.0</ele>
      </trkpt>
      <trkpt lat="55.519238" lon="-2.923846">
        <ele>149.2</ele>
      </trkpt>
      <trkpt lat="55.51918" lon="-2.923832">
        <ele>149.4</ele>
      </trkpt>
      <trkpt lat="55.519127" lon="-2.923818">
        <ele>149.8</ele>
      </trkpt>
      <trkpt lat="55.519073" lon="-2.923805">
        <ele>149.8</ele>
      </trkpt>
      <trkpt lat="55.519016" lon="-2.923801">
        <ele>150.0</ele>
      </trkpt>
      <trkpt lat="55.518959" lon="-2.923796">
        <ele>150.2</ele>
      </trkpt>
      <trkpt lat="55.518902" lon="-2.923789">
        <ele>150.4</ele>
      </trkpt>
      <trkpt lat="55.518848" lon="-2.923778">
        <ele>150.6</ele>
      </trkpt>
      <trkpt lat="55.518791" lon="-2.923767">
        <ele>150.8</ele>
      </trkpt>
      <trkpt lat="55.518738" lon="-2.923756">
        <ele>151.0</ele>
      </trkpt>
      <trkpt lat="55.518681" lon="-2.923748">
        <ele>151.4</ele>
      </trkpt>
      <trkpt lat="55.518627" lon="-2.923737">
        <ele>151.6</ele>
      </trkpt>
      <trkpt lat="55.51857" lon="-2.923724">
        <ele>151.8</ele>
      </trkpt>
      <trkpt lat="55.518517" lon="-2.923708">
        <ele>152.0</ele>
      </trkpt>
      <trkpt lat="55.518459" lon="-2.923692">
        <ele>152.4</ele>
      </trkpt>
      <trkpt lat="55.518406" lon="-2.923672">
        <ele>152.6</ele>
      </trkpt>
      <trkpt lat="55.518364" lon="-2.923656">
        <ele>152.8</ele>
      </trkpt>
      <trkpt lat="55.518307" lon="-2.923626">
        <ele>152.8</ele>
      </trkpt>
      <trkpt lat="55.518257" lon="-2.923604">
        <ele>153.0</ele>
      </trkpt>
      <trkpt lat="55.518211" lon="-2.923579">
        <ele>153.2</ele>
      </trkpt>
      <trkpt lat="55.518166" lon="-2.923555">
        <ele>153.2</ele>
      </trkpt>
      <trkpt lat="55.518108" lon="-2.923537">
        <ele>153.8</ele>
      </trkpt>
      <trkpt lat="55.518055" lon="-2.923524">
        <ele>154.6</ele>
      </trkpt>
      <trkpt lat="55.517998" lon="-2.923513">
        <ele>154.8</ele>
      </trkpt>
      <trkpt lat="55.517944" lon="-2.923506">
        <ele>155.2</ele>
      </trkpt>
      <trkpt lat="55.517891" lon="-2.923509">
        <ele>155.4</ele>
      </trkpt>
      <trkpt lat="55.517838" lon="-2.923521">
        <ele>155.8</ele>
      </trkpt>
      <trkpt lat="55.517784" lon="-2.923544">
        <ele>156.0</ele>
      </trkpt>
      <trkpt lat="55.517727" lon="-2.923574">
        <ele>156.4</ele>
      </trkpt>
      <trkpt lat="55.517677" lon="-2.923609">
        <ele>156.8</ele>
      </trkpt>
      <trkpt lat="55.517616" lon="-2.923665">
        <ele>157.0</ele>
      </trkpt>
      <trkpt lat="55.517574" lon="-2.923714">
        <ele>157.2</ele>
      </trkpt>
      <trkpt lat="55.517532" lon="-2.923762">
        <ele>157.6</ele>
      </trkpt>
      <trkpt lat="55.51749" lon="-2.923811">
        <ele>157.8</ele>
      </trkpt>
      <trkpt lat="55.517464" lon="-2.923861">
        <ele>158.0</ele>
      </trkpt>
      <trkpt lat="55.517441" lon="-2.923905">
        <ele>158.2</ele>
      </trkpt>
      <trkpt lat="55.517399" lon="-2.923974">
        <ele>158.6</ele>
      </trkpt>
      <trkpt lat="55.517361" lon="-2.924042">
        <ele>158.8</ele>
      </trkpt>
      <trkpt lat="55.517326" lon="-2.924118">
        <ele>159.4</ele>
      </trkpt>
      <trkpt lat="55.517288" lon="-2.924197">
        <ele>159.6</ele>
      </trkpt>
      <trkpt lat="55.51725" lon="-2.924275">
        <ele>159.8</ele>
      </trkpt>
      <trkpt lat="55.51722" lon="-2.924349">
        <ele>160.2</ele>
      </trkpt>
      <trkpt lat="55.517185" lon="-2.924423">
        <ele>160.4</ele>
      </trkpt>
      <trkpt lat="55.517155" lon="-2.924481">
        <ele>160.6</ele>
      </trkpt>
      <trkpt lat="55.517097" lon="-2.924561">
        <ele>160.8</ele>
      </trkpt>
      <trkpt lat="55.517048" lon="-2.924622">
        <ele>161.0</ele>
      </trkpt>
      <trkpt lat="55.517006" lon="-2.924667">
        <ele>161.0</ele>
      </trkpt>
      <trkpt lat="55.516941" lon="-2.924738">
        <ele>161.4</ele>
      </trkpt>
      <trkpt lat="55.516891" lon="-2.924793">
        <ele>161.6</ele>
      </trkpt>
      <trkpt lat="55.516834" lon="-2.924847">
        <ele>161.6</ele>
      </trkpt>
      <trkpt lat="55.516781" lon="-2.924896">
        <ele>161.8</ele>
      </trkpt>
      <trkpt lat="55.516731" lon="-2.924946">
        <ele>162.0</ele>
      </trkpt>
      <trkpt lat="55.516682" lon="-2.924994">
        <ele>162.4</ele>
      </trkpt>
      <trkpt lat="55.516628" lon="-2.925045">
        <ele>162.6</ele>
      </trkpt>
      <trkpt lat="55.516579" lon="-2.925091">
        <ele>162.8</ele>
      </trkpt>
      <trkpt lat="55.516541" lon="-2.925123">
        <ele>163.0</ele>
      </trkpt>
      <trkpt lat="55.516487" lon="-2.925166">
        <ele>163.2</ele>
      </trkpt>
      <trkpt lat="55.51643" lon="-2.925213">
        <ele>163.2</ele>
      </trkpt>
      <trkpt lat="55.516373" lon="-2.925262">
        <ele>163.4</ele>
      </trkpt>
      <trkpt lat="55.5163" lon="-2.925323">
        <ele>163.6</ele>
      </trkpt>
      <trkpt lat="55.516239" lon="-2.925372">
        <ele>163.8</ele>
      </trkpt>
      <trkpt lat="55.51619" lon="-2.925416">
        <ele>163.8</ele>
      </trkpt>
      <trkpt lat="55.516117" lon="-2.925488">
        <ele>164.0</ele>
      </trkpt>
      <trkpt lat="55.51606" lon="-2.925548">
        <ele>164.0</ele>
      </trkpt>
      <trkpt lat="55.516014" lon="-2.925595">
        <ele>164.0</ele>
      </trkpt>
      <trkpt lat="55.515957" lon="-2.925657">
        <ele>164.2</ele>
      </trkpt>
      <trkpt lat="55.515957" lon="-2.925657">
        <ele>164.2</ele>
      </trkpt>
      <trkpt lat="55.515858" lon="-2.925772">
        <ele>164.2</ele>
      </trkpt>
      <trkpt lat="55.515816" lon="-2.925827">
        <ele>164.2</ele>
      </trkpt>
      <trkpt lat="55.515739" lon="-2.925947">
        <ele>164.2</ele>
      </trkpt>
      <trkpt lat="55.515701" lon="-2.92601">
        <ele>164.2</ele>
      </trkpt>
      <trkpt lat="55.515659" lon="-2.926092">
        <ele>164.2</ele>
      </trkpt>
      <trkpt lat="55.51561" lon="-2.92619">
        <ele>164.4</ele>
      </trkpt>
      <trkpt lat="55.515568" lon="-2.926274">
        <ele>164.4</ele>
      </trkpt>
      <trkpt lat="55.515526" lon="-2.926357">
        <ele>164.4</ele>
      </trkpt>
      <trkpt lat="55.515491" lon="-2.926422">
        <ele>164.4</ele>
      </trkpt>
      <trkpt lat="55.515442" lon="-2.926517">
        <ele>164.6</ele>
      </trkpt>
      <trkpt lat="55.515392" lon="-2.926596">
        <ele>164.6</ele>
      </trkpt>
      <trkpt lat="55.51535" lon="-2.926676">
        <ele>164.6</ele>
      </trkpt>
      <trkpt lat="55.515301" lon="-2.926756">
        <ele>164.8</ele>
      </trkpt>
      <trkpt lat="55.515255" lon="-2.926831">
        <ele>164.8</ele>
      </trkpt>
      <trkpt lat="55.515202" lon="-2.926901">
        <ele>165.0</ele>
      </trkpt>
      <trkpt lat="55.515152" lon="-2.926969">
        <ele>165.0</ele>
      </trkpt>
      <trkpt lat="55.515099" lon="-2.927038">
        <ele>165.0</ele>
      </trkpt>
      <trkpt lat="55.515057" lon="-2.927095">
        <ele>165.0</ele>
      </trkpt>
      <trkpt lat="55.515003" lon="-2.927165">
        <ele>165.0</ele>
      </trkpt>
      <trkpt lat="55.514938" lon="-2.927252">
        <ele>165.0</ele>
      </trkpt>
      <trkpt lat="55.514889" lon="-2.927325">
        <ele>165.0</ele>
      </trkpt>
      <trkpt lat="55.514835" lon="-2.927397">
        <ele>165.0</ele>
      </trkpt>
      <trkpt lat="55.514797" lon="-2.927455">
        <ele>165.0</ele>
      </trkpt>
      <trkpt lat="55.514748" lon="-2.927531">
        <ele>165.0</ele>
      </trkpt>
      <trkpt lat="55.514698" lon="-2.927611">
        <ele>165.0</ele>
      </trkpt>
      <trkpt lat="55.514641" lon="-2.927711">
        <ele>165.0</ele>
      </trkpt>
      <trkpt lat="55.514603" lon="-2.92778">
        <ele>165.0</ele>
      </trkpt>
      <trkpt lat="55.514545" lon="-2.927887">
        <ele>164.8</ele>
      </trkpt>
      <trkpt lat="55.5145" lon="-2.92798">
        <ele>164.8</ele>
      </trkpt>
      <trkpt lat="55.51445" lon="-2.928074">
        <ele>164.8</ele>
      </trkpt>
      <trkpt lat="55.5144" lon="-2.92817">
        <ele>164.6</ele>
      </trkpt>
      <trkpt lat="55.514351" lon="-2.928271">
        <ele>164.6</ele>
      </trkpt>
      <trkpt lat="55.514309" lon="-2.928354">
        <ele>164.4</ele>
      </trkpt>
      <trkpt lat="55.514248" lon="-2.928475">
        <ele>164.0</ele>
      </trkpt>
      <trkpt lat="55.514198" lon="-2.928573">
        <ele>164.0</ele>
      </trkpt>
      <trkpt lat="55.514145" lon="-2.928675">
        <ele>163.6</ele>
      </trkpt>
      <trkpt lat="55.514099" lon="-2.928778">
        <ele>163.4</ele>
      </trkpt>
      <trkpt lat="55.51405" lon="-2.928885">
        <ele>163.2</ele>
      </trkpt>
      <trkpt lat="55.514008" lon="-2.928997">
        <ele>162.6</ele>
      </trkpt>
      <trkpt lat="55.513969" lon="-2.929116">
        <ele>162.6</ele>
      </trkpt>
      <trkpt lat="55.513943" lon="-2.929241">
        <ele>162.2</ele>
      </trkpt>
      <trkpt lat="55.51392" lon="-2.929368">
        <ele>161.8</ele>
      </trkpt>
      <trkpt lat="55.513905" lon="-2.929494">
        <ele>161.4</ele>
      </trkpt>
      <trkpt lat="55.513897" lon="-2.92962">
        <ele>161.2</ele>
      </trkpt>
      <trkpt lat="55.513893" lon="-2.929746">
        <ele>160.8</ele>
      </trkpt>
      <trkpt lat="55.513889" lon="-2.929846">
        <ele>160.4</ele>
      </trkpt>
      <trkpt lat="55.513882" lon="-2.929971">
        <ele>160.2</ele>
      </trkpt>
      <trkpt lat="55.51387" lon="-2.930093">
        <ele>159.6</ele>
      </trkpt>
      <trkpt lat="55.513859" lon="-2.930232">
        <ele>159.4</ele>
      </trkpt>
      <trkpt lat="55.513844" lon="-2.93032">
        <ele>158.8</ele>
      </trkpt>
      <trkpt lat="55.513828" lon="-2.930429">
        <ele>158.4</ele>
      </trkpt>
      <trkpt lat="55.513809" lon="-2.930538">
        <ele>158.4</ele>
      </trkpt>
      <trkpt lat="55.51379" lon="-2.930641">
        <ele>158.2</ele>
      </trkpt>
      <trkpt lat="55.513767" lon="-2.930742">
        <ele>158.2</ele>
      </trkpt>
      <trkpt lat="55.513744" lon="-2.93084">
        <ele>158.2</ele>
      </trkpt>
      <trkpt lat="55.513721" lon="-2.930935">
        <ele>158.2</ele>
      </trkpt>
      <trkpt lat="55.513702" lon="-2.931029">
        <ele>158.2</ele>
      </trkpt>
      <trkpt lat="55.513676" lon="-2.931121">
        <ele>158.2</ele>
      </trkpt>
      <trkpt lat="55.513653" lon="-2.931212">
        <ele>158.2</ele>
      </trkpt>
      <trkpt lat="55.513626" lon="-2.931306">
        <ele>158.6</ele>
      </trkpt>
      <trkpt lat="55.513596" lon="-2.931413">
        <ele>158.6</ele>
      </trkpt>
      <trkpt lat="55.513569" lon="-2.931479">
        <ele>159.0</ele>
      </trkpt>
      <trkpt lat="55.513538" lon="-2.931568">
        <ele>159.4</ele>
      </trkpt>
      <trkpt lat="55.513504" lon="-2.931667">
        <ele>159.4</ele>
      </trkpt>
      <trkpt lat="55.513474" lon="-2.931744">
        <ele>159.8</ele>
      </trkpt>
      <trkpt lat="55.513439" lon="-2.931818">
        <ele>160.0</ele>
      </trkpt>
      <trkpt lat="55.513405" lon="-2.931893">
        <ele>160.2</ele>
      </trkpt>
      <trkpt lat="55.513374" lon="-2.931971">
        <ele>160.4</ele>
      </trkpt>
      <trkpt lat="55.513359" lon="-2.93202">
        <ele>160.8</ele>
      </trkpt>
      <trkpt lat="55.513332" lon="-2.932104">
        <ele>161.0</ele>
      </trkpt>
      <trkpt lat="55.513306" lon="-2.932228">
        <ele>161.2</ele>
      </trkpt>
      <trkpt lat="55.513287" lon="-2.93232">
        <ele>161.6</ele>
      </trkpt>
      <trkpt lat="55.513275" lon="-2.932413">
        <ele>161.8</ele>
      </trkpt>
      <trkpt lat="55.513264" lon="-2.932505">
        <ele>162.2</ele>
      </trkpt>
      <trkpt lat="55.513252" lon="-2.9326">
        <ele>162.4</ele>
      </trkpt>
      <trkpt lat="55.513245" lon="-2.932695">
        <ele>162.6</ele>
      </trkpt>
      <trkpt lat="55.513233" lon="-2.932789">
        <ele>163.0</ele>
      </trkpt>
      <trkpt lat="55.513222" lon="-2.932882">
        <ele>163.0</ele>
      </trkpt>
      <trkpt lat="55.51321" lon="-2.932974">
        <ele>163.2</ele>
      </trkpt>
      <trkpt lat="55.513199" lon="-2.933065">
        <ele>163.2</ele>
      </trkpt>
      <trkpt lat="55.51318" lon="-2.933159">
        <ele>163.6</ele>
      </trkpt>
      <trkpt lat="55.513165" lon="-2.933257">
        <ele>164.2</ele>
      </trkpt>
      <trkpt lat="55.513149" lon="-2.933355">
        <ele>164.4</ele>
      </trkpt>
      <trkpt lat="55.513134" lon="-2.933453">
        <ele>164.6</ele>
      </trkpt>
      <trkpt lat="55.513111" lon="-2.933549">
        <ele>164.8</ele>
      </trkpt>
      <trkpt lat="55.513088" lon="-2.933643">
        <ele>165.0</ele>
      </trkpt>
      <trkpt lat="55.513058" lon="-2.933738">
        <ele>165.2</ele>
      </trkpt>
      <trkpt lat="55.513027" lon="-2.933825">
        <ele>165.4</ele>
      </trkpt>
      <trkpt lat="55.512997" lon="-2.933906">
        <ele>165.4</ele>
      </trkpt>
      <trkpt lat="55.512966" lon="-2.933981">
        <ele>165.4</ele>
      </trkpt>
      <trkpt lat="55.512936" lon="-2.934057">
        <ele>165.6</ele>
      </trkpt>
      <trkpt lat="55.512909" lon="-2.934128">
        <ele>165.6</ele>
      </trkpt>
      <trkpt lat="55.512878" lon="-2.934199">
        <ele>165.8</ele>
      </trkpt>
      <trkpt lat="55.512852" lon="-2.934272">
        <ele>166.0</ele>
      </trkpt>
      <trkpt lat="55.512829" lon="-2.934346">
        <ele>166.2</ele>
      </trkpt>
      <trkpt lat="55.512806" lon="-2.934422">
        <ele>166.6</ele>
      </trkpt>
      <trkpt lat="55.512783" lon="-2.934499">
        <ele>166.8</ele>
      </trkpt>
      <trkpt lat="55.512764" lon="-2.934578">
        <ele>167.6</ele>
      </trkpt>
      <trkpt lat="55.512745" lon="-2.934659">
        <ele>167.8</ele>
      </trkpt>
      <trkpt lat="55.512722" lon="-2.934742">
        <ele>168.2</ele>
      </trkpt>
      <trkpt lat="55.512699" lon="-2.934825">
        <ele>168.6</ele>
      </trkpt>
      <trkpt lat="55.512669" lon="-2.934909">
        <ele>168.6</ele>
      </trkpt>
      <trkpt lat="55.512634" lon="-2.934993">
        <ele>169.2</ele>
      </trkpt>
      <trkpt lat="55.512592" lon="-2.935071">
        <ele>169.2</ele>
      </trkpt>
      <trkpt lat="55.512543" lon="-2.935136">
        <ele>169.6</ele>
      </trkpt>
      <trkpt lat="55.512489" lon="-2.935187">
        <ele>169.8</ele>
      </trkpt>
      <trkpt lat="55.512436" lon="-2.935229">
        <ele>170.0</ele>
      </trkpt>
      <trkpt lat="55.512386" lon="-2.935267">
        <ele>170.2</ele>
      </trkpt>
      <trkpt lat="55.512337" lon="-2.935305">
        <ele>170.4</ele>
      </trkpt>
      <trkpt lat="55.512291" lon="-2.935346">
        <ele>170.6</ele>
      </trkpt>
      <trkpt lat="55.512245" lon="-2.935391">
        <ele>170.6</ele>
      </trkpt>
      <trkpt lat="55.512199" lon="-2.935438">
        <ele>170.8</ele>
      </trkpt>
      <trkpt lat="55.512154" lon="-2.935488">
        <ele>171.0</ele>
      </trkpt>
      <trkpt lat="55.512112" lon="-2.93554">
        <ele>171.2</ele>
      </trkpt>
      <trkpt lat="55.512074" lon="-2.935594">
        <ele>171.4</ele>
      </trkpt>
      <trkpt lat="55.512035" lon="-2.935652">
        <ele>171.6</ele>
      </trkpt>
      <trkpt lat="55.511997" lon="-2.935713">
        <ele>171.8</ele>
      </trkpt>
      <trkpt lat="55.511963" lon="-2.935779">
        <ele>172.0</ele>
      </trkpt>
      <trkpt lat="55.511932" lon="-2.935848">
        <ele>172.2</ele>
      </trkpt>
      <trkpt lat="55.511906" lon="-2.935919">
        <ele>172.8</ele>
      </trkpt>
      <trkpt lat="55.511883" lon="-2.935994">
        <ele>173.0</ele>
      </trkpt>
      <trkpt lat="55.51186" lon="-2.93607">
        <ele>173.2</ele>
      </trkpt>
      <trkpt lat="55.511833" lon="-2.936148">
        <ele>173.4</ele>
      </trkpt>
      <trkpt lat="55.511814" lon="-2.936225">
        <ele>173.8</ele>
      </trkpt>
      <trkpt lat="55.511791" lon="-2.936304">
        <ele>174.2</ele>
      </trkpt>
      <trkpt lat="55.511768" lon="-2.936382">
        <ele>174.2</ele>
      </trkpt>
      <trkpt lat="55.511745" lon="-2.93646">
        <ele>174.8</ele>
      </trkpt>
      <trkpt lat="55.511723" lon="-2.936539">
        <ele>175.2</ele>
      </trkpt>
      <trkpt lat="55.5117" lon="-2.93662">
        <ele>175.6</ele>
      </trkpt>
      <trkpt lat="55.511677" lon="-2.936699">
        <ele>175.6</ele>
      </trkpt>
      <trkpt lat="55.511654" lon="-2.936778">
        <ele>176.0</ele>
      </trkpt>
      <trkpt lat="55.511631" lon="-2.936857">
        <ele>176.0</ele>
      </trkpt>
      <trkpt lat="55.511608" lon="-2.936937">
        <ele>176.2</ele>
      </trkpt>
      <trkpt lat="55.511581" lon="-2.937018">
        <ele>176.8</ele>
      </trkpt>
      <trkpt lat="55.511559" lon="-2.937098">
        <ele>177.0</ele>
      </trkpt>
      <trkpt lat="55.511536" lon="-2.937181">
        <ele>177.4</ele>
      </trkpt>
      <trkpt lat="55.511509" lon="-2.937267">
        <ele>177.6</ele>
      </trkpt>
      <trkpt lat="55.511486" lon="-2.937353">
        <ele>177.8</ele>
      </trkpt>
      <trkpt lat="55.511456" lon="-2.937439">
        <ele>178.2</ele>
      </trkpt>
      <trkpt lat="55.511429" lon="-2.937527">
        <ele>178.2</ele>
      </trkpt>
      <trkpt lat="55.511402" lon="-2.937615">
        <ele>178.4</ele>
      </trkpt>
      <trkpt lat="55.511375" lon="-2.937703">
        <ele>178.4</ele>
      </trkpt>
      <trkpt lat="55.511353" lon="-2.937792">
        <ele>178.8</ele>
      </trkpt>
      <trkpt lat="55.511322" lon="-2.937881">
        <ele>178.8</ele>
      </trkpt>
      <trkpt lat="55.511295" lon="-2.937971">
        <ele>179.0</ele>
      </trkpt>
      <trkpt lat="55.511265" lon="-2.938063">
        <ele>179.2</ele>
      </trkpt>
      <trkpt lat="55.511238" lon="-2.938157">
        <ele>179.2</ele>
      </trkpt>
      <trkpt lat="55.511208" lon="-2.938256">
        <ele>179.2</ele>
      </trkpt>
      <trkpt lat="55.511181" lon="-2.938358">
        <ele>179.2</ele>
      </trkpt>
      <trkpt lat="55.511181" lon="-2.938358">
        <ele>179.2</ele>
      </trkpt>
      <trkpt lat="55.511139" lon="-2.938528">
        <ele>179.2</ele>
      </trkpt>
      <trkpt lat="55.511112" lon="-2.938637">
        <ele>179.2</ele>
      </trkpt>
      <trkpt lat="55.511089" lon="-2.93875">
        <ele>179.2</ele>
      </trkpt>
      <trkpt lat="55.511055" lon="-2.938907">
        <ele>179.2</ele>
      </trkpt>
      <trkpt lat="55.511028" lon="-2.93902">
        <ele>179.2</ele>
      </trkpt>
      <trkpt lat="55.511005" lon="-2.939137">
        <ele>179.2</ele>
      </trkpt>
      <trkpt lat="55.510983" lon="-2.939254">
        <ele>179.2</ele>
      </trkpt>
      <trkpt lat="55.51096" lon="-2.939371">
        <ele>179.2</ele>
      </trkpt>
      <trkpt lat="55.510937" lon="-2.939485">
        <ele>179.0</ele>
      </trkpt>
      <trkpt lat="55.510914" lon="-2.939601">
        <ele>179.0</ele>
      </trkpt>
      <trkpt lat="55.510891" lon="-2.939717">
        <ele>178.8</ele>
      </trkpt>
      <trkpt lat="55.510872" lon="-2.939834">
        <ele>178.6</ele>
      </trkpt>
      <trkpt lat="55.51086" lon="-2.939954">
        <ele>178.4</ele>
      </trkpt>
      <trkpt lat="55.510849" lon="-2.940073">
        <ele>178.4</ele>
      </trkpt>
      <trkpt lat="55.510841" lon="-2.940191">
        <ele>178.2</ele>
      </trkpt>
      <trkpt lat="55.510845" lon="-2.940305">
        <ele>178.2</ele>
      </trkpt>
      <trkpt lat="55.510857" lon="-2.940415">
        <ele>178.2</ele>
      </trkpt>
      <trkpt lat="55.510872" lon="-2.940525">
        <ele>178.0</ele>
      </trkpt>
      <trkpt lat="55.510895" lon="-2.940636">
        <ele>178.0</ele>
      </trkpt>
      <trkpt lat="55.510918" lon="-2.94075">
        <ele>178.0</ele>
      </trkpt>
      <trkpt lat="55.510944" lon="-2.940863">
        <ele>178.0</ele>
      </trkpt>
      <trkpt lat="55.510967" lon="-2.940972">
        <ele>177.8</ele>
      </trkpt>
      <trkpt lat="55.51099" lon="-2.941082">
        <ele>177.8</ele>
      </trkpt>
      <trkpt lat="55.511009" lon="-2.941195">
        <ele>177.6</ele>
      </trkpt>
      <trkpt lat="55.511021" lon="-2.941311">
        <ele>177.6</ele>
      </trkpt>
      <trkpt lat="55.511032" lon="-2.941426">
        <ele>177.4</ele>
      </trkpt>
      <trkpt lat="55.511036" lon="-2.94154">
        <ele>177.2</ele>
      </trkpt>
      <trkpt lat="55.511028" lon="-2.941653">
        <ele>177.2</ele>
      </trkpt>
      <trkpt lat="55.511017" lon="-2.941765">
        <ele>177.2</ele>
      </trkpt>
      <trkpt lat="55.511005" lon="-2.941876">
        <ele>177.2</ele>
      </trkpt>
      <trkpt lat="55.510994" lon="-2.941964">
        <ele>177.2</ele>
      </trkpt>
      <trkpt lat="55.510979" lon="-2.942091">
        <ele>177.4</ele>
      </trkpt>
      <trkpt lat="55.51096" lon="-2.942197">
        <ele>177.4</ele>
      </trkpt>
      <trkpt lat="55.510944" lon="-2.942302">
        <ele>177.4</ele>
      </trkpt>
      <trkpt lat="55.510933" lon="-2.942404">
        <ele>177.4</ele>
      </trkpt>
      <trkpt lat="55.510925" lon="-2.942486">
        <ele>177.6</ele>
      </trkpt>
      <trkpt lat="55.510906" lon="-2.94261">
        <ele>177.6</ele>
      </trkpt>
      <trkpt lat="55.510891" lon="-2.942716">
        <ele>177.6</ele>
      </trkpt>
      <trkpt lat="55.510876" lon="-2.942818">
        <ele>177.8</ele>
      </trkpt>
      <trkpt lat="55.51086" lon="-2.942897">
        <ele>178.0</ele>
      </trkpt>
      <trkpt lat="55.510834" lon="-2.943018">
        <ele>178.2</ele>
      </trkpt>
      <trkpt lat="55.510807" lon="-2.943117">
        <ele>178.2</ele>
      </trkpt>
      <trkpt lat="55.510777" lon="-2.943213">
        <ele>178.6</ele>
      </trkpt>
      <trkpt lat="55.510746" lon="-2.943307">
        <ele>178.8</ele>
      </trkpt>
      <trkpt lat="55.510712" lon="-2.943402">
        <ele>178.8</ele>
      </trkpt>
      <trkpt lat="55.510677" lon="-2.943497">
        <ele>179.0</ele>
      </trkpt>
      <trkpt lat="55.510643" lon="-2.943594">
        <ele>179.2</ele>
      </trkpt>
      <trkpt lat="55.510612" lon="-2.943692">
        <ele>179.2</ele>
      </trkpt>
      <trkpt lat="55.510586" lon="-2.943772">
        <ele>179.4</ele>
      </trkpt>
      <trkpt lat="55.510548" lon="-2.943894">
        <ele>179.4</ele>
      </trkpt>
      <trkpt lat="55.510517" lon="-2.943997">
        <ele>179.6</ele>
      </trkpt>
      <trkpt lat="55.51049" lon="-2.944106">
        <ele>179.6</ele>
      </trkpt>
      <trkpt lat="55.510464" lon="-2.944218">
        <ele>179.6</ele>
      </trkpt>
      <trkpt lat="55.510441" lon="-2.944334">
        <ele>179.6</ele>
      </trkpt>
      <trkpt lat="55.510418" lon="-2.944452">
        <ele>179.6</ele>
      </trkpt>
      <trkpt lat="55.510403" lon="-2.944572">
        <ele>179.6</ele>
      </trkpt>
      <trkpt lat="55.510387" lon="-2.944696">
        <ele>179.4</ele>
      </trkpt>
      <trkpt lat="55.510376" lon="-2.94482">
        <ele>179.4</ele>
      </trkpt>
      <trkpt lat="55.510368" lon="-2.944944">
        <ele>179.4</ele>
      </trkpt>
      <trkpt lat="55.510365" lon="-2.945066">
        <ele>179.2</ele>
      </trkpt>
      <trkpt lat="55.510357" lon="-2.945183">
        <ele>179.2</ele>
      </trkpt>
      <trkpt lat="55.510349" lon="-2.945296">
        <ele>179.2</ele>
      </trkpt>
      <trkpt lat="55.510342" lon="-2.945407">
        <ele>179.2</ele>
      </trkpt>
      <trkpt lat="55.510338" lon="-2.945514">
        <ele>179.0</ele>
      </trkpt>
      <trkpt lat="55.51033" lon="-2.945619">
        <ele>179.0</ele>
      </trkpt>
      <trkpt lat="55.510323" lon="-2.945723">
        <ele>179.0</ele>
      </trkpt>
      <trkpt lat="55.510315" lon="-2.945828">
        <ele>179.2</ele>
      </trkpt>
      <trkpt lat="55.510303" lon="-2.945935">
        <ele>179.2</ele>
      </trkpt>
      <trkpt lat="55.510292" lon="-2.94604">
        <ele>179.6</ele>
      </trkpt>
      <trkpt lat="55.510277" lon="-2.946148">
        <ele>179.6</ele>
      </trkpt>
      <trkpt lat="55.510262" lon="-2.946259">
        <ele>179.8</ele>
      </trkpt>
      <trkpt lat="55.510242" lon="-2.946369">
        <ele>179.8</ele>
      </trkpt>
      <trkpt lat="55.510216" lon="-2.946485">
        <ele>180.0</ele>
      </trkpt>
      <trkpt lat="55.510185" lon="-2.9466">
        <ele>180.0</ele>
      </trkpt>
      <trkpt lat="55.510151" lon="-2.946717">
        <ele>180.0</ele>
      </trkpt>
      <trkpt lat="55.51012" lon="-2.946812">
        <ele>180.0</ele>
      </trkpt>
      <trkpt lat="55.510075" lon="-2.946955">
        <ele>179.8</ele>
      </trkpt>
      <trkpt lat="55.510036" lon="-2.94708">
        <ele>179.6</ele>
      </trkpt>
      <trkpt lat="55.51001" lon="-2.947211">
        <ele>179.4</ele>
      </trkpt>
      <trkpt lat="55.509987" lon="-2.947351">
        <ele>179.4</ele>
      </trkpt>
      <trkpt lat="55.509979" lon="-2.947492">
        <ele>179.2</ele>
      </trkpt>
      <trkpt lat="55.509983" lon="-2.947603">
        <ele>179.0</ele>
      </trkpt>
      <trkpt lat="55.509995" lon="-2.947781">
        <ele>178.8</ele>
      </trkpt>
      <trkpt lat="55.51001" lon="-2.947935">
        <ele>178.6</ele>
      </trkpt>
      <trkpt lat="55.510021" lon="-2.948096">
        <ele>178.6</ele>
      </trkpt>
      <trkpt lat="55.510025" lon="-2.948255">
        <ele>178.4</ele>
      </trkpt>
      <trkpt lat="55.510025" lon="-2.948411">
        <ele>177.8</ele>
      </trkpt>
      <trkpt lat="55.510021" lon="-2.948565">
        <ele>177.2</ele>
      </trkpt>
      <trkpt lat="55.510014" lon="-2.948686">
        <ele>176.8</ele>
      </trkpt>
      <trkpt lat="55.510014" lon="-2.948686">
        <ele>176.8</ele>
      </trkpt>
      <trkpt lat="55.509991" lon="-2.94895">
        <ele>176.6</ele>
      </trkpt>
      <trkpt lat="55.509979" lon="-2.949067">
        <ele>176.6</ele>
      </trkpt>
      <trkpt lat="55.509956" lon="-2.949296">
        <ele>175.8</ele>
      </trkpt>
      <trkpt lat="55.509949" lon="-2.949411">
        <ele>175.2</ele>
      </trkpt>
      <trkpt lat="55.509941" lon="-2.949581">
        <ele>174.8</ele>
      </trkpt>
      <trkpt lat="55.509937" lon="-2.94972">
        <ele>174.4</ele>
      </trkpt>
      <trkpt lat="55.50993" lon="-2.94983">
        <ele>174.2</ele>
      </trkpt>
      <trkpt lat="55.509922" lon="-2.949987">
        <ele>174.0</ele>
      </trkpt>
      <trkpt lat="55.509911" lon="-2.950114">
        <ele>173.8</ele>
      </trkpt>
      <trkpt lat="55.509899" lon="-2.950236">
        <ele>173.8</ele>
      </trkpt>
      <trkpt lat="55.509888" lon="-2.950357">
        <ele>173.8</ele>
      </trkpt>
      <trkpt lat="55.509876" lon="-2.950455">
        <ele>173.8</ele>
      </trkpt>
      <trkpt lat="55.509853" lon="-2.950605">
        <ele>173.8</ele>
      </trkpt>
      <trkpt lat="55.509834" lon="-2.950731">
        <ele>173.8</ele>
      </trkpt>
      <trkpt lat="55.509819" lon="-2.950859">
        <ele>173.8</ele>
      </trkpt>
      <trkpt lat="55.509808" lon="-2.950988">
        <ele>173.8</ele>
      </trkpt>
      <trkpt lat="55.509804" lon="-2.951093">
        <ele>173.8</ele>
      </trkpt>
      <trkpt lat="55.509804" lon="-2.951226">
        <ele>173.8</ele>
      </trkpt>
      <trkpt lat="55.509808" lon="-2.951362">
        <ele>173.6</ele>
      </trkpt>
      <trkpt lat="55.509811" lon="-2.951531">
        <ele>173.4</ele>
      </trkpt>
      <trkpt lat="55.509819" lon="-2.951648">
        <ele>173.4</ele>
      </trkpt>
      <trkpt lat="55.509827" lon="-2.951795">
        <ele>173.4</ele>
      </trkpt>
      <trkpt lat="55.50983" lon="-2.951968">
        <ele>173.2</ele>
      </trkpt>
      <trkpt lat="55.50983" lon="-2.95211">
        <ele>172.8</ele>
      </trkpt>
      <trkpt lat="55.50983" lon="-2.95225">
        <ele>172.4</ele>
      </trkpt>
      <trkpt lat="55.509827" lon="-2.952385">
        <ele>172.2</ele>
      </trkpt>
      <trkpt lat="55.509823" lon="-2.952492">
        <ele>172.0</ele>
      </trkpt>
      <trkpt lat="55.509823" lon="-2.952647">
        <ele>172.0</ele>
      </trkpt>
      <trkpt lat="55.509834" lon="-2.952772">
        <ele>171.8</ele>
      </trkpt>
      <trkpt lat="55.50985" lon="-2.952896">
        <ele>171.8</ele>
      </trkpt>
      <trkpt lat="55.509869" lon="-2.952989">
        <ele>171.8</ele>
      </trkpt>
      <trkpt lat="55.509903" lon="-2.95312">
        <ele>171.8</ele>
      </trkpt>
      <trkpt lat="55.509933" lon="-2.953222">
        <ele>172.0</ele>
      </trkpt>
      <trkpt lat="55.50996" lon="-2.953322">
        <ele>172.0</ele>
      </trkpt>
      <trkpt lat="55.509991" lon="-2.95342">
        <ele>172.2</ele>
      </trkpt>
      <trkpt lat="55.510017" lon="-2.953498">
        <ele>172.4</ele>
      </trkpt>
      <trkpt lat="55.510052" lon="-2.953595">
        <ele>172.6</ele>
      </trkpt>
      <trkpt lat="55.510094" lon="-2.953708">
        <ele>172.8</ele>
      </trkpt>
      <trkpt lat="55.51012" lon="-2.953781">
        <ele>172.8</ele>
      </trkpt>
      <trkpt lat="55.510155" lon="-2.953877">
        <ele>173.0</ele>
      </trkpt>
      <trkpt lat="55.510193" lon="-2.953973">
        <ele>173.0</ele>
      </trkpt>
      <trkpt lat="55.510227" lon="-2.954071">
        <ele>173.2</ele>
      </trkpt>
      <trkpt lat="55.510262" lon="-2.954171">
        <ele>173.2</ele>
      </trkpt>
      <trkpt lat="55.510288" lon="-2.954278">
        <ele>173.4</ele>
      </trkpt>
      <trkpt lat="55.510311" lon="-2.954388">
        <ele>173.4</ele>
      </trkpt>
      <trkpt lat="55.510326" lon="-2.954501">
        <ele>173.4</ele>
      </trkpt>
      <trkpt lat="55.51033" lon="-2.954615">
        <ele>173.4</ele>
      </trkpt>
      <trkpt lat="55.51033" lon="-2.954727">
        <ele>173.4</ele>
      </trkpt>
      <trkpt lat="55.510326" lon="-2.954839">
        <ele>173.4</ele>
      </trkpt>
      <trkpt lat="55.510323" lon="-2.954949">
        <ele>173.4</ele>
      </trkpt>
      <trkpt lat="55.510319" lon="-2.955057">
        <ele>173.4</ele>
      </trkpt>
      <trkpt lat="55.510315" lon="-2.955165">
        <ele>173.4</ele>
      </trkpt>
      <trkpt lat="55.510311" lon="-2.955275">
        <ele>173.4</ele>
      </trkpt>
      <trkpt lat="55.510307" lon="-2.955385">
        <ele>173.4</ele>
      </trkpt>
      <trkpt lat="55.510303" lon="-2.955498">
        <ele>173.4</ele>
      </trkpt>
      <trkpt lat="55.510303" lon="-2.955611">
        <ele>173.4</ele>
      </trkpt>
      <trkpt lat="55.5103" lon="-2.955727">
        <ele>173.6</ele>
      </trkpt>
      <trkpt lat="55.510292" lon="-2.955841">
        <ele>173.6</ele>
      </trkpt>
      <trkpt lat="55.510284" lon="-2.955956">
        <ele>173.6</ele>
      </trkpt>
      <trkpt lat="55.510284" lon="-2.955956">
        <ele>173.8</ele>
      </trkpt>
      <trkpt lat="55.510254" lon="-2.956156">
        <ele>173.8</ele>
      </trkpt>
      <trkpt lat="55.510239" lon="-2.956241">
        <ele>173.8</ele>
      </trkpt>
      <trkpt lat="55.510197" lon="-2.956409">
        <ele>173.8</ele>
      </trkpt>
      <trkpt lat="55.510174" lon="-2.956491">
        <ele>173.8</ele>
      </trkpt>
      <trkpt lat="55.510151" lon="-2.956592">
        <ele>173.8</ele>
      </trkpt>
      <trkpt lat="55.51012" lon="-2.956713">
        <ele>173.8</ele>
      </trkpt>
      <trkpt lat="55.510101" lon="-2.956796">
        <ele>173.8</ele>
      </trkpt>
      <trkpt lat="55.510078" lon="-2.956901">
        <ele>173.8</ele>
      </trkpt>
      <trkpt lat="55.510059" lon="-2.957007">
        <ele>173.8</ele>
      </trkpt>
      <trkpt lat="55.51004" lon="-2.957114">
        <ele>174.0</ele>
      </trkpt>
      <trkpt lat="55.510021" lon="-2.957223">
        <ele>174.0</ele>
      </trkpt>
      <trkpt lat="55.51001" lon="-2.957334">
        <ele>174.0</ele>
      </trkpt>
      <trkpt lat="55.509998" lon="-2.957448">
        <ele>174.0</ele>
      </trkpt>
      <trkpt lat="55.509995" lon="-2.957564">
        <ele>174.0</ele>
      </trkpt>
      <trkpt lat="55.509995" lon="-2.957684">
        <ele>174.0</ele>
      </trkpt>
      <trkpt lat="55.509998" lon="-2.957805">
        <ele>174.0</ele>
      </trkpt>
      <trkpt lat="55.510002" lon="-2.957925">
        <ele>174.0</ele>
      </trkpt>
      <trkpt lat="55.510006" lon="-2.958049">
        <ele>173.8</ele>
      </trkpt>
      <trkpt lat="55.51001" lon="-2.958171">
        <ele>173.6</ele>
      </trkpt>
      <trkpt lat="55.510017" lon="-2.958294">
        <ele>173.4</ele>
      </trkpt>
      <trkpt lat="55.510021" lon="-2.958417">
        <ele>173.4</ele>
      </trkpt>
      <trkpt lat="55.510021" lon="-2.958543">
        <ele>173.2</ele>
      </trkpt>
      <trkpt lat="55.510021" lon="-2.958667">
        <ele>173.0</ele>
      </trkpt>
      <trkpt lat="55.510029" lon="-2.958794">
        <ele>173.0</ele>
      </trkpt>
      <trkpt lat="55.510033" lon="-2.958919">
        <ele>172.8</ele>
      </trkpt>
      <trkpt lat="55.51004" lon="-2.959044">
        <ele>172.6</ele>
      </trkpt>
      <trkpt lat="55.510048" lon="-2.959168">
        <ele>172.6</ele>
      </trkpt>
      <trkpt lat="55.510056" lon="-2.959294">
        <ele>172.6</ele>
      </trkpt>
      <trkpt lat="55.510067" lon="-2.959419">
        <ele>172.4</ele>
      </trkpt>
      <trkpt lat="55.510082" lon="-2.95954">
        <ele>172.4</ele>
      </trkpt>
      <trkpt lat="55.510105" lon="-2.959659">
        <ele>172.2</ele>
      </trkpt>
      <trkpt lat="55.510128" lon="-2.959774">
        <ele>172.2</ele>
      </trkpt>
      <trkpt lat="55.510155" lon="-2.959886">
        <ele>172.2</ele>
      </trkpt>
      <trkpt lat="55.510178" lon="-2.959996">
        <ele>172.0</ele>
      </trkpt>
      <trkpt lat="55.510201" lon="-2.960103">
        <ele>172.0</ele>
      </trkpt>
      <trkpt lat="55.510223" lon="-2.960207">
        <ele>172.0</ele>
      </trkpt>
      <trkpt lat="55.510246" lon="-2.960307">
        <ele>172.0</ele>
      </trkpt>
      <trkpt lat="55.510273" lon="-2.96043">
        <ele>172.0</ele>
      </trkpt>
      <trkpt lat="55.510288" lon="-2.960514">
        <ele>172.0</ele>
      </trkpt>
      <trkpt lat="55.510311" lon="-2.960618">
        <ele>172.0</ele>
      </trkpt>
      <trkpt lat="55.51033" lon="-2.960723">
        <ele>172.4</ele>
      </trkpt>
      <trkpt lat="55.510353" lon="-2.960824">
        <ele>172.4</ele>
      </trkpt>
      <trkpt lat="55.51038" lon="-2.960945">
        <ele>172.6</ele>
      </trkpt>
      <trkpt lat="55.510399" lon="-2.961024">
        <ele>172.6</ele>
      </trkpt>
      <trkpt lat="55.510422" lon="-2.961125">
        <ele>172.8</ele>
      </trkpt>
      <trkpt lat="55.510448" lon="-2.961227">
        <ele>173.0</ele>
      </trkpt>
      <trkpt lat="55.510475" lon="-2.961337">
        <ele>173.0</ele>
      </trkpt>
      <trkpt lat="55.510506" lon="-2.961448">
        <ele>173.4</ele>
      </trkpt>
      <trkpt lat="55.51054" lon="-2.961565">
        <ele>173.2</ele>
      </trkpt>
      <trkpt lat="55.510571" lon="-2.961687">
        <ele>173.2</ele>
      </trkpt>
      <trkpt lat="55.510597" lon="-2.961818">
        <ele>173.2</ele>
      </trkpt>
      <trkpt lat="55.51062" lon="-2.961952">
        <ele>173.2</ele>
      </trkpt>
      <trkpt lat="55.510643" lon="-2.962092">
        <ele>173.2</ele>
      </trkpt>
      <trkpt lat="55.510662" lon="-2.962241">
        <ele>173.2</ele>
      </trkpt>
      <trkpt lat="55.510681" lon="-2.962394">
        <ele>172.6</ele>
      </trkpt>
      <trkpt lat="55.510696" lon="-2.962547">
        <ele>172.4</ele>
      </trkpt>
      <trkpt lat="55.5107" lon="-2.962701">
        <ele>171.8</ele>
      </trkpt>
      <trkpt lat="55.510708" lon="-2.962852">
        <ele>171.2</ele>
      </trkpt>
      <trkpt lat="55.510708" lon="-2.963002">
        <ele>171.0</ele>
      </trkpt>
      <trkpt lat="55.5107" lon="-2.963153">
        <ele>170.6</ele>
      </trkpt>
      <trkpt lat="55.510685" lon="-2.963308">
        <ele>170.4</ele>
      </trkpt>
      <trkpt lat="55.510666" lon="-2.963466">
        <ele>170.0</ele>
      </trkpt>
      <trkpt lat="55.510643" lon="-2.963617">
        <ele>169.4</ele>
      </trkpt>
      <trkpt lat="55.510612" lon="-2.963764">
        <ele>169.2</ele>
      </trkpt>
      <trkpt lat="55.510578" lon="-2.963909">
        <ele>168.8</ele>
      </trkpt>
      <trkpt lat="55.510544" lon="-2.964048">
        <ele>168.8</ele>
      </trkpt>
      <trkpt lat="55.510506" lon="-2.964183">
        <ele>168.4</ele>
      </trkpt>
      <trkpt lat="55.510468" lon="-2.964315">
        <ele>168.0</ele>
      </trkpt>
      <trkpt lat="55.510426" lon="-2.964437">
        <ele>168.0</ele>
      </trkpt>
      <trkpt lat="55.510368" lon="-2.964565">
        <ele>167.8</ele>
      </trkpt>
      <trkpt lat="55.510319" lon="-2.964663">
        <ele>167.4</ele>
      </trkpt>
      <trkpt lat="55.510277" lon="-2.964734">
        <ele>167.0</ele>
      </trkpt>
      <trkpt lat="55.510216" lon="-2.964813">
        <ele>166.8</ele>
      </trkpt>
      <trkpt lat="55.510136" lon="-2.964895">
        <ele>166.6</ele>
      </trkpt>
      <trkpt lat="55.510067" lon="-2.964955">
        <ele>166.2</ele>
      </trkpt>
      <trkpt lat="55.51001" lon="-2.965001">
        <ele>166.2</ele>
      </trkpt>
      <trkpt lat="55.509922" lon="-2.965066">
        <ele>166.0</ele>
      </trkpt>
      <trkpt lat="55.509869" lon="-2.965109">
        <ele>166.0</ele>
      </trkpt>
      <trkpt lat="55.509804" lon="-2.965164">
        <ele>166.0</ele>
      </trkpt>
      <trkpt lat="55.509727" lon="-2.965234">
        <ele>165.8</ele>
      </trkpt>
      <trkpt lat="55.509678" lon="-2.965276">
        <ele>165.8</ele>
      </trkpt>
      <trkpt lat="55.509617" lon="-2.965321">
        <ele>165.6</ele>
      </trkpt>
      <trkpt lat="55.509556" lon="-2.965363">
        <ele>165.6</ele>
      </trkpt>
      <trkpt lat="55.509502" lon="-2.965414">
        <ele>165.6</ele>
      </trkpt>
      <trkpt lat="55.509441" lon="-2.965478">
        <ele>165.6</ele>
      </trkpt>
      <trkpt lat="55.509441" lon="-2.965478">
        <ele>165.4</ele>
      </trkpt>
      <trkpt lat="55.509354" lon="-2.965562">
        <ele>165.4</ele>
      </trkpt>
      <trkpt lat="55.509308" lon="-2.965601">
        <ele>165.6</ele>
      </trkpt>
      <trkpt lat="55.509224" lon="-2.96568">
        <ele>165.6</ele>
      </trkpt>
      <trkpt lat="55.509171" lon="-2.965733">
        <ele>165.8</ele>
      </trkpt>
      <trkpt lat="55.509125" lon="-2.96578">
        <ele>166.0</ele>
      </trkpt>
      <trkpt lat="55.509068" lon="-2.965839">
        <ele>166.2</ele>
      </trkpt>
      <trkpt lat="55.50901" lon="-2.965904">
        <ele>166.4</ele>
      </trkpt>
      <trkpt lat="55.508945" lon="-2.965978">
        <ele>166.6</ele>
      </trkpt>
      <trkpt lat="55.508896" lon="-2.966031">
        <ele>166.6</ele>
      </trkpt>
      <trkpt lat="55.508842" lon="-2.966091">
        <ele>166.8</ele>
      </trkpt>
      <trkpt lat="55.508778" lon="-2.966163">
        <ele>167.0</ele>
      </trkpt>
      <trkpt lat="55.508728" lon="-2.966223">
        <ele>167.2</ele>
      </trkpt>
      <trkpt lat="55.508675" lon="-2.966283">
        <ele>167.2</ele>
      </trkpt>
      <trkpt lat="55.508625" lon="-2.966343">
        <ele>167.4</ele>
      </trkpt>
      <trkpt lat="55.508572" lon="-2.966399">
        <ele>167.4</ele>
      </trkpt>
      <trkpt lat="55.508522" lon="-2.966456">
        <ele>167.6</ele>
      </trkpt>
      <trkpt lat="55.508472" lon="-2.966522">
        <ele>167.6</ele>
      </trkpt>
      <trkpt lat="55.508427" lon="-2.966599">
        <ele>167.6</ele>
      </trkpt>
      <trkpt lat="55.508389" lon="-2.966691">
        <ele>167.8</ele>
      </trkpt>
      <trkpt lat="55.508369" lon="-2.966796">
        <ele>167.8</ele>
      </trkpt>
      <trkpt lat="55.508373" lon="-2.966884">
        <ele>167.8</ele>
      </trkpt>
      <trkpt lat="55.508389" lon="-2.967013">
        <ele>168.0</ele>
      </trkpt>
      <trkpt lat="55.508411" lon="-2.967121">
        <ele>168.0</ele>
      </trkpt>
      <trkpt lat="55.508427" lon="-2.967234">
        <ele>168.0</ele>
      </trkpt>
      <trkpt lat="55.508434" lon="-2.96735">
        <ele>168.0</ele>
      </trkpt>
      <trkpt lat="55.508438" lon="-2.967465">
        <ele>168.0</ele>
      </trkpt>
      <trkpt lat="55.508438" lon="-2.967581">
        <ele>168.0</ele>
      </trkpt>
      <trkpt lat="55.508442" lon="-2.967698">
        <ele>168.0</ele>
      </trkpt>
      <trkpt lat="55.508446" lon="-2.967816">
        <ele>167.8</ele>
      </trkpt>
      <trkpt lat="55.50845" lon="-2.967932">
        <ele>167.8</ele>
      </trkpt>
      <trkpt lat="55.508453" lon="-2.968047">
        <ele>167.6</ele>
      </trkpt>
      <trkpt lat="55.508453" lon="-2.968159">
        <ele>167.4</ele>
      </trkpt>
      <trkpt lat="55.508457" lon="-2.968272">
        <ele>167.4</ele>
      </trkpt>
      <trkpt lat="55.508457" lon="-2.968384">
        <ele>167.4</ele>
      </trkpt>
      <trkpt lat="55.508453" lon="-2.968495">
        <ele>167.4</ele>
      </trkpt>
      <trkpt lat="55.508453" lon="-2.968607">
        <ele>167.4</ele>
      </trkpt>
      <trkpt lat="55.508453" lon="-2.968714">
        <ele>167.4</ele>
      </trkpt>
      <trkpt lat="55.508453" lon="-2.9688">
        <ele>167.4</ele>
      </trkpt>
      <trkpt lat="55.508453" lon="-2.968929">
        <ele>167.4</ele>
      </trkpt>
      <trkpt lat="55.508453" lon="-2.969035">
        <ele>167.4</ele>
      </trkpt>
      <trkpt lat="55.508457" lon="-2.969117">
        <ele>167.6</ele>
      </trkpt>
      <trkpt lat="55.508461" lon="-2.969218">
        <ele>167.6</ele>
      </trkpt>
      <trkpt lat="55.508465" lon="-2.969339">
        <ele>167.8</ele>
      </trkpt>
      <trkpt lat="55.508469" lon="-2.969439">
        <ele>168.0</ele>
      </trkpt>
      <trkpt lat="55.508469" lon="-2.969518">
        <ele>168.2</ele>
      </trkpt>
      <trkpt lat="55.508472" lon="-2.969616">
        <ele>168.2</ele>
      </trkpt>
      <trkpt lat="55.508472" lon="-2.969736">
        <ele>168.2</ele>
      </trkpt>
      <trkpt lat="55.508469" lon="-2.969816">
        <ele>168.4</ele>
      </trkpt>
      <trkpt lat="55.508469" lon="-2.969937">
        <ele>168.6</ele>
      </trkpt>
      <trkpt lat="55.508465" lon="-2.970037">
        <ele>168.8</ele>
      </trkpt>
      <trkpt lat="55.508465" lon="-2.970118">
        <ele>169.0</ele>
      </trkpt>
      <trkpt lat="55.508469" lon="-2.970218">
        <ele>169.2</ele>
      </trkpt>
      <trkpt lat="55.508472" lon="-2.970334">
        <ele>169.2</ele>
      </trkpt>
      <trkpt lat="55.508476" lon="-2.97043">
        <ele>169.4</ele>
      </trkpt>
      <trkpt lat="55.50848" lon="-2.970506">
        <ele>169.8</ele>
      </trkpt>
      <trkpt lat="55.508484" lon="-2.970602">
        <ele>169.8</ele>
      </trkpt>
      <trkpt lat="55.508484" lon="-2.970699">
        <ele>170.2</ele>
      </trkpt>
      <trkpt lat="55.508484" lon="-2.970811">
        <ele>170.2</ele>
      </trkpt>
      <trkpt lat="55.508488" lon="-2.970902">
        <ele>170.6</ele>
      </trkpt>
      <trkpt lat="55.508492" lon="-2.970974">
        <ele>170.6</ele>
      </trkpt>
      <trkpt lat="55.508495" lon="-2.971061">
        <ele>170.8</ele>
      </trkpt>
      <trkpt lat="55.508495" lon="-2.971164">
        <ele>170.8</ele>
      </trkpt>
      <trkpt lat="55.508499" lon="-2.971248">
        <ele>171.0</ele>
      </trkpt>
      <trkpt lat="55.508499" lon="-2.971248">
        <ele>171.2</ele>
      </trkpt>
      <trkpt lat="55.508495" lon="-2.971386">
        <ele>171.4</ele>
      </trkpt>
      <trkpt lat="55.508499" lon="-2.971454">
        <ele>171.4</ele>
      </trkpt>
      <trkpt lat="55.508499" lon="-2.971591">
        <ele>171.6</ele>
      </trkpt>
      <trkpt lat="55.508499" lon="-2.971657">
        <ele>171.8</ele>
      </trkpt>
      <trkpt lat="55.508495" lon="-2.97174">
        <ele>172.0</ele>
      </trkpt>
      <trkpt lat="55.508492" lon="-2.971821">
        <ele>172.2</ele>
      </trkpt>
      <trkpt lat="55.508488" lon="-2.971901">
        <ele>172.4</ele>
      </trkpt>
      <trkpt lat="55.508492" lon="-2.971979">
        <ele>172.6</ele>
      </trkpt>
      <trkpt lat="55.508488" lon="-2.97207">
        <ele>172.8</ele>
      </trkpt>
      <trkpt lat="55.508488" lon="-2.972129">
        <ele>173.0</ele>
      </trkpt>
      <trkpt lat="55.508484" lon="-2.972199">
        <ele>173.0</ele>
      </trkpt>
      <trkpt lat="55.508484" lon="-2.972267">
        <ele>173.4</ele>
      </trkpt>
      <trkpt lat="55.50848" lon="-2.972335">
        <ele>173.8</ele>
      </trkpt>
      <trkpt lat="55.508472" lon="-2.972401">
        <ele>174.0</ele>
      </trkpt>
      <trkpt lat="55.508469" lon="-2.972466">
        <ele>174.4</ele>
      </trkpt>
      <trkpt lat="55.508461" lon="-2.972531">
        <ele>174.6</ele>
      </trkpt>
      <trkpt lat="55.50845" lon="-2.972592">
        <ele>175.2</ele>
      </trkpt>
      <trkpt lat="55.508434" lon="-2.972662">
        <ele>175.4</ele>
      </trkpt>
      <trkpt lat="55.508423" lon="-2.972708">
        <ele>175.8</ele>
      </trkpt>
      <trkpt lat="55.508404" lon="-2.972765">
        <ele>176.2</ele>
      </trkpt>
      <trkpt lat="55.508389" lon="-2.972819">
        <ele>176.2</ele>
      </trkpt>
      <trkpt lat="55.508369" lon="-2.972874">
        <ele>176.6</ele>
      </trkpt>
      <trkpt lat="55.50835" lon="-2.972928">
        <ele>176.8</ele>
      </trkpt>
      <trkpt lat="55.508331" lon="-2.972984">
        <ele>177.4</ele>
      </trkpt>
      <trkpt lat="55.508312" lon="-2.97304">
        <ele>177.6</ele>
      </trkpt>
      <trkpt lat="55.508297" lon="-2.973095">
        <ele>178.0</ele>
      </trkpt>
      <trkpt lat="55.508282" lon="-2.973148">
        <ele>178.6</ele>
      </trkpt>
      <trkpt lat="55.508263" lon="-2.973205">
        <ele>178.8</ele>
      </trkpt>
      <trkpt lat="55.508244" lon="-2.97326">
        <ele>179.2</ele>
      </trkpt>
      <trkpt lat="55.508224" lon="-2.973315">
        <ele>179.4</ele>
      </trkpt>
      <trkpt lat="55.508205" lon="-2.973369">
        <ele>179.8</ele>
      </trkpt>
      <trkpt lat="55.508186" lon="-2.973423">
        <ele>180.0</ele>
      </trkpt>
      <trkpt lat="55.508167" lon="-2.973475">
        <ele>180.2</ele>
      </trkpt>
      <trkpt lat="55.508148" lon="-2.973526">
        <ele>180.6</ele>
      </trkpt>
      <trkpt lat="55.508129" lon="-2.973577">
        <ele>180.8</ele>
      </trkpt>
      <trkpt lat="55.50811" lon="-2.973629">
        <ele>181.2</ele>
      </trkpt>
      <trkpt lat="55.508095" lon="-2.973675">
        <ele>181.4</ele>
      </trkpt>
      <trkpt lat="55.508076" lon="-2.973727">
        <ele>182.0</ele>
      </trkpt>
      <trkpt lat="55.508053" lon="-2.973781">
        <ele>182.2</ele>
      </trkpt>
      <trkpt lat="55.508034" lon="-2.973834">
        <ele>182.6</ele>
      </trkpt>
      <trkpt lat="55.508011" lon="-2.973885">
        <ele>183.0</ele>
      </trkpt>
      <trkpt lat="55.507992" lon="-2.973933">
        <ele>183.2</ele>
      </trkpt>
      <trkpt lat="55.507973" lon="-2.973981">
        <ele>183.6</ele>
      </trkpt>
      <trkpt lat="55.507954" lon="-2.974021">
        <ele>183.8</ele>
      </trkpt>
      <trkpt lat="55.507938" lon="-2.974068">
        <ele>184.2</ele>
      </trkpt>
      <trkpt lat="55.507919" lon="-2.974119">
        <ele>184.6</ele>
      </trkpt>
      <trkpt lat="55.507896" lon="-2.974172">
        <ele>184.8</ele>
      </trkpt>
      <trkpt lat="55.507877" lon="-2.974223">
        <ele>185.2</ele>
      </trkpt>
      <trkpt lat="55.507858" lon="-2.974274">
        <ele>185.4</ele>
      </trkpt>
      <trkpt lat="55.507839" lon="-2.974325">
        <ele>185.8</ele>
      </trkpt>
      <trkpt lat="55.507832" lon="-2.974373">
        <ele>186.2</ele>
      </trkpt>
      <trkpt lat="55.50782" lon="-2.974418">
        <ele>186.4</ele>
      </trkpt>
      <trkpt lat="55.507805" lon="-2.974463">
        <ele>186.6</ele>
      </trkpt>
      <trkpt lat="55.507786" lon="-2.974512">
        <ele>186.8</ele>
      </trkpt>
      <trkpt lat="55.507763" lon="-2.974568">
        <ele>187.4</ele>
      </trkpt>
      <trkpt lat="55.507736" lon="-2.974622">
        <ele>187.4</ele>
      </trkpt>
      <trkpt lat="55.507713" lon="-2.974675">
        <ele>187.8</ele>
      </trkpt>
      <trkpt lat="55.50769" lon="-2.974731">
        <ele>188.2</ele>
      </trkpt>
      <trkpt lat="55.50766" lon="-2.974787">
        <ele>188.4</ele>
      </trkpt>
      <trkpt lat="55.507633" lon="-2.974842">
        <ele>188.6</ele>
      </trkpt>
      <trkpt lat="55.507603" lon="-2.974899">
        <ele>189.0</ele>
      </trkpt>
      <trkpt lat="55.507576" lon="-2.974956">
        <ele>189.2</ele>
      </trkpt>
      <trkpt lat="55.507549" lon="-2.975013">
        <ele>189.4</ele>
      </trkpt>
      <trkpt lat="55.507526" lon="-2.975068">
        <ele>190.0</ele>
      </trkpt>
      <trkpt lat="55.507504" lon="-2.975127">
        <ele>190.2</ele>
      </trkpt>
      <trkpt lat="55.507481" lon="-2.975186">
        <ele>190.4</ele>
      </trkpt>
      <trkpt lat="55.507458" lon="-2.975247">
        <ele>190.6</ele>
      </trkpt>
      <trkpt lat="55.507435" lon="-2.975309">
        <ele>190.8</ele>
      </trkpt>
      <trkpt lat="55.507416" lon="-2.975371">
        <ele>191.0</ele>
      </trkpt>
      <trkpt lat="55.507401" lon="-2.975436">
        <ele>191.6</ele>
      </trkpt>
      <trkpt lat="55.507385" lon="-2.975506">
        <ele>191.6</ele>
      </trkpt>
      <trkpt lat="55.507374" lon="-2.975575">
        <ele>192.0</ele>
      </trkpt>
      <trkpt lat="55.507362" lon="-2.975646">
        <ele>192.2</ele>
      </trkpt>
      <trkpt lat="55.507351" lon="-2.975717">
        <ele>192.4</ele>
      </trkpt>
      <trkpt lat="55.507339" lon="-2.975787">
        <ele>192.6</ele>
      </trkpt>
      <trkpt lat="55.507324" lon="-2.975858">
        <ele>192.8</ele>
      </trkpt>
      <trkpt lat="55.507313" lon="-2.975927">
        <ele>193.0</ele>
      </trkpt>
      <trkpt lat="55.507294" lon="-2.975996">
        <ele>193.0</ele>
      </trkpt>
      <trkpt lat="55.507275" lon="-2.976062">
        <ele>193.2</ele>
      </trkpt>
      <trkpt lat="55.507252" lon="-2.976122">
        <ele>193.6</ele>
      </trkpt>
      <trkpt lat="55.507233" lon="-2.97618">
        <ele>194.0</ele>
      </trkpt>
      <trkpt lat="55.50721" lon="-2.976233">
        <ele>194.2</ele>
      </trkpt>
      <trkpt lat="55.507183" lon="-2.976284">
        <ele>194.8</ele>
      </trkpt>
      <trkpt lat="55.507153" lon="-2.976331">
        <ele>195.2</ele>
      </trkpt>
      <trkpt lat="55.507118" lon="-2.976379">
        <ele>195.4</ele>
      </trkpt>
      <trkpt lat="55.507092" lon="-2.976429">
        <ele>195.8</ele>
      </trkpt>
      <trkpt lat="55.507061" lon="-2.976478">
        <ele>196.0</ele>
      </trkpt>
      <trkpt lat="55.50703" lon="-2.976526">
        <ele>196.4</ele>
      </trkpt>
      <trkpt lat="55.507004" lon="-2.97657">
        <ele>196.8</ele>
      </trkpt>
      <trkpt lat="55.506969" lon="-2.976615">
        <ele>197.0</ele>
      </trkpt>
      <trkpt lat="55.506935" lon="-2.97666">
        <ele>197.2</ele>
      </trkpt>
      <trkpt lat="55.506901" lon="-2.976707">
        <ele>197.4</ele>
      </trkpt>
      <trkpt lat="55.506866" lon="-2.976755">
        <ele>197.6</ele>
      </trkpt>
      <trkpt lat="55.506832" lon="-2.976802">
        <ele>197.8</ele>
      </trkpt>
      <trkpt lat="55.506794" lon="-2.976851">
        <ele>198.2</ele>
      </trkpt>
      <trkpt lat="55.506756" lon="-2.976897">
        <ele>198.4</ele>
      </trkpt>
      <trkpt lat="55.506721" lon="-2.97694">
        <ele>198.6</ele>
      </trkpt>
      <trkpt lat="55.506687" lon="-2.97698">
        <ele>198.6</ele>
      </trkpt>
      <trkpt lat="55.506649" lon="-2.97702">
        <ele>198.8</ele>
      </trkpt>
      <trkpt lat="55.506607" lon="-2.977059">
        <ele>198.8</ele>
      </trkpt>
      <trkpt lat="55.506561" lon="-2.977095">
        <ele>199.0</ele>
      </trkpt>
      <trkpt lat="55.506516" lon="-2.977128">
        <ele>199.4</ele>
      </trkpt>
      <trkpt lat="55.50647" lon="-2.977158">
        <ele>199.8</ele>
      </trkpt>
      <trkpt lat="55.50642" lon="-2.977188">
        <ele>200.0</ele>
      </trkpt>
      <trkpt lat="55.506374" lon="-2.977216">
        <ele>200.2</ele>
      </trkpt>
      <trkpt lat="55.506325" lon="-2.977245">
        <ele>200.2</ele>
      </trkpt>
      <trkpt lat="55.506275" lon="-2.977276">
        <ele>200.6</ele>
      </trkpt>
      <trkpt lat="55.506222" lon="-2.977307">
        <ele>200.8</ele>
      </trkpt>
      <trkpt lat="55.506168" lon="-2.977347">
        <ele>201.0</ele>
      </trkpt>
      <trkpt lat="55.506111" lon="-2.977394">
        <ele>201.0</ele>
      </trkpt>
      <trkpt lat="55.506054" lon="-2.977453">
        <ele>201.0</ele>
      </trkpt>
      <trkpt lat="55.505997" lon="-2.977525">
        <ele>201.2</ele>
      </trkpt>
      <trkpt lat="55.505943" lon="-2.977606">
        <ele>201.2</ele>
      </trkpt>
      <trkpt lat="55.505898" lon="-2.977692">
        <ele>201.2</ele>
      </trkpt>
      <trkpt lat="55.505852" lon="-2.977779">
        <ele>201.0</ele>
      </trkpt>
      <trkpt lat="55.505806" lon="-2.977867">
        <ele>200.8</ele>
      </trkpt>
      <trkpt lat="55.50576" lon="-2.977953">
        <ele>200.6</ele>
      </trkpt>
      <trkpt lat="55.505711" lon="-2.978038">
        <ele>200.4</ele>
      </trkpt>
      <trkpt lat="55.505665" lon="-2.978127">
        <ele>200.0</ele>
      </trkpt>
      <trkpt lat="55.505619" lon="-2.978222">
        <ele>199.8</ele>
      </trkpt>
      <trkpt lat="55.505581" lon="-2.978316">
        <ele>199.6</ele>
      </trkpt>
      <trkpt lat="55.505547" lon="-2.978417">
        <ele>199.6</ele>
      </trkpt>
      <trkpt lat="55.505512" lon="-2.978522">
        <ele>199.4</ele>
      </trkpt>
      <trkpt lat="55.505486" lon="-2.978636">
        <ele>199.4</ele>
      </trkpt>
      <trkpt lat="55.505466" lon="-2.978756">
        <ele>199.2</ele>
      </trkpt>
      <trkpt lat="55.505455" lon="-2.97888">
        <ele>199.2</ele>
      </trkpt>
      <trkpt lat="55.505444" lon="-2.979007">
        <ele>199.2</ele>
      </trkpt>
      <trkpt lat="55.505428" lon="-2.979136">
        <ele>199.2</ele>
      </trkpt>
      <trkpt lat="55.505405" lon="-2.979263">
        <ele>198.8</ele>
      </trkpt>
      <trkpt lat="55.505383" lon="-2.979389">
        <ele>198.8</ele>
      </trkpt>
      <trkpt lat="55.50536" lon="-2.979512">
        <ele>198.6</ele>
      </trkpt>
      <trkpt lat="55.505337" lon="-2.97964">
        <ele>198.4</ele>
      </trkpt>
      <trkpt lat="55.50531" lon="-2.97977">
        <ele>198.0</ele>
      </trkpt>
      <trkpt lat="55.505287" lon="-2.979897">
        <ele>197.6</ele>
      </trkpt>
      <trkpt lat="55.505264" lon="-2.980024">
        <ele>197.4</ele>
      </trkpt>
      <trkpt lat="55.505238" lon="-2.980155">
        <ele>197.2</ele>
      </trkpt>
      <trkpt lat="55.505207" lon="-2.980284">
        <ele>197.0</ele>
      </trkpt>
      <trkpt lat="55.505177" lon="-2.98041">
        <ele>196.8</ele>
      </trkpt>
      <trkpt lat="55.50515" lon="-2.980536">
        <ele>196.8</ele>
      </trkpt>
      <trkpt lat="55.505112" lon="-2.980664">
        <ele>196.4</ele>
      </trkpt>
      <trkpt lat="55.50507" lon="-2.980786">
        <ele>196.0</ele>
      </trkpt>
      <trkpt lat="55.505024" lon="-2.980909">
        <ele>195.8</ele>
      </trkpt>
      <trkpt lat="55.504974" lon="-2.981027">
        <ele>195.4</ele>
      </trkpt>
      <trkpt lat="55.504921" lon="-2.981147">
        <ele>195.2</ele>
      </trkpt>
      <trkpt lat="55.504864" lon="-2.981267">
        <ele>194.8</ele>
      </trkpt>
      <trkpt lat="55.504799" lon="-2.981384">
        <ele>194.4</ele>
      </trkpt>
      <trkpt lat="55.504738" lon="-2.981493">
        <ele>194.2</ele>
      </trkpt>
      <trkpt lat="55.504673" lon="-2.981601">
        <ele>193.8</ele>
      </trkpt>
      <trkpt lat="55.504612" lon="-2.981705">
        <ele>193.8</ele>
      </trkpt>
      <trkpt lat="55.504612" lon="-2.981705">
        <ele>193.2</ele>
      </trkpt>
      <trkpt lat="55.50449" lon="-2.981884">
        <ele>192.8</ele>
      </trkpt>
      <trkpt lat="55.504436" lon="-2.98196">
        <ele>192.0</ele>
      </trkpt>
      <trkpt lat="55.50433" lon="-2.982111">
        <ele>191.4</ele>
      </trkpt>
      <trkpt lat="55.504276" lon="-2.982186">
        <ele>191.2</ele>
      </trkpt>
      <trkpt lat="55.504211" lon="-2.982278">
        <ele>190.6</ele>
      </trkpt>
      <trkpt lat="55.50415" lon="-2.982365">
        <ele>190.4</ele>
      </trkpt>
      <trkpt lat="55.504089" lon="-2.982451">
        <ele>190.0</ele>
      </trkpt>
      <trkpt lat="55.504028" lon="-2.982541">
        <ele>189.8</ele>
      </trkpt>
      <trkpt lat="55.503967" lon="-2.98263">
        <ele>189.4</ele>
      </trkpt>
      <trkpt lat="55.50391" lon="-2.982717">
        <ele>189.2</ele>
      </trkpt>
      <trkpt lat="55.503853" lon="-2.982803">
        <ele>189.2</ele>
      </trkpt>
      <trkpt lat="55.503796" lon="-2.982888">
        <ele>189.0</ele>
      </trkpt>
      <trkpt lat="55.503735" lon="-2.982977">
        <ele>189.0</ele>
      </trkpt>
      <trkpt lat="55.503677" lon="-2.983066">
        <ele>188.8</ele>
      </trkpt>
      <trkpt lat="55.503613" lon="-2.983155">
        <ele>188.6</ele>
      </trkpt>
      <trkpt lat="55.503548" lon="-2.983236">
        <ele>188.6</ele>
      </trkpt>
      <trkpt lat="55.503479" lon="-2.983312">
        <ele>188.2</ele>
      </trkpt>
      <trkpt lat="55.503407" lon="-2.98338">
        <ele>188.2</ele>
      </trkpt>
      <trkpt lat="55.50333" lon="-2.983431">
        <ele>187.8</ele>
      </trkpt>
      <trkpt lat="55.503254" lon="-2.983467">
        <ele>187.6</ele>
      </trkpt>
      <trkpt lat="55.503174" lon="-2.983493">
        <ele>187.2</ele>
      </trkpt>
      <trkpt lat="55.503098" lon="-2.983516">
        <ele>187.0</ele>
      </trkpt>
      <trkpt lat="55.503021" lon="-2.983535">
        <ele>186.8</ele>
      </trkpt>
      <trkpt lat="55.502949" lon="-2.98355">
        <ele>186.8</ele>
      </trkpt>
      <trkpt lat="55.502876" lon="-2.983564">
        <ele>186.8</ele>
      </trkpt>
      <trkpt lat="55.502804" lon="-2.983577">
        <ele>186.6</ele>
      </trkpt>
      <trkpt lat="55.502728" lon="-2.983589">
        <ele>186.6</ele>
      </trkpt>
      <trkpt lat="55.502651" lon="-2.983603">
        <ele>186.4</ele>
      </trkpt>
      <trkpt lat="55.502575" lon="-2.983613">
        <ele>186.4</ele>
      </trkpt>
      <trkpt lat="55.502499" lon="-2.983614">
        <ele>186.2</ele>
      </trkpt>
      <trkpt lat="55.502422" lon="-2.983606">
        <ele>186.2</ele>
      </trkpt>
      <trkpt lat="55.50235" lon="-2.983591">
        <ele>186.2</ele>
      </trkpt>
      <trkpt lat="55.502277" lon="-2.983569">
        <ele>186.2</ele>
      </trkpt>
      <trkpt lat="55.502213" lon="-2.983541">
        <ele>186.2</ele>
      </trkpt>
      <trkpt lat="55.502148" lon="-2.983513">
        <ele>186.2</ele>
      </trkpt>
      <trkpt lat="55.502087" lon="-2.983486">
        <ele>186.2</ele>
      </trkpt>
      <trkpt lat="55.502029" lon="-2.98346">
        <ele>186.2</ele>
      </trkpt>
      <trkpt lat="55.501972" lon="-2.983437">
        <ele>186.4</ele>
      </trkpt>
      <trkpt lat="55.501915" lon="-2.983409">
        <ele>186.4</ele>
      </trkpt>
      <trkpt lat="55.501862" lon="-2.983379">
        <ele>186.6</ele>
      </trkpt>
      <trkpt lat="55.501812" lon="-2.983349">
        <ele>186.8</ele>
      </trkpt>
      <trkpt lat="55.501751" lon="-2.983324">
        <ele>187.0</ele>
      </trkpt>
      <trkpt lat="55.501698" lon="-2.983299">
        <ele>187.2</ele>
      </trkpt>
      <trkpt lat="55.50164" lon="-2.983274">
        <ele>187.2</ele>
      </trkpt>
      <trkpt lat="55.501591" lon="-2.983249">
        <ele>187.4</ele>
      </trkpt>
      <trkpt lat="55.501537" lon="-2.983225">
        <ele>187.6</ele>
      </trkpt>
      <trkpt lat="55.501484" lon="-2.983203">
        <ele>188.0</ele>
      </trkpt>
      <trkpt lat="55.501434" lon="-2.983177">
        <ele>188.2</ele>
      </trkpt>
      <trkpt lat="55.501381" lon="-2.983149">
        <ele>188.4</ele>
      </trkpt>
      <trkpt lat="55.501331" lon="-2.983119">
        <ele>188.8</ele>
      </trkpt>
      <trkpt lat="55.501286" lon="-2.983089">
        <ele>188.8</ele>
      </trkpt>
      <trkpt lat="55.501232" lon="-2.983061">
        <ele>189.2</ele>
      </trkpt>
      <trkpt lat="55.501167" lon="-2.983031">
        <ele>189.2</ele>
      </trkpt>
      <trkpt lat="55.501099" lon="-2.983009">
        <ele>189.4</ele>
      </trkpt>
      <trkpt lat="55.501022" lon="-2.983007">
        <ele>189.4</ele>
      </trkpt>
      <trkpt lat="55.500935" lon="-2.983034">
        <ele>189.4</ele>
      </trkpt>
      <trkpt lat="55.500854" lon="-2.983084">
        <ele>189.4</ele>
      </trkpt>
      <trkpt lat="55.50079" lon="-2.983143">
        <ele>189.4</ele>
      </trkpt>
      <trkpt lat="55.50071" lon="-2.983222">
        <ele>189.4</ele>
      </trkpt>
      <trkpt lat="55.500629" lon="-2.983306">
        <ele>189.2</ele>
      </trkpt>
      <trkpt lat="55.500542" lon="-2.983375">
        <ele>189.0</ele>
      </trkpt>
      <trkpt lat="55.500446" lon="-2.983423">
        <ele>188.4</ele>
      </trkpt>
      <trkpt lat="55.500343" lon="-2.98347">
        <ele>188.4</ele>
      </trkpt>
      <trkpt lat="55.500244" lon="-2.983528">
        <ele>187.6</ele>
      </trkpt>
      <trkpt lat="55.500156" lon="-2.983606">
        <ele>187.2</ele>
      </trkpt>
      <trkpt lat="55.500061" lon="-2.983731">
        <ele>186.6</ele>
      </trkpt>
      <trkpt lat="55.499973" lon="-2.983876">
        <ele>186.0</ele>
      </trkpt>
      <trkpt lat="55.499908" lon="-2.984048">
        <ele>185.8</ele>
      </trkpt>
      <trkpt lat="55.499866" lon="-2.984194">
        <ele>185.2</ele>
      </trkpt>
      <trkpt lat="55.499832" lon="-2.984371">
        <ele>185.0</ele>
      </trkpt>
      <trkpt lat="55.49979" lon="-2.984571">
        <ele>183.8</ele>
      </trkpt>
      <trkpt lat="55.499752" lon="-2.984739">
        <ele>183.2</ele>
      </trkpt>
      <trkpt lat="55.49971" lon="-2.984903">
        <ele>182.6</ele>
      </trkpt>
      <trkpt lat="55.499664" lon="-2.985065">
        <ele>181.8</ele>
      </trkpt>
      <trkpt lat="55.499626" lon="-2.985214">
        <ele>181.4</ele>
      </trkpt>
      <trkpt lat="55.49958" lon="-2.985348">
        <ele>180.8</ele>
      </trkpt>
      <trkpt lat="55.499538" lon="-2.985479">
        <ele>180.8</ele>
      </trkpt>
      <trkpt lat="55.499504" lon="-2.98558">
        <ele>180.6</ele>
      </trkpt>
      <trkpt lat="55.49947" lon="-2.985703">
        <ele>180.4</ele>
      </trkpt>
      <trkpt lat="55.499435" lon="-2.985851">
        <ele>180.2</ele>
      </trkpt>
      <trkpt lat="55.499413" lon="-2.985977">
        <ele>180.0</ele>
      </trkpt>
      <trkpt lat="55.499397" lon="-2.986104">
        <ele>179.8</ele>
      </trkpt>
      <trkpt lat="55.499382" lon="-2.98623">
        <ele>179.6</ele>
      </trkpt>
      <trkpt lat="55.499371" lon="-2.986355">
        <ele>179.6</ele>
      </trkpt>
      <trkpt lat="55.499352" lon="-2.986479">
        <ele>179.2</ele>
      </trkpt>
      <trkpt lat="55.499336" lon="-2.986602">
        <ele>179.0</ele>
      </trkpt>
      <trkpt lat="55.499321" lon="-2.986722">
        <ele>179.0</ele>
      </trkpt>
      <trkpt lat="55.499306" lon="-2.98684">
        <ele>179.0</ele>
      </trkpt>
      <trkpt lat="55.49929" lon="-2.986955">
        <ele>179.0</ele>
      </trkpt>
      <trkpt lat="55.499279" lon="-2.987072">
        <ele>179.0</ele>
      </trkpt>
      <trkpt lat="55.499268" lon="-2.987187">
        <ele>179.0</ele>
      </trkpt>
      <trkpt lat="55.49926" lon="-2.98728">
        <ele>179.0</ele>
      </trkpt>
      <trkpt lat="55.499249" lon="-2.987422">
        <ele>179.0</ele>
      </trkpt>
      <trkpt lat="55.499241" lon="-2.987542">
        <ele>179.0</ele>
      </trkpt>
      <trkpt lat="55.499229" lon="-2.987657">
        <ele>179.2</ele>
      </trkpt>
      <trkpt lat="55.499222" lon="-2.98777">
        <ele>179.2</ele>
      </trkpt>
      <trkpt lat="55.499214" lon="-2.987863">
        <ele>179.2</ele>
      </trkpt>
      <trkpt lat="55.499199" lon="-2.988004">
        <ele>179.2</ele>
      </trkpt>
      <trkpt lat="55.499184" lon="-2.988125">
        <ele>179.2</ele>
      </trkpt>
      <trkpt lat="55.499172" lon="-2.988247">
        <ele>179.2</ele>
      </trkpt>
      <trkpt lat="55.499157" lon="-2.988372">
        <ele>179.2</ele>
      </trkpt>
      <trkpt lat="55.499146" lon="-2.988496">
        <ele>179.0</ele>
      </trkpt>
      <trkpt lat="55.499134" lon="-2.98862">
        <ele>179.0</ele>
      </trkpt>
      <trkpt lat="55.499119" lon="-2.988741">
        <ele>178.8</ele>
      </trkpt>
      <trkpt lat="55.4991" lon="-2.988861">
        <ele>178.8</ele>
      </trkpt>
      <trkpt lat="55.499073" lon="-2.988977">
        <ele>178.6</ele>
      </trkpt>
      <trkpt lat="55.499046" lon="-2.989088">
        <ele>178.6</ele>
      </trkpt>
      <trkpt lat="55.499012" lon="-2.989196">
        <ele>178.4</ele>
      </trkpt>
      <trkpt lat="55.498981" lon="-2.989302">
        <ele>178.4</ele>
      </trkpt>
      <trkpt lat="55.498947" lon="-2.989407">
        <ele>178.4</ele>
      </trkpt>
      <trkpt lat="55.498913" lon="-2.989511">
        <ele>178.4</ele>
      </trkpt>
      <trkpt lat="55.498878" lon="-2.989614">
        <ele>178.2</ele>
      </trkpt>
      <trkpt lat="55.498844" lon="-2.989717">
        <ele>178.2</ele>
      </trkpt>
      <trkpt lat="55.49881" lon="-2.989821">
        <ele>178.4</ele>
      </trkpt>
      <trkpt lat="55.498775" lon="-2.989926">
        <ele>178.4</ele>
      </trkpt>
      <trkpt lat="55.498741" lon="-2.99003">
        <ele>178.4</ele>
      </trkpt>
      <trkpt lat="55.498707" lon="-2.990132">
        <ele>178.4</ele>
      </trkpt>
      <trkpt lat="55.498669" lon="-2.990228">
        <ele>178.4</ele>
      </trkpt>
      <trkpt lat="55.498631" lon="-2.990323">
        <ele>178.4</ele>
      </trkpt>
      <trkpt lat="55.498631" lon="-2.990323">
        <ele>178.6</ele>
      </trkpt>
      <trkpt lat="55.498566" lon="-2.990473">
        <ele>178.6</ele>
      </trkpt>
      <trkpt lat="55.498528" lon="-2.990545">
        <ele>178.8</ele>
      </trkpt>
      <trkpt lat="55.498463" lon="-2.990684">
        <ele>179.0</ele>
      </trkpt>
      <trkpt lat="55.498428" lon="-2.990752">
        <ele>179.0</ele>
      </trkpt>
      <trkpt lat="55.498379" lon="-2.990852">
        <ele>179.0</ele>
      </trkpt>
      <trkpt lat="55.498337" lon="-2.990936">
        <ele>179.2</ele>
      </trkpt>
      <trkpt lat="55.498295" lon="-2.99102">
        <ele>179.2</ele>
      </trkpt>
      <trkpt lat="55.498249" lon="-2.991103">
        <ele>179.4</ele>
      </trkpt>
      <trkpt lat="55.498219" lon="-2.991168">
        <ele>179.2</ele>
      </trkpt>
      <trkpt lat="55.498173" lon="-2.991252">
        <ele>179.2</ele>
      </trkpt>
      <trkpt lat="55.498119" lon="-2.99135">
        <ele>179.4</ele>
      </trkpt>
      <trkpt lat="55.498077" lon="-2.991434">
        <ele>179.4</ele>
      </trkpt>
      <trkpt lat="55.498043" lon="-2.9915">
        <ele>179.4</ele>
      </trkpt>
      <trkpt lat="55.497993" lon="-2.991579">
        <ele>179.4</ele>
      </trkpt>
      <trkpt lat="55.497936" lon="-2.991669">
        <ele>179.4</ele>
      </trkpt>
      <trkpt lat="55.497887" lon="-2.99174">
        <ele>179.6</ele>
      </trkpt>
      <trkpt lat="55.497837" lon="-2.99181">
        <ele>179.6</ele>
      </trkpt>
      <trkpt lat="55.497795" lon="-2.991861">
        <ele>179.8</ele>
      </trkpt>
      <trkpt lat="55.497742" lon="-2.99192">
        <ele>179.8</ele>
      </trkpt>
      <trkpt lat="55.497677" lon="-2.991988">
        <ele>180.0</ele>
      </trkpt>
      <trkpt lat="55.497623" lon="-2.992042">
        <ele>180.0</ele>
      </trkpt>
      <trkpt lat="55.49757" lon="-2.992093">
        <ele>180.0</ele>
      </trkpt>
      <trkpt lat="55.497517" lon="-2.992143">
        <ele>180.0</ele>
      </trkpt>
      <trkpt lat="55.497463" lon="-2.992193">
        <ele>180.0</ele>
      </trkpt>
      <trkpt lat="55.49741" lon="-2.992243">
        <ele>180.2</ele>
      </trkpt>
      <trkpt lat="55.497356" lon="-2.992293">
        <ele>180.2</ele>
      </trkpt>
      <trkpt lat="55.497303" lon="-2.992342">
        <ele>180.2</ele>
      </trkpt>
      <trkpt lat="55.497265" lon="-2.99238">
        <ele>180.4</ele>
      </trkpt>
      <trkpt lat="55.497215" lon="-2.992426">
        <ele>180.4</ele>
      </trkpt>
      <trkpt lat="55.497154" lon="-2.992481">
        <ele>180.6</ele>
      </trkpt>
      <trkpt lat="55.497105" lon="-2.99253">
        <ele>180.8</ele>
      </trkpt>
      <trkpt lat="55.497051" lon="-2.992579">
        <ele>181.2</ele>
      </trkpt>
      <trkpt lat="55.497002" lon="-2.992628">
        <ele>181.4</ele>
      </trkpt>
      <trkpt lat="55.496952" lon="-2.992674">
        <ele>181.8</ele>
      </trkpt>
      <trkpt lat="55.496902" lon="-2.992718">
        <ele>182.2</ele>
      </trkpt>
      <trkpt lat="55.496853" lon="-2.992764">
        <ele>182.4</ele>
      </trkpt>
      <trkpt lat="55.496811" lon="-2.992804">
        <ele>182.8</ele>
      </trkpt>
      <trkpt lat="55.49675" lon="-2.992862">
        <ele>183.0</ele>
      </trkpt>
      <trkpt lat="55.496696" lon="-2.992913">
        <ele>183.2</ele>
      </trkpt>
      <trkpt lat="55.496643" lon="-2.992965">
        <ele>183.2</ele>
      </trkpt>
      <trkpt lat="55.49659" lon="-2.993021">
        <ele>183.4</ele>
      </trkpt>
      <trkpt lat="55.496529" lon="-2.993079">
        <ele>183.6</ele>
      </trkpt>
      <trkpt lat="55.496471" lon="-2.993138">
        <ele>183.6</ele>
      </trkpt>
      <trkpt lat="55.49641" lon="-2.993195">
        <ele>183.6</ele>
      </trkpt>
      <trkpt lat="55.496346" lon="-2.993252">
        <ele>183.6</ele>
      </trkpt>
      <trkpt lat="55.496284" lon="-2.993311">
        <ele>183.8</ele>
      </trkpt>
      <trkpt lat="55.496223" lon="-2.993376">
        <ele>183.8</ele>
      </trkpt>
      <trkpt lat="55.496162" lon="-2.993442">
        <ele>183.6</ele>
      </trkpt>
      <trkpt lat="55.496101" lon="-2.993505">
        <ele>183.6</ele>
      </trkpt>
      <trkpt lat="55.496037" lon="-2.99357">
        <ele>183.4</ele>
      </trkpt>
      <trkpt lat="55.495972" lon="-2.993634">
        <ele>183.6</ele>
      </trkpt>
      <trkpt lat="55.495907" lon="-2.993689">
        <ele>183.4</ele>
      </trkpt>
      <trkpt lat="55.495842" lon="-2.993734">
        <ele>183.4</ele>
      </trkpt>
      <trkpt lat="55.495773" lon="-2.993778">
        <ele>183.0</ele>
      </trkpt>
      <trkpt lat="55.495705" lon="-2.993811">
        <ele>183.0</ele>
      </trkpt>
      <trkpt lat="55.495636" lon="-2.99384">
        <ele>182.8</ele>
      </trkpt>
      <trkpt lat="55.495571" lon="-2.993869">
        <ele>182.8</ele>
      </trkpt>
      <trkpt lat="55.495502" lon="-2.993897">
        <ele>182.6</ele>
      </trkpt>
      <trkpt lat="55.495434" lon="-2.993924">
        <ele>182.6</ele>
      </trkpt>
      <trkpt lat="55.495369" lon="-2.993948">
        <ele>182.6</ele>
      </trkpt>
      <trkpt lat="55.4953" lon="-2.993973">
        <ele>182.6</ele>
      </trkpt>
      <trkpt lat="55.495232" lon="-2.993999">
        <ele>182.6</ele>
      </trkpt>
      <trkpt lat="55.495163" lon="-2.994023">
        <ele>182.6</ele>
      </trkpt>
      <trkpt lat="55.495106" lon="-2.994037">
        <ele>182.6</ele>
      </trkpt>
      <trkpt lat="55.495022" lon="-2.994065">
        <ele>182.6</ele>
      </trkpt>
      <trkpt lat="55.494957" lon="-2.994089">
        <ele>182.6</ele>
      </trkpt>
      <trkpt lat="55.494888" lon="-2.994117">
        <ele>182.6</ele>
      </trkpt>
      <trkpt lat="55.494888" lon="-2.994117">
        <ele>182.8</ele>
      </trkpt>
      <trkpt lat="55.494781" lon="-2.994171">
        <ele>182.8</ele>
      </trkpt>
      <trkpt lat="55.494713" lon="-2.994195">
        <ele>182.8</ele>
      </trkpt>
      <trkpt lat="55.494621" lon="-2.994243">
        <ele>182.8</ele>
      </trkpt>
      <trkpt lat="55.49456" lon="-2.994285">
        <ele>183.0</ele>
      </trkpt>
      <trkpt lat="55.494507" lon="-2.994338">
        <ele>183.0</ele>
      </trkpt>
      <trkpt lat="55.494453" lon="-2.994394">
        <ele>183.2</ele>
      </trkpt>
      <trkpt lat="55.494408" lon="-2.994463">
        <ele>183.4</ele>
      </trkpt>
      <trkpt lat="55.494362" lon="-2.994537">
        <ele>183.6</ele>
      </trkpt>
      <trkpt lat="55.494308" lon="-2.994613">
        <ele>183.8</ele>
      </trkpt>
      <trkpt lat="55.494267" lon="-2.99467">
        <ele>183.8</ele>
      </trkpt>
      <trkpt lat="55.494198" lon="-2.994746">
        <ele>184.0</ele>
      </trkpt>
      <trkpt lat="55.494144" lon="-2.994797">
        <ele>184.0</ele>
      </trkpt>
      <trkpt lat="55.494083" lon="-2.994837">
        <ele>184.2</ele>
      </trkpt>
      <trkpt lat="55.494026" lon="-2.994878">
        <ele>184.2</ele>
      </trkpt>
      <trkpt lat="55.493969" lon="-2.994915">
        <ele>184.2</ele>
      </trkpt>
      <trkpt lat="55.493912" lon="-2.994957">
        <ele>184.4</ele>
      </trkpt>
      <trkpt lat="55.493862" lon="-2.994986">
        <ele>184.4</ele>
      </trkpt>
      <trkpt lat="55.493782" lon="-2.995027">
        <ele>184.4</ele>
      </trkpt>
      <trkpt lat="55.493717" lon="-2.995059">
        <ele>184.4</ele>
      </trkpt>
      <trkpt lat="55.493664" lon="-2.99508">
        <ele>184.4</ele>
      </trkpt>
      <trkpt lat="55.493599" lon="-2.995103">
        <ele>184.4</ele>
      </trkpt>
      <trkpt lat="55.493523" lon="-2.995133">
        <ele>184.4</ele>
      </trkpt>
      <trkpt lat="55.493458" lon="-2.995153">
        <ele>184.2</ele>
      </trkpt>
      <trkpt lat="55.493393" lon="-2.995175">
        <ele>184.2</ele>
      </trkpt>
      <trkpt lat="55.493332" lon="-2.995196">
        <ele>184.2</ele>
      </trkpt>
      <trkpt lat="55.493267" lon="-2.995212">
        <ele>184.0</ele>
      </trkpt>
      <trkpt lat="55.493202" lon="-2.995229">
        <ele>184.0</ele>
      </trkpt>
      <trkpt lat="55.493137" lon="-2.995246">
        <ele>184.0</ele>
      </trkpt>
      <trkpt lat="55.493073" lon="-2.995258">
        <ele>184.0</ele>
      </trkpt>
      <trkpt lat="55.493011" lon="-2.99527">
        <ele>184.2</ele>
      </trkpt>
      <trkpt lat="55.492947" lon="-2.995287">
        <ele>184.2</ele>
      </trkpt>
      <trkpt lat="55.492882" lon="-2.9953">
        <ele>184.2</ele>
      </trkpt>
      <trkpt lat="55.492817" lon="-2.99531">
        <ele>184.0</ele>
      </trkpt>
      <trkpt lat="55.492756" lon="-2.99532">
        <ele>184.0</ele>
      </trkpt>
      <trkpt lat="55.492695" lon="-2.995331">
        <ele>184.2</ele>
      </trkpt>
      <trkpt lat="55.49263" lon="-2.995343">
        <ele>184.2</ele>
      </trkpt>
      <trkpt lat="55.492565" lon="-2.995351">
        <ele>184.2</ele>
      </trkpt>
      <trkpt lat="55.492504" lon="-2.995355">
        <ele>184.2</ele>
      </trkpt>
      <trkpt lat="55.492439" lon="-2.99536">
        <ele>184.4</ele>
      </trkpt>
      <trkpt lat="55.492374" lon="-2.995362">
        <ele>184.4</ele>
      </trkpt>
      <trkpt lat="55.49231" lon="-2.99536">
        <ele>184.4</ele>
      </trkpt>
      <trkpt lat="55.492245" lon="-2.995356">
        <ele>184.4</ele>
      </trkpt>
      <trkpt lat="55.492191" lon="-2.995351">
        <ele>184.6</ele>
      </trkpt>
      <trkpt lat="55.492119" lon="-2.995341">
        <ele>184.6</ele>
      </trkpt>
      <trkpt lat="55.492058" lon="-2.995335">
        <ele>184.6</ele>
      </trkpt>
      <trkpt lat="55.491997" lon="-2.995336">
        <ele>184.8</ele>
      </trkpt>
      <trkpt lat="55.491936" lon="-2.995342">
        <ele>185.0</ele>
      </trkpt>
      <trkpt lat="55.491875" lon="-2.995357">
        <ele>185.0</ele>
      </trkpt>
      <trkpt lat="55.49181" lon="-2.995384">
        <ele>185.2</ele>
      </trkpt>
      <trkpt lat="55.491745" lon="-2.995422">
        <ele>185.4</ele>
      </trkpt>
      <trkpt lat="55.49168" lon="-2.99547">
        <ele>185.4</ele>
      </trkpt>
      <trkpt lat="55.491615" lon="-2.995522">
        <ele>185.4</ele>
      </trkpt>
      <trkpt lat="55.491554" lon="-2.995573">
        <ele>185.4</ele>
      </trkpt>
      <trkpt lat="55.491489" lon="-2.995624">
        <ele>185.4</ele>
      </trkpt>
      <trkpt lat="55.491425" lon="-2.995676">
        <ele>185.4</ele>
      </trkpt>
      <trkpt lat="55.491375" lon="-2.995716">
        <ele>185.4</ele>
      </trkpt>
      <trkpt lat="55.491302" lon="-2.995776">
        <ele>185.6</ele>
      </trkpt>
      <trkpt lat="55.491241" lon="-2.995826">
        <ele>185.4</ele>
      </trkpt>
      <trkpt lat="55.49118" lon="-2.995875">
        <ele>185.4</ele>
      </trkpt>
      <trkpt lat="55.491119" lon="-2.995923">
        <ele>185.4</ele>
      </trkpt>
      <trkpt lat="55.49107" lon="-2.99596">
        <ele>185.4</ele>
      </trkpt>
      <trkpt lat="55.491001" lon="-2.996014">
        <ele>185.4</ele>
      </trkpt>
      <trkpt lat="55.490944" lon="-2.996057">
        <ele>185.4</ele>
      </trkpt>
      <trkpt lat="55.490883" lon="-2.996101">
        <ele>185.6</ele>
      </trkpt>
      <trkpt lat="55.490829" lon="-2.996145">
        <ele>185.6</ele>
      </trkpt>
      <trkpt lat="55.490768" lon="-2.996193">
        <ele>185.6</ele>
      </trkpt>
      <trkpt lat="55.490707" lon="-2.99624">
        <ele>185.6</ele>
      </trkpt>
      <trkpt lat="55.49065" lon="-2.996286">
        <ele>185.6</ele>
      </trkpt>
      <trkpt lat="55.490593" lon="-2.99633">
        <ele>185.6</ele>
      </trkpt>
      <trkpt lat="55.490532" lon="-2.996372">
        <ele>185.6</ele>
      </trkpt>
      <trkpt lat="55.490486" lon="-2.996403">
        <ele>185.8</ele>
      </trkpt>
      <trkpt lat="55.490414" lon="-2.996448">
        <ele>185.8</ele>
      </trkpt>
      <trkpt lat="55.490349" lon="-2.996481">
        <ele>186.0</ele>
      </trkpt>
      <trkpt lat="55.490288" lon="-2.996511">
        <ele>186.0</ele>
      </trkpt>
      <trkpt lat="55.490227" lon="-2.996538">
        <ele>186.0</ele>
      </trkpt>
      <trkpt lat="55.490166" lon="-2.996561">
        <ele>186.2</ele>
      </trkpt>
      <trkpt lat="55.490108" lon="-2.996581">
        <ele>186.2</ele>
      </trkpt>
      <trkpt lat="55.490051" lon="-2.996596">
        <ele>186.2</ele>
      </trkpt>
      <trkpt lat="55.489998" lon="-2.99661">
        <ele>186.2</ele>
      </trkpt>
      <trkpt lat="55.489998" lon="-2.99661">
        <ele>186.4</ele>
      </trkpt>
      <trkpt lat="55.48991" lon="-2.996633">
        <ele>186.6</ele>
      </trkpt>
      <trkpt lat="55.489868" lon="-2.996644">
        <ele>187.0</ele>
      </trkpt>
      <trkpt lat="55.489784" lon="-2.996667">
        <ele>187.0</ele>
      </trkpt>
      <trkpt lat="55.489731" lon="-2.99668">
        <ele>187.4</ele>
      </trkpt>
      <trkpt lat="55.489677" lon="-2.996696">
        <ele>187.8</ele>
      </trkpt>
      <trkpt lat="55.489624" lon="-2.996711">
        <ele>188.0</ele>
      </trkpt>
      <trkpt lat="55.489567" lon="-2.996726">
        <ele>188.4</ele>
      </trkpt>
      <trkpt lat="55.48951" lon="-2.996741">
        <ele>188.6</ele>
      </trkpt>
      <trkpt lat="55.489449" lon="-2.996761">
        <ele>188.8</ele>
      </trkpt>
      <trkpt lat="55.48938" lon="-2.996783">
        <ele>189.2</ele>
      </trkpt>
      <trkpt lat="55.489307" lon="-2.996801">
        <ele>189.4</ele>
      </trkpt>
      <trkpt lat="55.489231" lon="-2.996819">
        <ele>189.4</ele>
      </trkpt>
      <trkpt lat="55.489151" lon="-2.996838">
        <ele>189.4</ele>
      </trkpt>
      <trkpt lat="55.489086" lon="-2.996854">
        <ele>189.6</ele>
      </trkpt>
      <trkpt lat="55.488983" lon="-2.996877">
        <ele>189.6</ele>
      </trkpt>
      <trkpt lat="55.488895" lon="-2.996899">
        <ele>189.4</ele>
      </trkpt>
      <trkpt lat="55.488811" lon="-2.996922">
        <ele>189.4</ele>
      </trkpt>
      <trkpt lat="55.488747" lon="-2.996938">
        <ele>189.2</ele>
      </trkpt>
      <trkpt lat="55.488647" lon="-2.996959">
        <ele>188.8</ele>
      </trkpt>
      <trkpt lat="55.488564" lon="-2.996976">
        <ele>188.4</ele>
      </trkpt>
      <trkpt lat="55.48848" lon="-2.996994">
        <ele>188.2</ele>
      </trkpt>
      <trkpt lat="55.488396" lon="-2.997011">
        <ele>188.0</ele>
      </trkpt>
      <trkpt lat="55.488304" lon="-2.997023">
        <ele>188.0</ele>
      </trkpt>
      <trkpt lat="55.488216" lon="-2.997033">
        <ele>187.8</ele>
      </trkpt>
      <trkpt lat="55.488129" lon="-2.997038">
        <ele>187.6</ele>
      </trkpt>
      <trkpt lat="55.488045" lon="-2.997037">
        <ele>187.2</ele>
      </trkpt>
      <trkpt lat="55.487961" lon="-2.997032">
        <ele>187.0</ele>
      </trkpt>
      <trkpt lat="55.487881" lon="-2.997025">
        <ele>187.0</ele>
      </trkpt>
      <trkpt lat="55.487804" lon="-2.997019">
        <ele>186.8</ele>
      </trkpt>
      <trkpt lat="55.487732" lon="-2.997012">
        <ele>186.6</ele>
      </trkpt>
      <trkpt lat="55.487659" lon="-2.997002">
        <ele>186.6</ele>
      </trkpt>
      <trkpt lat="55.487591" lon="-2.996995">
        <ele>186.6</ele>
      </trkpt>
      <trkpt lat="55.487518" lon="-2.996993">
        <ele>186.4</ele>
      </trkpt>
      <trkpt lat="55.48745" lon="-2.996988">
        <ele>186.4</ele>
      </trkpt>
      <trkpt lat="55.487377" lon="-2.99698">
        <ele>186.4</ele>
      </trkpt>
      <trkpt lat="55.487309" lon="-2.996974">
        <ele>186.4</ele>
      </trkpt>
      <trkpt lat="55.48724" lon="-2.99697">
        <ele>186.4</ele>
      </trkpt>
      <trkpt lat="55.487175" lon="-2.996962">
        <ele>186.2</ele>
      </trkpt>
      <trkpt lat="55.48711" lon="-2.996953">
        <ele>186.2</ele>
      </trkpt>
      <trkpt lat="55.487041" lon="-2.996946">
        <ele>186.2</ele>
      </trkpt>
      <trkpt lat="55.486977" lon="-2.996939">
        <ele>186.2</ele>
      </trkpt>
      <trkpt lat="55.486908" lon="-2.996933">
        <ele>186.2</ele>
      </trkpt>
      <trkpt lat="55.486843" lon="-2.996926">
        <ele>186.2</ele>
      </trkpt>
      <trkpt lat="55.486778" lon="-2.99692">
        <ele>186.2</ele>
      </trkpt>
      <trkpt lat="55.486713" lon="-2.996915">
        <ele>186.4</ele>
      </trkpt>
      <trkpt lat="55.486649" lon="-2.996914">
        <ele>186.4</ele>
      </trkpt>
      <trkpt lat="55.486584" lon="-2.996921">
        <ele>186.4</ele>
      </trkpt>
      <trkpt lat="55.486526" lon="-2.996939">
        <ele>186.6</ele>
      </trkpt>
      <trkpt lat="55.486462" lon="-2.996972">
        <ele>186.6</ele>
      </trkpt>
      <trkpt lat="55.486408" lon="-2.99702">
        <ele>186.6</ele>
      </trkpt>
      <trkpt lat="55.486355" lon="-2.997078">
        <ele>186.8</ele>
      </trkpt>
      <trkpt lat="55.486301" lon="-2.997142">
        <ele>186.8</ele>
      </trkpt>
      <trkpt lat="55.486252" lon="-2.997209">
        <ele>187.2</ele>
      </trkpt>
      <trkpt lat="55.486202" lon="-2.997278">
        <ele>187.2</ele>
      </trkpt>
      <trkpt lat="55.486153" lon="-2.997349">
        <ele>187.4</ele>
      </trkpt>
      <trkpt lat="55.486099" lon="-2.997418">
        <ele>187.6</ele>
      </trkpt>
      <trkpt lat="55.48605" lon="-2.997488">
        <ele>187.6</ele>
      </trkpt>
      <trkpt lat="55.485996" lon="-2.997557">
        <ele>187.8</ele>
      </trkpt>
      <trkpt lat="55.485947" lon="-2.997626">
        <ele>187.8</ele>
      </trkpt>
      <trkpt lat="55.485897" lon="-2.997694">
        <ele>188.0</ele>
      </trkpt>
      <trkpt lat="55.485847" lon="-2.997763">
        <ele>188.0</ele>
      </trkpt>
      <trkpt lat="55.485847" lon="-2.997763">
        <ele>188.2</ele>
      </trkpt>
      <trkpt lat="55.485764" lon="-2.997873">
        <ele>188.2</ele>
      </trkpt>
      <trkpt lat="55.485714" lon="-2.997942">
        <ele>188.2</ele>
      </trkpt>
      <trkpt lat="55.485641" lon="-2.998038">
        <ele>188.2</ele>
      </trkpt>
      <trkpt lat="55.485588" lon="-2.998105">
        <ele>188.4</ele>
      </trkpt>
      <trkpt lat="55.485538" lon="-2.998171">
        <ele>188.4</ele>
      </trkpt>
      <trkpt lat="55.485489" lon="-2.998237">
        <ele>188.4</ele>
      </trkpt>
      <trkpt lat="55.485443" lon="-2.998301">
        <ele>188.4</ele>
      </trkpt>
      <trkpt lat="55.485394" lon="-2.998365">
        <ele>188.4</ele>
      </trkpt>
      <trkpt lat="55.485348" lon="-2.998431">
        <ele>188.4</ele>
      </trkpt>
      <trkpt lat="55.485294" lon="-2.998497">
        <ele>188.8</ele>
      </trkpt>
      <trkpt lat="55.485245" lon="-2.998563">
        <ele>188.8</ele>
      </trkpt>
      <trkpt lat="55.485191" lon="-2.998631">
        <ele>189.0</ele>
      </trkpt>
      <trkpt lat="55.485142" lon="-2.998701">
        <ele>189.0</ele>
      </trkpt>
      <trkpt lat="55.485088" lon="-2.99877">
        <ele>189.0</ele>
      </trkpt>
      <trkpt lat="55.485039" lon="-2.998839">
        <ele>189.2</ele>
      </trkpt>
      <trkpt lat="55.484985" lon="-2.998909">
        <ele>189.2</ele>
      </trkpt>
      <trkpt lat="55.484936" lon="-2.998976">
        <ele>189.2</ele>
      </trkpt>
      <trkpt lat="55.484882" lon="-2.999041">
        <ele>189.2</ele>
      </trkpt>
      <trkpt lat="55.484837" lon="-2.999108">
        <ele>189.4</ele>
      </trkpt>
      <trkpt lat="55.484783" lon="-2.999177">
        <ele>189.4</ele>
      </trkpt>
      <trkpt lat="55.484734" lon="-2.999244">
        <ele>189.4</ele>
      </trkpt>
      <trkpt lat="55.484684" lon="-2.999311">
        <ele>189.6</ele>
      </trkpt>
      <trkpt lat="55.484631" lon="-2.999381">
        <ele>189.6</ele>
      </trkpt>
      <trkpt lat="55.484577" lon="-2.999451">
        <ele>189.6</ele>
      </trkpt>
      <trkpt lat="55.484528" lon="-2.999519">
        <ele>189.6</ele>
      </trkpt>
      <trkpt lat="55.484474" lon="-2.999586">
        <ele>189.6</ele>
      </trkpt>
      <trkpt lat="55.484425" lon="-2.999653">
        <ele>189.8</ele>
      </trkpt>
      <trkpt lat="55.484375" lon="-2.999721">
        <ele>189.8</ele>
      </trkpt>
      <trkpt lat="55.484322" lon="-2.999788">
        <ele>190.0</ele>
      </trkpt>
      <trkpt lat="55.484272" lon="-2.999856">
        <ele>190.0</ele>
      </trkpt>
      <trkpt lat="55.484222" lon="-2.999927">
        <ele>190.2</ele>
      </trkpt>
      <trkpt lat="55.48418" lon="-2.999985">
        <ele>190.2</ele>
      </trkpt>
      <trkpt lat="55.484131" lon="-3.000057">
        <ele>190.2</ele>
      </trkpt>
      <trkpt lat="55.484066" lon="-3.000141">
        <ele>190.2</ele>
      </trkpt>
      <trkpt lat="55.484024" lon="-3.000193">
        <ele>190.2</ele>
      </trkpt>
      <trkpt lat="55.483959" lon="-3.000266">
        <ele>190.4</ele>
      </trkpt>
      <trkpt lat="55.483902" lon="-3.000319">
        <ele>190.4</ele>
      </trkpt>
      <trkpt lat="55.483856" lon="-3.000354">
        <ele>190.4</ele>
      </trkpt>
      <trkpt lat="55.483799" lon="-3.000384">
        <ele>190.6</ele>
      </trkpt>
      <trkpt lat="55.483742" lon="-3.000401">
        <ele>190.6</ele>
      </trkpt>
      <trkpt lat="55.483685" lon="-3.000411">
        <ele>190.6</ele>
      </trkpt>
      <trkpt lat="55.483627" lon="-3.000421">
        <ele>190.8</ele>
      </trkpt>
      <trkpt lat="55.48357" lon="-3.00044">
        <ele>190.8</ele>
      </trkpt>
      <trkpt lat="55.483509" lon="-3.000472">
        <ele>190.8</ele>
      </trkpt>
      <trkpt lat="55.483444" lon="-3.000519">
        <ele>191.2</ele>
      </trkpt>
      <trkpt lat="55.483387" lon="-3.000577">
        <ele>191.2</ele>
      </trkpt>
      <trkpt lat="55.483334" lon="-3.000647">
        <ele>191.2</ele>
      </trkpt>
      <trkpt lat="55.48328" lon="-3.000727">
        <ele>191.4</ele>
      </trkpt>
      <trkpt lat="55.483238" lon="-3.00082">
        <ele>191.4</ele>
      </trkpt>
      <trkpt lat="55.4832" lon="-3.000919">
        <ele>191.4</ele>
      </trkpt>
      <trkpt lat="55.483166" lon="-3.00102">
        <ele>191.4</ele>
      </trkpt>
      <trkpt lat="55.483131" lon="-3.001121">
        <ele>191.6</ele>
      </trkpt>
      <trkpt lat="55.483097" lon="-3.001222">
        <ele>191.4</ele>
      </trkpt>
      <trkpt lat="55.483063" lon="-3.001318">
        <ele>191.4</ele>
      </trkpt>
      <trkpt lat="55.483028" lon="-3.001413">
        <ele>191.4</ele>
      </trkpt>
      <trkpt lat="55.482994" lon="-3.001512">
        <ele>191.4</ele>
      </trkpt>
      <trkpt lat="55.48296" lon="-3.001613">
        <ele>191.4</ele>
      </trkpt>
      <trkpt lat="55.482925" lon="-3.001714">
        <ele>191.6</ele>
      </trkpt>
      <trkpt lat="55.482891" lon="-3.001814">
        <ele>191.6</ele>
      </trkpt>
      <trkpt lat="55.482861" lon="-3.001912">
        <ele>191.6</ele>
      </trkpt>
      <trkpt lat="55.48283" lon="-3.002012">
        <ele>191.6</ele>
      </trkpt>
      <trkpt lat="55.4828" lon="-3.002114">
        <ele>191.6</ele>
      </trkpt>
      <trkpt lat="55.482769" lon="-3.002213">
        <ele>191.8</ele>
      </trkpt>
      <trkpt lat="55.482731" lon="-3.002311">
        <ele>191.8</ele>
      </trkpt>
      <trkpt lat="55.482697" lon="-3.00241">
        <ele>191.8</ele>
      </trkpt>
      <trkpt lat="55.482662" lon="-3.00251">
        <ele>192.0</ele>
      </trkpt>
      <trkpt lat="55.482632" lon="-3.00261">
        <ele>192.0</ele>
      </trkpt>
      <trkpt lat="55.482597" lon="-3.002707">
        <ele>192.0</ele>
      </trkpt>
      <trkpt lat="55.482559" lon="-3.002808">
        <ele>192.0</ele>
      </trkpt>
      <trkpt lat="55.482513" lon="-3.002929">
        <ele>192.0</ele>
      </trkpt>
      <trkpt lat="55.482475" lon="-3.003031">
        <ele>192.0</ele>
      </trkpt>
      <trkpt lat="55.482441" lon="-3.003117">
        <ele>192.0</ele>
      </trkpt>
      <trkpt lat="55.482399" lon="-3.003224">
        <ele>192.0</ele>
      </trkpt>
      <trkpt lat="55.482357" lon="-3.00333">
        <ele>192.0</ele>
      </trkpt>
      <trkpt lat="55.482315" lon="-3.003435">
        <ele>192.0</ele>
      </trkpt>
      <trkpt lat="55.482281" lon="-3.003541">
        <ele>192.0</ele>
      </trkpt>
      <trkpt lat="55.482254" lon="-3.00365">
        <ele>192.0</ele>
      </trkpt>
      <trkpt lat="55.482231" lon="-3.003765">
        <ele>191.8</ele>
      </trkpt>
      <trkpt lat="55.48222" lon="-3.003879">
        <ele>191.4</ele>
      </trkpt>
      <trkpt lat="55.482216" lon="-3.003996">
        <ele>191.4</ele>
      </trkpt>
      <trkpt lat="55.48222" lon="-3.004114">
        <ele>191.4</ele>
      </trkpt>
      <trkpt lat="55.482235" lon="-3.004226">
        <ele>191.2</ele>
      </trkpt>
      <trkpt lat="55.482258" lon="-3.004332">
        <ele>191.2</ele>
      </trkpt>
      <trkpt lat="55.482285" lon="-3.004434">
        <ele>191.2</ele>
      </trkpt>
      <trkpt lat="55.482311" lon="-3.004532">
        <ele>191.0</ele>
      </trkpt>
      <trkpt lat="55.482338" lon="-3.004632">
        <ele>191.0</ele>
      </trkpt>
      <trkpt lat="55.482365" lon="-3.004735">
        <ele>191.0</ele>
      </trkpt>
      <trkpt lat="55.482391" lon="-3.004837">
        <ele>191.0</ele>
      </trkpt>
      <trkpt lat="55.482433" lon="-3.004956">
        <ele>191.0</ele>
      </trkpt>
      <trkpt lat="55.482433" lon="-3.004956">
        <ele>191.0</ele>
      </trkpt>
      <trkpt lat="55.482498" lon="-3.005099">
        <ele>191.0</ele>
      </trkpt>
      <trkpt lat="55.482536" lon="-3.005168">
        <ele>191.0</ele>
      </trkpt>
      <trkpt lat="55.482609" lon="-3.0053">
        <ele>191.0</ele>
      </trkpt>
      <trkpt lat="55.482643" lon="-3.005365">
        <ele>191.0</ele>
      </trkpt>
      <trkpt lat="55.482685" lon="-3.005451">
        <ele>191.0</ele>
      </trkpt>
      <trkpt lat="55.482727" lon="-3.005535">
        <ele>191.0</ele>
      </trkpt>
      <trkpt lat="55.482777" lon="-3.00564">
        <ele>191.0</ele>
      </trkpt>
      <trkpt lat="55.482815" lon="-3.005732">
        <ele>191.0</ele>
      </trkpt>
      <trkpt lat="55.482845" lon="-3.00583">
        <ele>191.0</ele>
      </trkpt>
      <trkpt lat="55.482864" lon="-3.005913">
        <ele>191.0</ele>
      </trkpt>
      <trkpt lat="55.482891" lon="-3.006017">
        <ele>191.2</ele>
      </trkpt>
      <trkpt lat="55.482914" lon="-3.006142">
        <ele>191.2</ele>
      </trkpt>
      <trkpt lat="55.482922" lon="-3.006252">
        <ele>191.6</ele>
      </trkpt>
      <trkpt lat="55.482929" lon="-3.006364">
        <ele>191.8</ele>
      </trkpt>
      <trkpt lat="55.482937" lon="-3.006478">
        <ele>191.8</ele>
      </trkpt>
      <trkpt lat="55.482941" lon="-3.006567">
        <ele>191.8</ele>
      </trkpt>
      <trkpt lat="55.482948" lon="-3.006703">
        <ele>191.8</ele>
      </trkpt>
      <trkpt lat="55.482956" lon="-3.006814">
        <ele>191.8</ele>
      </trkpt>
      <trkpt lat="55.48296" lon="-3.006901">
        <ele>191.8</ele>
      </trkpt>
      <trkpt lat="55.482964" lon="-3.007013">
        <ele>192.0</ele>
      </trkpt>
      <trkpt lat="55.482971" lon="-3.007147">
        <ele>192.0</ele>
      </trkpt>
      <trkpt lat="55.482975" lon="-3.007259">
        <ele>192.2</ele>
      </trkpt>
      <trkpt lat="55.482979" lon="-3.00737">
        <ele>192.4</ele>
      </trkpt>
      <trkpt lat="55.482979" lon="-3.007456">
        <ele>192.4</ele>
      </trkpt>
      <trkpt lat="55.482979" lon="-3.007588">
        <ele>192.6</ele>
      </trkpt>
      <trkpt lat="55.482971" lon="-3.0077">
        <ele>192.8</ele>
      </trkpt>
      <trkpt lat="55.48296" lon="-3.007792">
        <ele>193.0</ele>
      </trkpt>
      <trkpt lat="55.482944" lon="-3.007929">
        <ele>193.2</ele>
      </trkpt>
      <trkpt lat="55.482933" lon="-3.008018">
        <ele>193.4</ele>
      </trkpt>
      <trkpt lat="55.482914" lon="-3.00813">
        <ele>193.4</ele>
      </trkpt>
      <trkpt lat="55.482895" lon="-3.008264">
        <ele>193.6</ele>
      </trkpt>
      <trkpt lat="55.482876" lon="-3.008375">
        <ele>193.6</ele>
      </trkpt>
      <trkpt lat="55.482853" lon="-3.008484">
        <ele>193.6</ele>
      </trkpt>
      <trkpt lat="55.482838" lon="-3.008569">
        <ele>193.6</ele>
      </trkpt>
      <trkpt lat="55.482815" lon="-3.008674">
        <ele>193.6</ele>
      </trkpt>
      <trkpt lat="55.482788" lon="-3.0088">
        <ele>193.6</ele>
      </trkpt>
      <trkpt lat="55.482765" lon="-3.00891">
        <ele>193.8</ele>
      </trkpt>
      <trkpt lat="55.482742" lon="-3.009019">
        <ele>193.8</ele>
      </trkpt>
      <trkpt lat="55.482712" lon="-3.009128">
        <ele>193.8</ele>
      </trkpt>
      <trkpt lat="55.482685" lon="-3.009233">
        <ele>193.8</ele>
      </trkpt>
      <trkpt lat="55.482658" lon="-3.009335">
        <ele>193.8</ele>
      </trkpt>
      <trkpt lat="55.482628" lon="-3.009435">
        <ele>193.8</ele>
      </trkpt>
      <trkpt lat="55.482601" lon="-3.009512">
        <ele>193.8</ele>
      </trkpt>
      <trkpt lat="55.482567" lon="-3.009609">
        <ele>193.8</ele>
      </trkpt>
      <trkpt lat="55.482525" lon="-3.009723">
        <ele>193.8</ele>
      </trkpt>
      <trkpt lat="55.482498" lon="-3.009799">
        <ele>193.8</ele>
      </trkpt>
      <trkpt lat="55.482468" lon="-3.009893">
        <ele>193.8</ele>
      </trkpt>
      <trkpt lat="55.482437" lon="-3.009992">
        <ele>193.8</ele>
      </trkpt>
      <trkpt lat="55.482407" lon="-3.010094">
        <ele>193.8</ele>
      </trkpt>
      <trkpt lat="55.482368" lon="-3.010212">
        <ele>193.8</ele>
      </trkpt>
      <trkpt lat="55.482338" lon="-3.01031">
        <ele>193.8</ele>
      </trkpt>
      <trkpt lat="55.482304" lon="-3.010403">
        <ele>193.8</ele>
      </trkpt>
      <trkpt lat="55.482273" lon="-3.01047">
        <ele>193.8</ele>
      </trkpt>
      <trkpt lat="55.48222" lon="-3.010567">
        <ele>193.8</ele>
      </trkpt>
      <trkpt lat="55.482174" lon="-3.010643">
        <ele>194.0</ele>
      </trkpt>
      <trkpt lat="55.482132" lon="-3.0107">
        <ele>194.2</ele>
      </trkpt>
      <trkpt lat="55.482079" lon="-3.010767">
        <ele>194.2</ele>
      </trkpt>
      <trkpt lat="55.482025" lon="-3.010834">
        <ele>194.4</ele>
      </trkpt>
      <trkpt lat="55.481976" lon="-3.010902">
        <ele>194.4</ele>
      </trkpt>
      <trkpt lat="55.481976" lon="-3.010902">
        <ele>194.4</ele>
      </trkpt>
      <trkpt lat="55.48188" lon="-3.011014">
        <ele>194.6</ele>
      </trkpt>
      <trkpt lat="55.481838" lon="-3.011061">
        <ele>194.6</ele>
      </trkpt>
      <trkpt lat="55.481766" lon="-3.011159">
        <ele>194.8</ele>
      </trkpt>
      <trkpt lat="55.481735" lon="-3.011213">
        <ele>194.8</ele>
      </trkpt>
      <trkpt lat="55.481697" lon="-3.011286">
        <ele>195.0</ele>
      </trkpt>
      <trkpt lat="55.481663" lon="-3.011365">
        <ele>195.2</ele>
      </trkpt>
      <trkpt lat="55.481628" lon="-3.011448">
        <ele>195.6</ele>
      </trkpt>
      <trkpt lat="55.481602" lon="-3.011536">
        <ele>195.6</ele>
      </trkpt>
      <trkpt lat="55.481575" lon="-3.011629">
        <ele>196.0</ele>
      </trkpt>
      <trkpt lat="55.481552" lon="-3.011727">
        <ele>196.2</ele>
      </trkpt>
      <trkpt lat="55.481533" lon="-3.011822">
        <ele>196.4</ele>
      </trkpt>
      <trkpt lat="55.48151" lon="-3.011915">
        <ele>196.6</ele>
      </trkpt>
      <trkpt lat="55.481491" lon="-3.012011">
        <ele>196.6</ele>
      </trkpt>
      <trkpt lat="55.481476" lon="-3.012104">
        <ele>196.8</ele>
      </trkpt>
      <trkpt lat="55.481457" lon="-3.012195">
        <ele>196.8</ele>
      </trkpt>
      <trkpt lat="55.481441" lon="-3.012281">
        <ele>197.0</ele>
      </trkpt>
      <trkpt lat="55.481422" lon="-3.012361">
        <ele>197.2</ele>
      </trkpt>
      <trkpt lat="55.4814" lon="-3.012451">
        <ele>197.2</ele>
      </trkpt>
      <trkpt lat="55.481384" lon="-3.012509">
        <ele>197.2</ele>
      </trkpt>
      <trkpt lat="55.481365" lon="-3.012579">
        <ele>197.4</ele>
      </trkpt>
      <trkpt lat="55.481342" lon="-3.012646">
        <ele>197.6</ele>
      </trkpt>
      <trkpt lat="55.481319" lon="-3.01271">
        <ele>197.8</ele>
      </trkpt>
      <trkpt lat="55.481289" lon="-3.012784">
        <ele>198.2</ele>
      </trkpt>
      <trkpt lat="55.481266" lon="-3.01283">
        <ele>198.6</ele>
      </trkpt>
      <trkpt lat="55.481239" lon="-3.012889">
        <ele>198.8</ele>
      </trkpt>
      <trkpt lat="55.481213" lon="-3.012946">
        <ele>199.2</ele>
      </trkpt>
      <trkpt lat="55.481178" lon="-3.013013">
        <ele>199.4</ele>
      </trkpt>
      <trkpt lat="55.481155" lon="-3.013055">
        <ele>200.0</ele>
      </trkpt>
      <trkpt lat="55.481129" lon="-3.013109">
        <ele>200.4</ele>
      </trkpt>
      <trkpt lat="55.481098" lon="-3.013162">
        <ele>200.2</ele>
      </trkpt>
      <trkpt lat="55.481071" lon="-3.013212">
        <ele>200.6</ele>
      </trkpt>
      <trkpt lat="55.481041" lon="-3.013262">
        <ele>200.6</ele>
      </trkpt>
      <trkpt lat="55.481007" lon="-3.01332">
        <ele>201.2</ele>
      </trkpt>
      <trkpt lat="55.480988" lon="-3.013359">
        <ele>201.4</ele>
      </trkpt>
      <trkpt lat="55.480961" lon="-3.01341">
        <ele>201.8</ele>
      </trkpt>
      <trkpt lat="55.480946" lon="-3.013463">
        <ele>202.2</ele>
      </trkpt>
      <trkpt lat="55.480927" lon="-3.013536">
        <ele>202.2</ele>
      </trkpt>
      <trkpt lat="55.480919" lon="-3.013589">
        <ele>202.4</ele>
      </trkpt>
      <trkpt lat="55.480911" lon="-3.013656">
        <ele>202.8</ele>
      </trkpt>
      <trkpt lat="55.480911" lon="-3.013723">
        <ele>203.4</ele>
      </trkpt>
      <trkpt lat="55.480915" lon="-3.013806">
        <ele>204.0</ele>
      </trkpt>
      <trkpt lat="55.480923" lon="-3.013876">
        <ele>204.2</ele>
      </trkpt>
      <trkpt lat="55.48093" lon="-3.013944">
        <ele>204.8</ele>
      </trkpt>
      <trkpt lat="55.480938" lon="-3.013999">
        <ele>204.8</ele>
      </trkpt>
      <trkpt lat="55.480946" lon="-3.01407">
        <ele>205.4</ele>
      </trkpt>
      <trkpt lat="55.480953" lon="-3.014155">
        <ele>205.6</ele>
      </trkpt>
      <trkpt lat="55.480961" lon="-3.014225">
        <ele>206.0</ele>
      </trkpt>
      <trkpt lat="55.480965" lon="-3.014282">
        <ele>206.4</ele>
      </trkpt>
      <trkpt lat="55.480968" lon="-3.014354">
        <ele>206.6</ele>
      </trkpt>
      <trkpt lat="55.480976" lon="-3.014426">
        <ele>207.0</ele>
      </trkpt>
      <trkpt lat="55.48098" lon="-3.014497">
        <ele>207.2</ele>
      </trkpt>
      <trkpt lat="55.480988" lon="-3.014568">
        <ele>207.4</ele>
      </trkpt>
      <trkpt lat="55.480995" lon="-3.014639">
        <ele>207.6</ele>
      </trkpt>
      <trkpt lat="55.480999" lon="-3.014709">
        <ele>207.8</ele>
      </trkpt>
      <trkpt lat="55.481003" lon="-3.01478">
        <ele>208.0</ele>
      </trkpt>
      <trkpt lat="55.481007" lon="-3.014851">
        <ele>208.2</ele>
      </trkpt>
      <trkpt lat="55.481014" lon="-3.014921">
        <ele>208.4</ele>
      </trkpt>
      <trkpt lat="55.481018" lon="-3.014992">
        <ele>208.4</ele>
      </trkpt>
      <trkpt lat="55.481022" lon="-3.015061">
        <ele>208.8</ele>
      </trkpt>
      <trkpt lat="55.48103" lon="-3.015133">
        <ele>209.0</ele>
      </trkpt>
      <trkpt lat="55.481033" lon="-3.0152">
        <ele>209.4</ele>
      </trkpt>
      <trkpt lat="55.481037" lon="-3.01527">
        <ele>209.8</ele>
      </trkpt>
      <trkpt lat="55.481041" lon="-3.015341">
        <ele>210.0</ele>
      </trkpt>
      <trkpt lat="55.481045" lon="-3.015409">
        <ele>210.4</ele>
      </trkpt>
      <trkpt lat="55.481049" lon="-3.015479">
        <ele>210.6</ele>
      </trkpt>
      <trkpt lat="55.481052" lon="-3.01555">
        <ele>211.0</ele>
      </trkpt>
      <trkpt lat="55.48106" lon="-3.015622">
        <ele>211.2</ele>
      </trkpt>
      <trkpt lat="55.481064" lon="-3.015696">
        <ele>211.6</ele>
      </trkpt>
      <trkpt lat="55.481068" lon="-3.015771">
        <ele>212.0</ele>
      </trkpt>
      <trkpt lat="55.481071" lon="-3.015845">
        <ele>212.2</ele>
      </trkpt>
      <trkpt lat="55.481071" lon="-3.01592">
        <ele>212.4</ele>
      </trkpt>
      <trkpt lat="55.481079" lon="-3.015998">
        <ele>212.6</ele>
      </trkpt>
      <trkpt lat="55.481083" lon="-3.016074">
        <ele>212.8</ele>
      </trkpt>
      <trkpt lat="55.481087" lon="-3.016154">
        <ele>213.0</ele>
      </trkpt>
      <trkpt lat="55.481094" lon="-3.016232">
        <ele>213.2</ele>
      </trkpt>
      <trkpt lat="55.481098" lon="-3.016314">
        <ele>213.4</ele>
      </trkpt>
      <trkpt lat="55.481106" lon="-3.016397">
        <ele>213.6</ele>
      </trkpt>
      <trkpt lat="55.48111" lon="-3.01648">
        <ele>214.0</ele>
      </trkpt>
      <trkpt lat="55.481117" lon="-3.016565">
        <ele>214.6</ele>
      </trkpt>
      <trkpt lat="55.481125" lon="-3.016653">
        <ele>214.8</ele>
      </trkpt>
      <trkpt lat="55.481133" lon="-3.016742">
        <ele>215.0</ele>
      </trkpt>
      <trkpt lat="55.48114" lon="-3.016831">
        <ele>215.2</ele>
      </trkpt>
      <trkpt lat="55.481152" lon="-3.016926">
        <ele>215.4</ele>
      </trkpt>
      <trkpt lat="55.481159" lon="-3.017024">
        <ele>215.6</ele>
      </trkpt>
      <trkpt lat="55.481171" lon="-3.017122">
        <ele>215.6</ele>
      </trkpt>
      <trkpt lat="55.481178" lon="-3.017223">
        <ele>215.8</ele>
      </trkpt>
      <trkpt lat="55.48119" lon="-3.017323">
        <ele>215.8</ele>
      </trkpt>
      <trkpt lat="55.48119" lon="-3.017323">
        <ele>215.8</ele>
      </trkpt>
      <trkpt lat="55.481209" lon="-3.017511">
        <ele>215.8</ele>
      </trkpt>
      <trkpt lat="55.48122" lon="-3.017596">
        <ele>216.0</ele>
      </trkpt>
      <trkpt lat="55.481236" lon="-3.017771">
        <ele>216.0</ele>
      </trkpt>
      <trkpt lat="55.481243" lon="-3.017856">
        <ele>216.0</ele>
      </trkpt>
      <trkpt lat="55.481255" lon="-3.017965">
        <ele>216.2</ele>
      </trkpt>
      <trkpt lat="55.481266" lon="-3.018074">
        <ele>216.2</ele>
      </trkpt>
      <trkpt lat="55.481277" lon="-3.018184">
        <ele>216.4</ele>
      </trkpt>
      <trkpt lat="55.481289" lon="-3.018296">
        <ele>216.4</ele>
      </trkpt>
      <trkpt lat="55.4813" lon="-3.018407">
        <ele>216.6</ele>
      </trkpt>
      <trkpt lat="55.481316" lon="-3.018518">
        <ele>216.8</ele>
      </trkpt>
      <trkpt lat="55.481331" lon="-3.01863">
        <ele>216.8</ele>
      </trkpt>
      <trkpt lat="55.48135" lon="-3.018745">
        <ele>216.8</ele>
      </trkpt>
      <trkpt lat="55.481369" lon="-3.018857">
        <ele>216.8</ele>
      </trkpt>
      <trkpt lat="55.481392" lon="-3.018969">
        <ele>216.8</ele>
      </trkpt>
      <trkpt lat="55.481415" lon="-3.01908">
        <ele>216.8</ele>
      </trkpt>
      <trkpt lat="55.481441" lon="-3.019191">
        <ele>216.8</ele>
      </trkpt>
      <trkpt lat="55.481468" lon="-3.019303">
        <ele>216.6</ele>
      </trkpt>
      <trkpt lat="55.481499" lon="-3.019419">
        <ele>216.4</ele>
      </trkpt>
      <trkpt lat="55.481525" lon="-3.019537">
        <ele>216.2</ele>
      </trkpt>
      <trkpt lat="55.481556" lon="-3.019655">
        <ele>216.2</ele>
      </trkpt>
      <trkpt lat="55.481583" lon="-3.019779">
        <ele>216.0</ele>
      </trkpt>
      <trkpt lat="55.481609" lon="-3.019904">
        <ele>216.0</ele>
      </trkpt>
      <trkpt lat="55.481632" lon="-3.020035">
        <ele>216.0</ele>
      </trkpt>
      <trkpt lat="55.481655" lon="-3.02017">
        <ele>215.8</ele>
      </trkpt>
      <trkpt lat="55.481678" lon="-3.020305">
        <ele>215.8</ele>
      </trkpt>
      <trkpt lat="55.481697" lon="-3.020439">
        <ele>215.4</ele>
      </trkpt>
      <trkpt lat="55.481716" lon="-3.020568">
        <ele>215.2</ele>
      </trkpt>
      <trkpt lat="55.481739" lon="-3.020693">
        <ele>215.2</ele>
      </trkpt>
      <trkpt lat="55.481762" lon="-3.020813">
        <ele>215.0</ele>
      </trkpt>
      <trkpt lat="55.481785" lon="-3.020931">
        <ele>215.0</ele>
      </trkpt>
      <trkpt lat="55.481815" lon="-3.021048">
        <ele>214.6</ele>
      </trkpt>
      <trkpt lat="55.481842" lon="-3.021167">
        <ele>214.6</ele>
      </trkpt>
      <trkpt lat="55.481873" lon="-3.021286">
        <ele>214.4</ele>
      </trkpt>
      <trkpt lat="55.481907" lon="-3.021404">
        <ele>214.4</ele>
      </trkpt>
      <trkpt lat="55.481937" lon="-3.021523">
        <ele>214.0</ele>
      </trkpt>
      <trkpt lat="55.481968" lon="-3.021641">
        <ele>213.6</ele>
      </trkpt>
      <trkpt lat="55.482002" lon="-3.021762">
        <ele>213.6</ele>
      </trkpt>
      <trkpt lat="55.482037" lon="-3.021884">
        <ele>213.4</ele>
      </trkpt>
      <trkpt lat="55.482071" lon="-3.022005">
        <ele>213.2</ele>
      </trkpt>
      <trkpt lat="55.482105" lon="-3.02213">
        <ele>213.0</ele>
      </trkpt>
      <trkpt lat="55.48214" lon="-3.022257">
        <ele>212.8</ele>
      </trkpt>
      <trkpt lat="55.482178" lon="-3.022383">
        <ele>212.8</ele>
      </trkpt>
      <trkpt lat="55.482224" lon="-3.022504">
        <ele>212.6</ele>
      </trkpt>
      <trkpt lat="55.482273" lon="-3.022616">
        <ele>212.6</ele>
      </trkpt>
      <trkpt lat="55.482327" lon="-3.02272">
        <ele>212.4</ele>
      </trkpt>
      <trkpt lat="55.482391" lon="-3.022812">
        <ele>212.2</ele>
      </trkpt>
      <trkpt lat="55.482468" lon="-3.022889">
        <ele>212.0</ele>
      </trkpt>
      <trkpt lat="55.482544" lon="-3.022951">
        <ele>211.8</ele>
      </trkpt>
      <trkpt lat="55.482628" lon="-3.023006">
        <ele>211.6</ele>
      </trkpt>
      <trkpt lat="55.482731" lon="-3.023068">
        <ele>211.4</ele>
      </trkpt>
      <trkpt lat="55.482815" lon="-3.023117">
        <ele>211.2</ele>
      </trkpt>
      <trkpt lat="55.482903" lon="-3.023164">
        <ele>210.8</ele>
      </trkpt>
      <trkpt lat="55.48299" lon="-3.023211">
        <ele>210.6</ele>
      </trkpt>
      <trkpt lat="55.483078" lon="-3.023254">
        <ele>210.4</ele>
      </trkpt>
      <trkpt lat="55.48317" lon="-3.023293">
        <ele>210.2</ele>
      </trkpt>
      <trkpt lat="55.483246" lon="-3.023326">
        <ele>210.2</ele>
      </trkpt>
      <trkpt lat="55.483337" lon="-3.023367">
        <ele>210.0</ele>
      </trkpt>
      <trkpt lat="55.483429" lon="-3.023412">
        <ele>209.2</ele>
      </trkpt>
      <trkpt lat="55.483521" lon="-3.023458">
        <ele>209.0</ele>
      </trkpt>
      <trkpt lat="55.483612" lon="-3.023511">
        <ele>208.6</ele>
      </trkpt>
      <trkpt lat="55.4837" lon="-3.023564">
        <ele>208.6</ele>
      </trkpt>
      <trkpt lat="55.4837" lon="-3.023564">
        <ele>208.2</ele>
      </trkpt>
      <trkpt lat="55.48386" lon="-3.023655">
        <ele>208.0</ele>
      </trkpt>
      <trkpt lat="55.483932" lon="-3.023692">
        <ele>207.8</ele>
      </trkpt>
      <trkpt lat="55.48407" lon="-3.023768">
        <ele>207.8</ele>
      </trkpt>
      <trkpt lat="55.484138" lon="-3.023816">
        <ele>207.8</ele>
      </trkpt>
      <trkpt lat="55.484219" lon="-3.023894">
        <ele>207.4</ele>
      </trkpt>
      <trkpt lat="55.484291" lon="-3.02399">
        <ele>207.2</ele>
      </trkpt>
      <trkpt lat="55.484348" lon="-3.0241">
        <ele>206.8</ele>
      </trkpt>
      <trkpt lat="55.484398" lon="-3.02422">
        <ele>206.6</ele>
      </trkpt>
      <trkpt lat="55.48444" lon="-3.024347">
        <ele>206.6</ele>
      </trkpt>
      <trkpt lat="55.484482" lon="-3.024506">
        <ele>206.4</ele>
      </trkpt>
      <trkpt lat="55.484501" lon="-3.024617">
        <ele>206.4</ele>
      </trkpt>
      <trkpt lat="55.484528" lon="-3.024781">
        <ele>206.2</ele>
      </trkpt>
      <trkpt lat="55.484535" lon="-3.024917">
        <ele>206.2</ele>
      </trkpt>
      <trkpt lat="55.484539" lon="-3.025054">
        <ele>206.2</ele>
      </trkpt>
      <trkpt lat="55.484535" lon="-3.025162">
        <ele>206.2</ele>
      </trkpt>
      <trkpt lat="55.484535" lon="-3.025297">
        <ele>206.2</ele>
      </trkpt>
      <trkpt lat="55.484531" lon="-3.025429">
        <ele>206.2</ele>
      </trkpt>
      <trkpt lat="55.484528" lon="-3.025555">
        <ele>206.2</ele>
      </trkpt>
      <trkpt lat="55.484524" lon="-3.025681">
        <ele>206.2</ele>
      </trkpt>
      <trkpt lat="55.484524" lon="-3.025805">
        <ele>206.2</ele>
      </trkpt>
      <trkpt lat="55.48452" lon="-3.025928">
        <ele>206.2</ele>
      </trkpt>
      <trkpt lat="55.48452" lon="-3.02605">
        <ele>206.4</ele>
      </trkpt>
      <trkpt lat="55.48452" lon="-3.026169">
        <ele>206.4</ele>
      </trkpt>
      <trkpt lat="55.484524" lon="-3.026284">
        <ele>206.4</ele>
      </trkpt>
      <trkpt lat="55.484528" lon="-3.026399">
        <ele>206.4</ele>
      </trkpt>
      <trkpt lat="55.484535" lon="-3.026517">
        <ele>206.4</ele>
      </trkpt>
      <trkpt lat="55.484543" lon="-3.026632">
        <ele>206.6</ele>
      </trkpt>
      <trkpt lat="55.484558" lon="-3.026746">
        <ele>206.6</ele>
      </trkpt>
      <trkpt lat="55.484573" lon="-3.02686">
        <ele>206.8</ele>
      </trkpt>
      <trkpt lat="55.484592" lon="-3.02697">
        <ele>206.8</ele>
      </trkpt>
      <trkpt lat="55.484612" lon="-3.027082">
        <ele>207.0</ele>
      </trkpt>
      <trkpt lat="55.484627" lon="-3.027194">
        <ele>207.0</ele>
      </trkpt>
      <trkpt lat="55.484642" lon="-3.027309">
        <ele>207.2</ele>
      </trkpt>
      <trkpt lat="55.484657" lon="-3.027422">
        <ele>207.4</ele>
      </trkpt>
      <trkpt lat="55.484673" lon="-3.027532">
        <ele>207.4</ele>
      </trkpt>
      <trkpt lat="55.484688" lon="-3.02764">
        <ele>207.6</ele>
      </trkpt>
      <trkpt lat="55.484699" lon="-3.027749">
        <ele>207.8</ele>
      </trkpt>
      <trkpt lat="55.484715" lon="-3.027864">
        <ele>207.8</ele>
      </trkpt>
      <trkpt lat="55.484726" lon="-3.027977">
        <ele>208.2</ele>
      </trkpt>
      <trkpt lat="55.484737" lon="-3.02809">
        <ele>208.4</ele>
      </trkpt>
      <trkpt lat="55.484753" lon="-3.028203">
        <ele>208.6</ele>
      </trkpt>
      <trkpt lat="55.484764" lon="-3.028315">
        <ele>208.8</ele>
      </trkpt>
      <trkpt lat="55.484779" lon="-3.028427">
        <ele>208.8</ele>
      </trkpt>
      <trkpt lat="55.484791" lon="-3.02854">
        <ele>209.0</ele>
      </trkpt>
      <trkpt lat="55.484806" lon="-3.028651">
        <ele>209.2</ele>
      </trkpt>
      <trkpt lat="55.484818" lon="-3.028762">
        <ele>209.2</ele>
      </trkpt>
      <trkpt lat="55.484833" lon="-3.028871">
        <ele>209.6</ele>
      </trkpt>
      <trkpt lat="55.484844" lon="-3.02898">
        <ele>209.6</ele>
      </trkpt>
      <trkpt lat="55.484856" lon="-3.029088">
        <ele>209.6</ele>
      </trkpt>
      <trkpt lat="55.484871" lon="-3.029195">
        <ele>209.6</ele>
      </trkpt>
      <trkpt lat="55.484882" lon="-3.029301">
        <ele>209.4</ele>
      </trkpt>
      <trkpt lat="55.484894" lon="-3.029406">
        <ele>209.4</ele>
      </trkpt>
      <trkpt lat="55.484905" lon="-3.029512">
        <ele>209.4</ele>
      </trkpt>
      <trkpt lat="55.484921" lon="-3.029621">
        <ele>209.6</ele>
      </trkpt>
      <trkpt lat="55.484932" lon="-3.029727">
        <ele>209.8</ele>
      </trkpt>
      <trkpt lat="55.484947" lon="-3.029833">
        <ele>209.8</ele>
      </trkpt>
      <trkpt lat="55.484962" lon="-3.02994">
        <ele>210.0</ele>
      </trkpt>
      <trkpt lat="55.484974" lon="-3.03005">
        <ele>210.0</ele>
      </trkpt>
      <trkpt lat="55.484982" lon="-3.030163">
        <ele>210.2</ele>
      </trkpt>
      <trkpt lat="55.484982" lon="-3.030163">
        <ele>210.4</ele>
      </trkpt>
      <trkpt lat="55.485004" lon="-3.03037">
        <ele>210.4</ele>
      </trkpt>
      <trkpt lat="55.485016" lon="-3.030465">
        <ele>210.6</ele>
      </trkpt>
      <trkpt lat="55.485043" lon="-3.030657">
        <ele>210.8</ele>
      </trkpt>
      <trkpt lat="55.485054" lon="-3.030752">
        <ele>211.0</ele>
      </trkpt>
      <trkpt lat="55.485073" lon="-3.030871">
        <ele>211.2</ele>
      </trkpt>
      <trkpt lat="55.485088" lon="-3.030988">
        <ele>211.2</ele>
      </trkpt>
      <trkpt lat="55.485111" lon="-3.031101">
        <ele>211.2</ele>
      </trkpt>
      <trkpt lat="55.48513" lon="-3.031209">
        <ele>211.2</ele>
      </trkpt>
      <trkpt lat="55.485153" lon="-3.031315">
        <ele>211.4</ele>
      </trkpt>
      <trkpt lat="55.48518" lon="-3.031422">
        <ele>211.2</ele>
      </trkpt>
      <trkpt lat="55.485207" lon="-3.031529">
        <ele>211.2</ele>
      </trkpt>
      <trkpt lat="55.485237" lon="-3.031637">
        <ele>211.2</ele>
      </trkpt>
      <trkpt lat="55.485268" lon="-3.031746">
        <ele>211.2</ele>
      </trkpt>
      <trkpt lat="55.485298" lon="-3.031858">
        <ele>211.2</ele>
      </trkpt>
      <trkpt lat="55.485329" lon="-3.031971">
        <ele>211.2</ele>
      </trkpt>
      <trkpt lat="55.485363" lon="-3.032083">
        <ele>211.2</ele>
      </trkpt>
      <trkpt lat="55.485397" lon="-3.032193">
        <ele>211.0</ele>
      </trkpt>
      <trkpt lat="55.485432" lon="-3.0323">
        <ele>211.0</ele>
      </trkpt>
      <trkpt lat="55.485474" lon="-3.032402">
        <ele>211.0</ele>
      </trkpt>
      <trkpt lat="55.485512" lon="-3.0325">
        <ele>211.0</ele>
      </trkpt>
      <trkpt lat="55.485558" lon="-3.032596">
        <ele>210.8</ele>
      </trkpt>
      <trkpt lat="55.485607" lon="-3.032693">
        <ele>210.8</ele>
      </trkpt>
      <trkpt lat="55.485661" lon="-3.032788">
        <ele>210.8</ele>
      </trkpt>
      <trkpt lat="55.485714" lon="-3.032883">
        <ele>210.6</ele>
      </trkpt>
      <trkpt lat="55.485775" lon="-3.03298">
        <ele>210.6</ele>
      </trkpt>
      <trkpt lat="55.485836" lon="-3.033075">
        <ele>210.6</ele>
      </trkpt>
      <trkpt lat="55.485897" lon="-3.033174">
        <ele>210.4</ele>
      </trkpt>
      <trkpt lat="55.485958" lon="-3.033274">
        <ele>210.4</ele>
      </trkpt>
      <trkpt lat="55.486023" lon="-3.033371">
        <ele>210.2</ele>
      </trkpt>
      <trkpt lat="55.486088" lon="-3.03347">
        <ele>210.2</ele>
      </trkpt>
      <trkpt lat="55.486149" lon="-3.033574">
        <ele>210.0</ele>
      </trkpt>
      <trkpt lat="55.486206" lon="-3.033682">
        <ele>210.0</ele>
      </trkpt>
      <trkpt lat="55.486259" lon="-3.033792">
        <ele>209.8</ele>
      </trkpt>
      <trkpt lat="55.486309" lon="-3.033904">
        <ele>209.6</ele>
      </trkpt>
      <trkpt lat="55.486355" lon="-3.034017">
        <ele>209.4</ele>
      </trkpt>
      <trkpt lat="55.486404" lon="-3.034162">
        <ele>209.0</ele>
      </trkpt>
      <trkpt lat="55.486443" lon="-3.03429">
        <ele>208.8</ele>
      </trkpt>
      <trkpt lat="55.486465" lon="-3.034397">
        <ele>208.6</ele>
      </trkpt>
      <trkpt lat="55.486492" lon="-3.034528">
        <ele>208.4</ele>
      </trkpt>
      <trkpt lat="55.486511" lon="-3.034679">
        <ele>208.4</ele>
      </trkpt>
      <trkpt lat="55.486523" lon="-3.0348">
        <ele>208.4</ele>
      </trkpt>
      <trkpt lat="55.486534" lon="-3.034913">
        <ele>208.4</ele>
      </trkpt>
      <trkpt lat="55.486542" lon="-3.035022">
        <ele>208.4</ele>
      </trkpt>
      <trkpt lat="55.486553" lon="-3.035136">
        <ele>208.4</ele>
      </trkpt>
      <trkpt lat="55.486565" lon="-3.035253">
        <ele>208.6</ele>
      </trkpt>
      <trkpt lat="55.48658" lon="-3.035369">
        <ele>208.6</ele>
      </trkpt>
      <trkpt lat="55.486595" lon="-3.035486">
        <ele>208.6</ele>
      </trkpt>
      <trkpt lat="55.48661" lon="-3.035603">
        <ele>208.8</ele>
      </trkpt>
      <trkpt lat="55.486622" lon="-3.03572">
        <ele>208.8</ele>
      </trkpt>
      <trkpt lat="55.486633" lon="-3.035812">
        <ele>208.8</ele>
      </trkpt>
      <trkpt lat="55.486645" lon="-3.035924">
        <ele>209.0</ele>
      </trkpt>
      <trkpt lat="55.486656" lon="-3.036039">
        <ele>209.0</ele>
      </trkpt>
      <trkpt lat="55.486668" lon="-3.036155">
        <ele>209.0</ele>
      </trkpt>
      <trkpt lat="55.486675" lon="-3.036297">
        <ele>208.8</ele>
      </trkpt>
      <trkpt lat="55.486679" lon="-3.036393">
        <ele>208.8</ele>
      </trkpt>
      <trkpt lat="55.486679" lon="-3.036515">
        <ele>208.8</ele>
      </trkpt>
      <trkpt lat="55.486675" lon="-3.036637">
        <ele>208.6</ele>
      </trkpt>
      <trkpt lat="55.486668" lon="-3.036757">
        <ele>208.6</ele>
      </trkpt>
      <trkpt lat="55.486652" lon="-3.036899">
        <ele>208.4</ele>
      </trkpt>
      <trkpt lat="55.486652" lon="-3.036899">
        <ele>208.4</ele>
      </trkpt>
      <trkpt lat="55.486626" lon="-3.037086">
        <ele>208.4</ele>
      </trkpt>
      <trkpt lat="55.486607" lon="-3.037176">
        <ele>208.4</ele>
      </trkpt>
      <trkpt lat="55.486568" lon="-3.037347">
        <ele>208.4</ele>
      </trkpt>
      <trkpt lat="55.486549" lon="-3.037431">
        <ele>208.4</ele>
      </trkpt>
      <trkpt lat="55.486526" lon="-3.037532">
        <ele>208.4</ele>
      </trkpt>
      <trkpt lat="55.4865" lon="-3.037632">
        <ele>208.4</ele>
      </trkpt>
      <trkpt lat="55.486473" lon="-3.037728">
        <ele>208.4</ele>
      </trkpt>
      <trkpt lat="55.486446" lon="-3.03784">
        <ele>208.4</ele>
      </trkpt>
      <trkpt lat="55.486423" lon="-3.03791">
        <ele>208.6</ele>
      </trkpt>
      <trkpt lat="55.486401" lon="-3.037997">
        <ele>208.8</ele>
      </trkpt>
      <trkpt lat="55.486374" lon="-3.038086">
        <ele>209.2</ele>
      </trkpt>
      <trkpt lat="55.486343" lon="-3.03819">
        <ele>209.4</ele>
      </trkpt>
      <trkpt lat="55.48632" lon="-3.038258">
        <ele>209.6</ele>
      </trkpt>
      <trkpt lat="55.486294" lon="-3.038343">
        <ele>210.0</ele>
      </trkpt>
      <trkpt lat="55.486271" lon="-3.038431">
        <ele>210.0</ele>
      </trkpt>
      <trkpt lat="55.486248" lon="-3.03852">
        <ele>210.6</ele>
      </trkpt>
      <trkpt lat="55.486221" lon="-3.038607">
        <ele>210.8</ele>
      </trkpt>
      <trkpt lat="55.486198" lon="-3.038693">
        <ele>211.2</ele>
      </trkpt>
      <trkpt lat="55.486176" lon="-3.038781">
        <ele>211.6</ele>
      </trkpt>
      <trkpt lat="55.486153" lon="-3.03887">
        <ele>211.8</ele>
      </trkpt>
      <trkpt lat="55.48613" lon="-3.03896">
        <ele>212.2</ele>
      </trkpt>
      <trkpt lat="55.486111" lon="-3.039049">
        <ele>212.2</ele>
      </trkpt>
      <trkpt lat="55.486088" lon="-3.039138">
        <ele>212.4</ele>
      </trkpt>
      <trkpt lat="55.486069" lon="-3.039231">
        <ele>212.8</ele>
      </trkpt>
      <trkpt lat="55.48605" lon="-3.039324">
        <ele>213.0</ele>
      </trkpt>
      <trkpt lat="55.486027" lon="-3.039415">
        <ele>213.2</ele>
      </trkpt>
      <trkpt lat="55.486008" lon="-3.039506">
        <ele>213.4</ele>
      </trkpt>
      <trkpt lat="55.485992" lon="-3.039598">
        <ele>213.6</ele>
      </trkpt>
      <trkpt lat="55.485973" lon="-3.03969">
        <ele>214.2</ele>
      </trkpt>
      <trkpt lat="55.485954" lon="-3.039783">
        <ele>214.6</ele>
      </trkpt>
      <trkpt lat="55.485935" lon="-3.039879">
        <ele>214.8</ele>
      </trkpt>
      <trkpt lat="55.485916" lon="-3.039982">
        <ele>215.0</ele>
      </trkpt>
      <trkpt lat="55.485897" lon="-3.040087">
        <ele>215.2</ele>
      </trkpt>
      <trkpt lat="55.485878" lon="-3.040196">
        <ele>215.4</ele>
      </trkpt>
      <trkpt lat="55.485855" lon="-3.040308">
        <ele>215.6</ele>
      </trkpt>
      <trkpt lat="55.485832" lon="-3.04042">
        <ele>215.8</ele>
      </trkpt>
      <trkpt lat="55.485806" lon="-3.040555">
        <ele>215.8</ele>
      </trkpt>
      <trkpt lat="55.485783" lon="-3.040646">
        <ele>216.0</ele>
      </trkpt>
      <trkpt lat="55.485756" lon="-3.040759">
        <ele>216.0</ele>
      </trkpt>
      <trkpt lat="55.485725" lon="-3.040893">
        <ele>216.2</ele>
      </trkpt>
      <trkpt lat="55.485706" lon="-3.040984">
        <ele>216.2</ele>
      </trkpt>
      <trkpt lat="55.485676" lon="-3.041097">
        <ele>216.4</ele>
      </trkpt>
      <trkpt lat="55.485638" lon="-3.041232">
        <ele>216.4</ele>
      </trkpt>
      <trkpt lat="55.485607" lon="-3.041347">
        <ele>216.4</ele>
      </trkpt>
      <trkpt lat="55.485577" lon="-3.04144">
        <ele>216.2</ele>
      </trkpt>
      <trkpt lat="55.485535" lon="-3.041559">
        <ele>216.0</ele>
      </trkpt>
      <trkpt lat="55.485493" lon="-3.04168">
        <ele>215.8</ele>
      </trkpt>
      <trkpt lat="55.485443" lon="-3.041799">
        <ele>215.4</ele>
      </trkpt>
      <trkpt lat="55.485386" lon="-3.041918">
        <ele>215.2</ele>
      </trkpt>
      <trkpt lat="55.485329" lon="-3.042037">
        <ele>214.8</ele>
      </trkpt>
      <trkpt lat="55.485268" lon="-3.042158">
        <ele>214.6</ele>
      </trkpt>
      <trkpt lat="55.485203" lon="-3.042314">
        <ele>214.2</ele>
      </trkpt>
      <trkpt lat="55.485165" lon="-3.042427">
        <ele>214.0</ele>
      </trkpt>
      <trkpt lat="55.485119" lon="-3.04258">
        <ele>213.6</ele>
      </trkpt>
      <trkpt lat="55.485073" lon="-3.042739">
        <ele>213.0</ele>
      </trkpt>
      <trkpt lat="55.485023" lon="-3.042895">
        <ele>212.6</ele>
      </trkpt>
      <trkpt lat="55.484962" lon="-3.043044">
        <ele>212.4</ele>
      </trkpt>
      <trkpt lat="55.484898" lon="-3.043189">
        <ele>212.0</ele>
      </trkpt>
      <trkpt lat="55.484833" lon="-3.043328">
        <ele>211.4</ele>
      </trkpt>
      <trkpt lat="55.48476" lon="-3.043486">
        <ele>211.2</ele>
      </trkpt>
      <trkpt lat="55.484711" lon="-3.043587">
        <ele>210.4</ele>
      </trkpt>
      <trkpt lat="55.484653" lon="-3.04371">
        <ele>209.6</ele>
      </trkpt>
      <trkpt lat="55.484596" lon="-3.043826">
        <ele>209.2</ele>
      </trkpt>
      <trkpt lat="55.484543" lon="-3.043937">
        <ele>208.8</ele>
      </trkpt>
      <trkpt lat="55.484493" lon="-3.044042">
        <ele>208.4</ele>
      </trkpt>
      <trkpt lat="55.484444" lon="-3.04414">
        <ele>208.2</ele>
      </trkpt>
      <trkpt lat="55.484398" lon="-3.044233">
        <ele>208.0</ele>
      </trkpt>
      <trkpt lat="55.484398" lon="-3.044233">
        <ele>208.0</ele>
      </trkpt>
      <trkpt lat="55.484314" lon="-3.04438">
        <ele>208.0</ele>
      </trkpt>
      <trkpt lat="55.484272" lon="-3.044436">
        <ele>208.0</ele>
      </trkpt>
      <trkpt lat="55.484196" lon="-3.044536">
        <ele>208.0</ele>
      </trkpt>
      <trkpt lat="55.484158" lon="-3.044583">
        <ele>208.2</ele>
      </trkpt>
      <trkpt lat="55.484104" lon="-3.044643">
        <ele>208.4</ele>
      </trkpt>
      <trkpt lat="55.484043" lon="-3.044711">
        <ele>208.8</ele>
      </trkpt>
      <trkpt lat="55.483986" lon="-3.044766">
        <ele>209.0</ele>
      </trkpt>
      <trkpt lat="55.48394" lon="-3.044816">
        <ele>209.4</ele>
      </trkpt>
      <trkpt lat="55.483887" lon="-3.044881">
        <ele>209.4</ele>
      </trkpt>
      <trkpt lat="55.483837" lon="-3.044951">
        <ele>209.8</ele>
      </trkpt>
      <trkpt lat="55.483791" lon="-3.045027">
        <ele>210.0</ele>
      </trkpt>
      <trkpt lat="55.483738" lon="-3.045131">
        <ele>210.0</ele>
      </trkpt>
      <trkpt lat="55.483704" lon="-3.045227">
        <ele>210.2</ele>
      </trkpt>
      <trkpt lat="55.483677" lon="-3.045307">
        <ele>210.2</ele>
      </trkpt>
      <trkpt lat="55.483646" lon="-3.045408">
        <ele>210.4</ele>
      </trkpt>
      <trkpt lat="55.483604" lon="-3.045527">
        <ele>210.6</ele>
      </trkpt>
      <trkpt lat="55.48357" lon="-3.045621">
        <ele>211.0</ele>
      </trkpt>
      <trkpt lat="55.483528" lon="-3.045711">
        <ele>211.2</ele>
      </trkpt>
      <trkpt lat="55.483482" lon="-3.045791">
        <ele>211.2</ele>
      </trkpt>
      <trkpt lat="55.483444" lon="-3.04585">
        <ele>211.4</ele>
      </trkpt>
      <trkpt lat="55.483395" lon="-3.04592">
        <ele>211.6</ele>
      </trkpt>
      <trkpt lat="55.483345" lon="-3.045988">
        <ele>211.6</ele>
      </trkpt>
      <trkpt lat="55.483292" lon="-3.04605">
        <ele>211.8</ele>
      </trkpt>
      <trkpt lat="55.483238" lon="-3.046108">
        <ele>211.8</ele>
      </trkpt>
      <trkpt lat="55.483185" lon="-3.046162">
        <ele>211.8</ele>
      </trkpt>
      <trkpt lat="55.483131" lon="-3.046216">
        <ele>211.8</ele>
      </trkpt>
      <trkpt lat="55.483078" lon="-3.046271">
        <ele>212.0</ele>
      </trkpt>
      <trkpt lat="55.483025" lon="-3.046327">
        <ele>212.0</ele>
      </trkpt>
      <trkpt lat="55.482971" lon="-3.046386">
        <ele>212.0</ele>
      </trkpt>
      <trkpt lat="55.482922" lon="-3.046448">
        <ele>212.2</ele>
      </trkpt>
      <trkpt lat="55.482876" lon="-3.046512">
        <ele>212.4</ele>
      </trkpt>
      <trkpt lat="55.482826" lon="-3.046577">
        <ele>212.6</ele>
      </trkpt>
      <trkpt lat="55.482777" lon="-3.046641">
        <ele>212.6</ele>
      </trkpt>
      <trkpt lat="55.482731" lon="-3.046707">
        <ele>212.8</ele>
      </trkpt>
      <trkpt lat="55.482685" lon="-3.046774">
        <ele>213.0</ele>
      </trkpt>
      <trkpt lat="55.482635" lon="-3.046842">
        <ele>213.2</ele>
      </trkpt>
      <trkpt lat="55.482578" lon="-3.04692">
        <ele>213.6</ele>
      </trkpt>
      <trkpt lat="55.482536" lon="-3.046969">
        <ele>213.6</ele>
      </trkpt>
      <trkpt lat="55.482487" lon="-3.047029">
        <ele>214.0</ele>
      </trkpt>
      <trkpt lat="55.482422" lon="-3.047097">
        <ele>214.0</ele>
      </trkpt>
      <trkpt lat="55.48238" lon="-3.047141">
        <ele>214.2</ele>
      </trkpt>
      <trkpt lat="55.482327" lon="-3.047195">
        <ele>214.4</ele>
      </trkpt>
      <trkpt lat="55.482273" lon="-3.047252">
        <ele>214.4</ele>
      </trkpt>
      <trkpt lat="55.48222" lon="-3.047313">
        <ele>214.6</ele>
      </trkpt>
      <trkpt lat="55.482159" lon="-3.047391">
        <ele>214.8</ele>
      </trkpt>
      <trkpt lat="55.482109" lon="-3.047464">
        <ele>215.0</ele>
      </trkpt>
      <trkpt lat="55.482059" lon="-3.047539">
        <ele>215.2</ele>
      </trkpt>
      <trkpt lat="55.482014" lon="-3.047617">
        <ele>215.4</ele>
      </trkpt>
      <trkpt lat="55.481972" lon="-3.047699">
        <ele>215.6</ele>
      </trkpt>
      <trkpt lat="55.48193" lon="-3.047781">
        <ele>215.6</ele>
      </trkpt>
      <trkpt lat="55.481888" lon="-3.047864">
        <ele>215.8</ele>
      </trkpt>
      <trkpt lat="55.481846" lon="-3.047947">
        <ele>216.0</ele>
      </trkpt>
      <trkpt lat="55.481804" lon="-3.048029">
        <ele>216.0</ele>
      </trkpt>
      <trkpt lat="55.481762" lon="-3.048111">
        <ele>216.2</ele>
      </trkpt>
      <trkpt lat="55.481712" lon="-3.048188">
        <ele>216.4</ele>
      </trkpt>
      <trkpt lat="55.481659" lon="-3.048254">
        <ele>216.6</ele>
      </trkpt>
      <trkpt lat="55.481609" lon="-3.048311">
        <ele>216.8</ele>
      </trkpt>
      <trkpt lat="55.481556" lon="-3.048366">
        <ele>217.0</ele>
      </trkpt>
      <trkpt lat="55.481503" lon="-3.048419">
        <ele>217.0</ele>
      </trkpt>
      <trkpt lat="55.481449" lon="-3.048478">
        <ele>217.2</ele>
      </trkpt>
      <trkpt lat="55.481396" lon="-3.048545">
        <ele>217.4</ele>
      </trkpt>
      <trkpt lat="55.48135" lon="-3.04862">
        <ele>217.6</ele>
      </trkpt>
      <trkpt lat="55.481304" lon="-3.048703">
        <ele>217.6</ele>
      </trkpt>
      <trkpt lat="55.481262" lon="-3.048792">
        <ele>217.8</ele>
      </trkpt>
      <trkpt lat="55.481228" lon="-3.048885">
        <ele>218.0</ele>
      </trkpt>
      <trkpt lat="55.481197" lon="-3.048982">
        <ele>218.2</ele>
      </trkpt>
      <trkpt lat="55.481167" lon="-3.049083">
        <ele>218.4</ele>
      </trkpt>
      <trkpt lat="55.481144" lon="-3.049187">
        <ele>218.6</ele>
      </trkpt>
      <trkpt lat="55.481125" lon="-3.049294">
        <ele>218.8</ele>
      </trkpt>
      <trkpt lat="55.481102" lon="-3.0494">
        <ele>218.8</ele>
      </trkpt>
      <trkpt lat="55.481071" lon="-3.0495">
        <ele>219.0</ele>
      </trkpt>
      <trkpt lat="55.481033" lon="-3.049597">
        <ele>219.0</ele>
      </trkpt>
      <trkpt lat="55.480999" lon="-3.049694">
        <ele>219.2</ele>
      </trkpt>
      <trkpt lat="55.480965" lon="-3.049791">
        <ele>219.4</ele>
      </trkpt>
      <trkpt lat="55.48093" lon="-3.049891">
        <ele>219.6</ele>
      </trkpt>
      <trkpt lat="55.480896" lon="-3.049994">
        <ele>219.8</ele>
      </trkpt>
      <trkpt lat="55.480869" lon="-3.050099">
        <ele>219.8</ele>
      </trkpt>
      <trkpt lat="55.480846" lon="-3.050208">
        <ele>219.8</ele>
      </trkpt>
      <trkpt lat="55.480827" lon="-3.050318">
        <ele>219.8</ele>
      </trkpt>
      <trkpt lat="55.480812" lon="-3.050429">
        <ele>219.8</ele>
      </trkpt>
      <trkpt lat="55.480797" lon="-3.050542">
        <ele>219.8</ele>
      </trkpt>
      <trkpt lat="55.480785" lon="-3.050657">
        <ele>219.8</ele>
      </trkpt>
      <trkpt lat="55.480774" lon="-3.05077">
        <ele>219.8</ele>
      </trkpt>
      <trkpt lat="55.480759" lon="-3.050882">
        <ele>219.8</ele>
      </trkpt>
      <trkpt lat="55.480743" lon="-3.050994">
        <ele>219.8</ele>
      </trkpt>
      <trkpt lat="55.480724" lon="-3.051106">
        <ele>219.8</ele>
      </trkpt>
      <trkpt lat="55.480705" lon="-3.051217">
        <ele>220.0</ele>
      </trkpt>
      <trkpt lat="55.480686" lon="-3.051329">
        <ele>220.0</ele>
      </trkpt>
      <trkpt lat="55.480667" lon="-3.051441">
        <ele>219.8</ele>
      </trkpt>
      <trkpt lat="55.480644" lon="-3.051551">
        <ele>219.8</ele>
      </trkpt>
      <trkpt lat="55.480625" lon="-3.051663">
        <ele>220.0</ele>
      </trkpt>
      <trkpt lat="55.480606" lon="-3.051774">
        <ele>220.0</ele>
      </trkpt>
      <trkpt lat="55.480587" lon="-3.051883">
        <ele>220.0</ele>
      </trkpt>
      <trkpt lat="55.480572" lon="-3.05199">
        <ele>220.0</ele>
      </trkpt>
      <trkpt lat="55.480553" lon="-3.052097">
        <ele>220.0</ele>
      </trkpt>
      <trkpt lat="55.480534" lon="-3.052204">
        <ele>220.0</ele>
      </trkpt>
      <trkpt lat="55.480515" lon="-3.052312">
        <ele>220.4</ele>
      </trkpt>
      <trkpt lat="55.480492" lon="-3.052424">
        <ele>220.6</ele>
      </trkpt>
      <trkpt lat="55.480473" lon="-3.052537">
        <ele>220.8</ele>
      </trkpt>
      <trkpt lat="55.48045" lon="-3.052653">
        <ele>221.0</ele>
      </trkpt>
      <trkpt lat="55.480427" lon="-3.052776">
        <ele>221.0</ele>
      </trkpt>
      <trkpt lat="55.4804" lon="-3.052904">
        <ele>221.0</ele>
      </trkpt>
      <trkpt lat="55.480373" lon="-3.053034">
        <ele>221.0</ele>
      </trkpt>
      <trkpt lat="55.480347" lon="-3.053162">
        <ele>221.0</ele>
      </trkpt>
      <trkpt lat="55.480316" lon="-3.053296">
        <ele>221.0</ele>
      </trkpt>
      <trkpt lat="55.480286" lon="-3.05343">
        <ele>220.8</ele>
      </trkpt>
      <trkpt lat="55.480259" lon="-3.053564">
        <ele>220.8</ele>
      </trkpt>
      <trkpt lat="55.480228" lon="-3.053699">
        <ele>220.8</ele>
      </trkpt>
      <trkpt lat="55.480194" lon="-3.053842">
        <ele>220.6</ele>
      </trkpt>
      <trkpt lat="55.48016" lon="-3.053988">
        <ele>220.4</ele>
      </trkpt>
      <trkpt lat="55.480133" lon="-3.054134">
        <ele>220.4</ele>
      </trkpt>
      <trkpt lat="55.480133" lon="-3.054134">
        <ele>220.2</ele>
      </trkpt>
      <trkpt lat="55.480087" lon="-3.05437">
        <ele>219.8</ele>
      </trkpt>
      <trkpt lat="55.480064" lon="-3.054512">
        <ele>219.6</ele>
      </trkpt>
      <trkpt lat="55.480038" lon="-3.054699">
        <ele>219.2</ele>
      </trkpt>
      <trkpt lat="55.48003" lon="-3.054822">
        <ele>219.0</ele>
      </trkpt>
      <trkpt lat="55.480022" lon="-3.054941">
        <ele>219.0</ele>
      </trkpt>
      <trkpt lat="55.480015" lon="-3.055057">
        <ele>218.8</ele>
      </trkpt>
      <trkpt lat="55.480011" lon="-3.055171">
        <ele>218.8</ele>
      </trkpt>
      <trkpt lat="55.480007" lon="-3.055286">
        <ele>218.8</ele>
      </trkpt>
      <trkpt lat="55.479996" lon="-3.055399">
        <ele>218.8</ele>
      </trkpt>
      <trkpt lat="55.479984" lon="-3.05551">
        <ele>219.0</ele>
      </trkpt>
      <trkpt lat="55.479977" lon="-3.05562">
        <ele>219.0</ele>
      </trkpt>
      <trkpt lat="55.479965" lon="-3.055731">
        <ele>219.2</ele>
      </trkpt>
      <trkpt lat="55.479958" lon="-3.055841">
        <ele>219.2</ele>
      </trkpt>
      <trkpt lat="55.479942" lon="-3.055954">
        <ele>219.4</ele>
      </trkpt>
      <trkpt lat="55.479931" lon="-3.056065">
        <ele>219.4</ele>
      </trkpt>
      <trkpt lat="55.479916" lon="-3.056171">
        <ele>219.6</ele>
      </trkpt>
      <trkpt lat="55.4799" lon="-3.056272">
        <ele>219.8</ele>
      </trkpt>
      <trkpt lat="55.479885" lon="-3.056365">
        <ele>220.0</ele>
      </trkpt>
      <trkpt lat="55.47987" lon="-3.056453">
        <ele>220.2</ele>
      </trkpt>
      <trkpt lat="55.479851" lon="-3.056538">
        <ele>220.4</ele>
      </trkpt>
      <trkpt lat="55.479828" lon="-3.056617">
        <ele>220.4</ele>
      </trkpt>
      <trkpt lat="55.479805" lon="-3.05669">
        <ele>220.6</ele>
      </trkpt>
      <trkpt lat="55.479782" lon="-3.056744">
        <ele>220.6</ele>
      </trkpt>
      <trkpt lat="55.479744" lon="-3.056821">
        <ele>220.6</ele>
      </trkpt>
      <trkpt lat="55.47971" lon="-3.05688">
        <ele>220.8</ele>
      </trkpt>
      <trkpt lat="55.479675" lon="-3.056935">
        <ele>220.8</ele>
      </trkpt>
      <trkpt lat="55.479637" lon="-3.056991">
        <ele>221.2</ele>
      </trkpt>
      <trkpt lat="55.479599" lon="-3.057046">
        <ele>221.4</ele>
      </trkpt>
      <trkpt lat="55.479553" lon="-3.057099">
        <ele>221.6</ele>
      </trkpt>
      <trkpt lat="55.479511" lon="-3.057151">
        <ele>221.8</ele>
      </trkpt>
      <trkpt lat="55.479469" lon="-3.057209">
        <ele>221.8</ele>
      </trkpt>
      <trkpt lat="55.479427" lon="-3.057273">
        <ele>222.4</ele>
      </trkpt>
      <trkpt lat="55.479385" lon="-3.057341">
        <ele>222.6</ele>
      </trkpt>
      <trkpt lat="55.479343" lon="-3.057412">
        <ele>223.0</ele>
      </trkpt>
      <trkpt lat="55.479305" lon="-3.057487">
        <ele>223.4</ele>
      </trkpt>
      <trkpt lat="55.479267" lon="-3.057565">
        <ele>223.4</ele>
      </trkpt>
      <trkpt lat="55.479225" lon="-3.057643">
        <ele>223.6</ele>
      </trkpt>
      <trkpt lat="55.479187" lon="-3.057721">
        <ele>224.0</ele>
      </trkpt>
      <trkpt lat="55.479145" lon="-3.057802">
        <ele>224.2</ele>
      </trkpt>
      <trkpt lat="55.479103" lon="-3.057892">
        <ele>224.4</ele>
      </trkpt>
      <trkpt lat="55.479065" lon="-3.057982">
        <ele>224.4</ele>
      </trkpt>
      <trkpt lat="55.479027" lon="-3.058074">
        <ele>224.6</ele>
      </trkpt>
      <trkpt lat="55.478992" lon="-3.058167">
        <ele>224.6</ele>
      </trkpt>
      <trkpt lat="55.478958" lon="-3.058259">
        <ele>224.8</ele>
      </trkpt>
      <trkpt lat="55.478924" lon="-3.058357">
        <ele>224.8</ele>
      </trkpt>
      <trkpt lat="55.478889" lon="-3.058458">
        <ele>224.8</ele>
      </trkpt>
      <trkpt lat="55.478855" lon="-3.058555">
        <ele>224.8</ele>
      </trkpt>
      <trkpt lat="55.478825" lon="-3.058652">
        <ele>224.8</ele>
      </trkpt>
      <trkpt lat="55.47879" lon="-3.058748">
        <ele>224.8</ele>
      </trkpt>
      <trkpt lat="55.47876" lon="-3.058846">
        <ele>224.8</ele>
      </trkpt>
      <trkpt lat="55.478725" lon="-3.058942">
        <ele>224.8</ele>
      </trkpt>
      <trkpt lat="55.478699" lon="-3.059038">
        <ele>224.8</ele>
      </trkpt>
      <trkpt lat="55.478668" lon="-3.059138">
        <ele>224.8</ele>
      </trkpt>
      <trkpt lat="55.478638" lon="-3.05924">
        <ele>224.8</ele>
      </trkpt>
      <trkpt lat="55.478615" lon="-3.059345">
        <ele>224.8</ele>
      </trkpt>
      <trkpt lat="55.478588" lon="-3.059454">
        <ele>224.8</ele>
      </trkpt>
      <trkpt lat="55.478561" lon="-3.059569">
        <ele>224.8</ele>
      </trkpt>
      <trkpt lat="55.478542" lon="-3.05969">
        <ele>224.6</ele>
      </trkpt>
      <trkpt lat="55.478516" lon="-3.059817">
        <ele>224.6</ele>
      </trkpt>
      <trkpt lat="55.478516" lon="-3.059817">
        <ele>224.6</ele>
      </trkpt>
      <trkpt lat="55.478477" lon="-3.060022">
        <ele>224.4</ele>
      </trkpt>
      <trkpt lat="55.478451" lon="-3.060153">
        <ele>224.2</ele>
      </trkpt>
      <trkpt lat="55.478424" lon="-3.060288">
        <ele>224.0</ele>
      </trkpt>
      <trkpt lat="55.478386" lon="-3.060472">
        <ele>224.0</ele>
      </trkpt>
      <trkpt lat="55.478355" lon="-3.0606">
        <ele>223.8</ele>
      </trkpt>
      <trkpt lat="55.478321" lon="-3.060721">
        <ele>223.6</ele>
      </trkpt>
      <trkpt lat="55.478279" lon="-3.060833">
        <ele>223.6</ele>
      </trkpt>
      <trkpt lat="55.478226" lon="-3.060933">
        <ele>223.0</ele>
      </trkpt>
      <trkpt lat="55.478168" lon="-3.061019">
        <ele>222.8</ele>
      </trkpt>
      <trkpt lat="55.478104" lon="-3.061092">
        <ele>222.2</ele>
      </trkpt>
      <trkpt lat="55.478035" lon="-3.061157">
        <ele>221.8</ele>
      </trkpt>
      <trkpt lat="55.477966" lon="-3.061219">
        <ele>221.8</ele>
      </trkpt>
      <trkpt lat="55.477898" lon="-3.061286">
        <ele>221.4</ele>
      </trkpt>
      <trkpt lat="55.477829" lon="-3.061357">
        <ele>221.2</ele>
      </trkpt>
      <trkpt lat="55.477776" lon="-3.061417">
        <ele>220.8</ele>
      </trkpt>
      <trkpt lat="55.477699" lon="-3.061514">
        <ele>220.4</ele>
      </trkpt>
      <trkpt lat="55.477638" lon="-3.061604">
        <ele>220.0</ele>
      </trkpt>
      <trkpt lat="55.477581" lon="-3.061704">
        <ele>219.8</ele>
      </trkpt>
      <trkpt lat="55.477528" lon="-3.061812">
        <ele>219.6</ele>
      </trkpt>
      <trkpt lat="55.477478" lon="-3.061926">
        <ele>219.4</ele>
      </trkpt>
      <trkpt lat="55.477428" lon="-3.062046">
        <ele>219.2</ele>
      </trkpt>
      <trkpt lat="55.477375" lon="-3.062168">
        <ele>219.0</ele>
      </trkpt>
      <trkpt lat="55.47731" lon="-3.062281">
        <ele>218.8</ele>
      </trkpt>
      <trkpt lat="55.477234" lon="-3.062374">
        <ele>218.6</ele>
      </trkpt>
      <trkpt lat="55.47715" lon="-3.062441">
        <ele>218.4</ele>
      </trkpt>
      <trkpt lat="55.477066" lon="-3.062487">
        <ele>218.4</ele>
      </trkpt>
      <trkpt lat="55.47699" lon="-3.062533">
        <ele>217.4</ele>
      </trkpt>
      <trkpt lat="55.476913" lon="-3.06259">
        <ele>217.0</ele>
      </trkpt>
      <trkpt lat="55.476845" lon="-3.062659">
        <ele>216.4</ele>
      </trkpt>
      <trkpt lat="55.47678" lon="-3.062745">
        <ele>215.8</ele>
      </trkpt>
      <trkpt lat="55.476719" lon="-3.062842">
        <ele>215.8</ele>
      </trkpt>
      <trkpt lat="55.476658" lon="-3.062941">
        <ele>215.6</ele>
      </trkpt>
      <trkpt lat="55.476597" lon="-3.063041">
        <ele>215.4</ele>
      </trkpt>
      <trkpt lat="55.476536" lon="-3.063143">
        <ele>215.2</ele>
      </trkpt>
      <trkpt lat="55.476479" lon="-3.063248">
        <ele>215.2</ele>
      </trkpt>
      <trkpt lat="55.476425" lon="-3.063354">
        <ele>214.8</ele>
      </trkpt>
      <trkpt lat="55.476376" lon="-3.063462">
        <ele>214.6</ele>
      </trkpt>
      <trkpt lat="55.476326" lon="-3.063574">
        <ele>214.4</ele>
      </trkpt>
      <trkpt lat="55.476276" lon="-3.063686">
        <ele>214.0</ele>
      </trkpt>
      <trkpt lat="55.476227" lon="-3.063802">
        <ele>214.0</ele>
      </trkpt>
      <trkpt lat="55.476185" lon="-3.063915">
        <ele>214.0</ele>
      </trkpt>
      <trkpt lat="55.476139" lon="-3.064033">
        <ele>213.6</ele>
      </trkpt>
      <trkpt lat="55.476101" lon="-3.064152">
        <ele>213.6</ele>
      </trkpt>
      <trkpt lat="55.476059" lon="-3.064275">
        <ele>213.4</ele>
      </trkpt>
      <trkpt lat="55.476021" lon="-3.064395">
        <ele>213.4</ele>
      </trkpt>
      <trkpt lat="55.475986" lon="-3.064491">
        <ele>213.4</ele>
      </trkpt>
      <trkpt lat="55.475941" lon="-3.064635">
        <ele>213.2</ele>
      </trkpt>
      <trkpt lat="55.475903" lon="-3.064753">
        <ele>213.2</ele>
      </trkpt>
      <trkpt lat="55.475864" lon="-3.064872">
        <ele>212.8</ele>
      </trkpt>
      <trkpt lat="55.475826" lon="-3.064991">
        <ele>212.6</ele>
      </trkpt>
      <trkpt lat="55.475784" lon="-3.06511">
        <ele>212.2</ele>
      </trkpt>
      <trkpt lat="55.475742" lon="-3.065223">
        <ele>212.0</ele>
      </trkpt>
      <trkpt lat="55.475697" lon="-3.065328">
        <ele>211.6</ele>
      </trkpt>
      <trkpt lat="55.475647" lon="-3.065428">
        <ele>211.4</ele>
      </trkpt>
      <trkpt lat="55.475594" lon="-3.065522">
        <ele>211.2</ele>
      </trkpt>
      <trkpt lat="55.47554" lon="-3.065613">
        <ele>211.2</ele>
      </trkpt>
      <trkpt lat="55.475491" lon="-3.0657">
        <ele>211.2</ele>
      </trkpt>
      <trkpt lat="55.475445" lon="-3.065786">
        <ele>211.2</ele>
      </trkpt>
      <trkpt lat="55.475399" lon="-3.06587">
        <ele>211.2</ele>
      </trkpt>
      <trkpt lat="55.475349" lon="-3.065952">
        <ele>211.2</ele>
      </trkpt>
      <trkpt lat="55.475319" lon="-3.066001">
        <ele>211.4</ele>
      </trkpt>
      <trkpt lat="55.475266" lon="-3.066078">
        <ele>211.2</ele>
      </trkpt>
      <trkpt lat="55.475193" lon="-3.066168">
        <ele>211.4</ele>
      </trkpt>
      <trkpt lat="55.475147" lon="-3.066212">
        <ele>211.4</ele>
      </trkpt>
      <trkpt lat="55.475075" lon="-3.066271">
        <ele>211.6</ele>
      </trkpt>
      <trkpt lat="55.475014" lon="-3.06631">
        <ele>211.6</ele>
      </trkpt>
      <trkpt lat="55.474953" lon="-3.06634">
        <ele>211.6</ele>
      </trkpt>
      <trkpt lat="55.474907" lon="-3.066355">
        <ele>211.8</ele>
      </trkpt>
      <trkpt lat="55.474838" lon="-3.066368">
        <ele>211.8</ele>
      </trkpt>
      <trkpt lat="55.474785" lon="-3.06637">
        <ele>211.8</ele>
      </trkpt>
      <trkpt lat="55.474731" lon="-3.066367">
        <ele>211.8</ele>
      </trkpt>
      <trkpt lat="55.474689" lon="-3.06636">
        <ele>211.8</ele>
      </trkpt>
      <trkpt lat="55.474625" lon="-3.066349">
        <ele>212.0</ele>
      </trkpt>
      <trkpt lat="55.474571" lon="-3.066342">
        <ele>212.2</ele>
      </trkpt>
      <trkpt lat="55.474518" lon="-3.066345">
        <ele>212.6</ele>
      </trkpt>
      <trkpt lat="55.474461" lon="-3.066355">
        <ele>212.8</ele>
      </trkpt>
      <trkpt lat="55.474403" lon="-3.066367">
        <ele>213.2</ele>
      </trkpt>
      <trkpt lat="55.474346" lon="-3.066383">
        <ele>213.6</ele>
      </trkpt>
      <trkpt lat="55.474289" lon="-3.066403">
        <ele>213.8</ele>
      </trkpt>
      <trkpt lat="55.474236" lon="-3.066426">
        <ele>214.0</ele>
      </trkpt>
      <trkpt lat="55.474178" lon="-3.066451">
        <ele>214.2</ele>
      </trkpt>
      <trkpt lat="55.474125" lon="-3.066481">
        <ele>214.4</ele>
      </trkpt>
      <trkpt lat="55.474072" lon="-3.066516">
        <ele>214.4</ele>
      </trkpt>
      <trkpt lat="55.474018" lon="-3.066551">
        <ele>215.0</ele>
      </trkpt>
      <trkpt lat="55.473969" lon="-3.066588">
        <ele>215.4</ele>
      </trkpt>
      <trkpt lat="55.473919" lon="-3.066628">
        <ele>215.6</ele>
      </trkpt>
      <trkpt lat="55.473869" lon="-3.066671">
        <ele>215.8</ele>
      </trkpt>
      <trkpt lat="55.47382" lon="-3.066716">
        <ele>216.0</ele>
      </trkpt>
      <trkpt lat="55.47377" lon="-3.066764">
        <ele>216.2</ele>
      </trkpt>
      <trkpt lat="55.473724" lon="-3.066814">
        <ele>216.2</ele>
      </trkpt>
      <trkpt lat="55.473679" lon="-3.066869">
        <ele>216.4</ele>
      </trkpt>
      <trkpt lat="55.473637" lon="-3.066931">
        <ele>217.0</ele>
      </trkpt>
      <trkpt lat="55.473591" lon="-3.066998">
        <ele>217.0</ele>
      </trkpt>
      <trkpt lat="55.473557" lon="-3.067057">
        <ele>217.4</ele>
      </trkpt>
      <trkpt lat="55.473511" lon="-3.067154">
        <ele>217.6</ele>
      </trkpt>
      <trkpt lat="55.473473" lon="-3.067239">
        <ele>217.8</ele>
      </trkpt>
      <trkpt lat="55.473438" lon="-3.067325">
        <ele>218.2</ele>
      </trkpt>
      <trkpt lat="55.473404" lon="-3.067413">
        <ele>218.2</ele>
      </trkpt>
      <trkpt lat="55.47337" lon="-3.067501">
        <ele>218.4</ele>
      </trkpt>
      <trkpt lat="55.473331" lon="-3.067591">
        <ele>218.4</ele>
      </trkpt>
      <trkpt lat="55.473293" lon="-3.067684">
        <ele>218.6</ele>
      </trkpt>
      <trkpt lat="55.473251" lon="-3.067779">
        <ele>218.8</ele>
      </trkpt>
      <trkpt lat="55.473206" lon="-3.06788">
        <ele>218.8</ele>
      </trkpt>
      <trkpt lat="55.473164" lon="-3.067985">
        <ele>218.8</ele>
      </trkpt>
      <trkpt lat="55.473114" lon="-3.068092">
        <ele>218.8</ele>
      </trkpt>
      <trkpt lat="55.473064" lon="-3.068203">
        <ele>218.6</ele>
      </trkpt>
      <trkpt lat="55.473015" lon="-3.068317">
        <ele>218.6</ele>
      </trkpt>
      <trkpt lat="55.472965" lon="-3.068434">
        <ele>218.2</ele>
      </trkpt>
      <trkpt lat="55.472916" lon="-3.06855">
        <ele>218.0</ele>
      </trkpt>
      <trkpt lat="55.47287" lon="-3.068663">
        <ele>217.8</ele>
      </trkpt>
      <trkpt lat="55.472816" lon="-3.068774">
        <ele>217.4</ele>
      </trkpt>
      <trkpt lat="55.472767" lon="-3.068884">
        <ele>217.0</ele>
      </trkpt>
      <trkpt lat="55.472717" lon="-3.068996">
        <ele>216.4</ele>
      </trkpt>
      <trkpt lat="55.472668" lon="-3.069109">
        <ele>216.0</ele>
      </trkpt>
      <trkpt lat="55.472626" lon="-3.069199">
        <ele>215.8</ele>
      </trkpt>
      <trkpt lat="55.472561" lon="-3.069335">
        <ele>215.8</ele>
      </trkpt>
      <trkpt lat="55.472511" lon="-3.069452">
        <ele>215.4</ele>
      </trkpt>
      <trkpt lat="55.472458" lon="-3.069571">
        <ele>214.8</ele>
      </trkpt>
      <trkpt lat="55.472401" lon="-3.069693">
        <ele>215.0</ele>
      </trkpt>
      <trkpt lat="55.472347" lon="-3.06982">
        <ele>214.6</ele>
      </trkpt>
      <trkpt lat="55.472286" lon="-3.069951">
        <ele>214.4</ele>
      </trkpt>
      <trkpt lat="55.472221" lon="-3.070085">
        <ele>214.2</ele>
      </trkpt>
      <trkpt lat="55.472153" lon="-3.070215">
        <ele>213.0</ele>
      </trkpt>
      <trkpt lat="55.47208" lon="-3.070334">
        <ele>212.6</ele>
      </trkpt>
      <trkpt lat="55.472" lon="-3.070435">
        <ele>212.0</ele>
      </trkpt>
      <trkpt lat="55.471924" lon="-3.070519">
        <ele>211.8</ele>
      </trkpt>
      <trkpt lat="55.471844" lon="-3.070597">
        <ele>211.0</ele>
      </trkpt>
      <trkpt lat="55.471771" lon="-3.070673">
        <ele>210.4</ele>
      </trkpt>
      <trkpt lat="55.471714" lon="-3.070732">
        <ele>210.4</ele>
      </trkpt>
      <trkpt lat="55.471634" lon="-3.070818">
        <ele>210.0</ele>
      </trkpt>
      <trkpt lat="55.471569" lon="-3.070885">
        <ele>209.8</ele>
      </trkpt>
      <trkpt lat="55.471504" lon="-3.070948">
        <ele>209.6</ele>
      </trkpt>
      <trkpt lat="55.471443" lon="-3.071012">
        <ele>209.6</ele>
      </trkpt>
      <trkpt lat="55.471394" lon="-3.071062">
        <ele>209.6</ele>
      </trkpt>
      <trkpt lat="55.471325" lon="-3.071135">
        <ele>209.6</ele>
      </trkpt>
      <trkpt lat="55.471272" lon="-3.071194">
        <ele>209.8</ele>
      </trkpt>
      <trkpt lat="55.471218" lon="-3.07125">
        <ele>210.0</ele>
      </trkpt>
      <trkpt lat="55.471161" lon="-3.071304">
        <ele>210.0</ele>
      </trkpt>
      <trkpt lat="55.471111" lon="-3.071356">
        <ele>210.0</ele>
      </trkpt>
      <trkpt lat="55.471058" lon="-3.071411">
        <ele>210.2</ele>
      </trkpt>
      <trkpt lat="55.471008" lon="-3.071465">
        <ele>210.2</ele>
      </trkpt>
      <trkpt lat="55.470963" lon="-3.071521">
        <ele>210.4</ele>
      </trkpt>
      <trkpt lat="55.470913" lon="-3.071576">
        <ele>210.4</ele>
      </trkpt>
      <trkpt lat="55.470867" lon="-3.071631">
        <ele>210.6</ele>
      </trkpt>
      <trkpt lat="55.470814" lon="-3.071683">
        <ele>210.8</ele>
      </trkpt>
      <trkpt lat="55.470764" lon="-3.07173">
        <ele>210.8</ele>
      </trkpt>
      <trkpt lat="55.470715" lon="-3.071775">
        <ele>211.2</ele>
      </trkpt>
      <trkpt lat="55.470665" lon="-3.07182">
        <ele>211.4</ele>
      </trkpt>
      <trkpt lat="55.470619" lon="-3.071867">
        <ele>211.8</ele>
      </trkpt>
      <trkpt lat="55.470619" lon="-3.071867">
        <ele>211.8</ele>
      </trkpt>
      <trkpt lat="55.470543" lon="-3.071944">
        <ele>212.4</ele>
      </trkpt>
      <trkpt lat="55.470497" lon="-3.07199">
        <ele>212.8</ele>
      </trkpt>
      <trkpt lat="55.470432" lon="-3.072054">
        <ele>213.0</ele>
      </trkpt>
      <trkpt lat="55.470398" lon="-3.07209">
        <ele>213.2</ele>
      </trkpt>
      <trkpt lat="55.470356" lon="-3.072132">
        <ele>213.4</ele>
      </trkpt>
      <trkpt lat="55.470303" lon="-3.072182">
        <ele>213.8</ele>
      </trkpt>
      <trkpt lat="55.470253" lon="-3.072222">
        <ele>213.8</ele>
      </trkpt>
      <trkpt lat="55.470203" lon="-3.072261">
        <ele>214.0</ele>
      </trkpt>
      <trkpt lat="55.470154" lon="-3.072298">
        <ele>214.4</ele>
      </trkpt>
      <trkpt lat="55.4701" lon="-3.072334">
        <ele>214.6</ele>
      </trkpt>
      <trkpt lat="55.470051" lon="-3.072371">
        <ele>214.8</ele>
      </trkpt>
      <trkpt lat="55.470001" lon="-3.072406">
        <ele>214.8</ele>
      </trkpt>
      <trkpt lat="55.469952" lon="-3.072439">
        <ele>215.0</ele>
      </trkpt>
      <trkpt lat="55.46991" lon="-3.072464">
        <ele>215.6</ele>
      </trkpt>
      <trkpt lat="55.469852" lon="-3.072498">
        <ele>215.8</ele>
      </trkpt>
      <trkpt lat="55.469803" lon="-3.072528">
        <ele>216.2</ele>
      </trkpt>
      <trkpt lat="55.469753" lon="-3.072557">
        <ele>216.2</ele>
      </trkpt>
      <trkpt lat="55.469704" lon="-3.072585">
        <ele>216.6</ele>
      </trkpt>
      <trkpt lat="55.469654" lon="-3.072611">
        <ele>216.6</ele>
      </trkpt>
      <trkpt lat="55.469604" lon="-3.072643">
        <ele>217.0</ele>
      </trkpt>
      <trkpt lat="55.469555" lon="-3.072676">
        <ele>217.2</ele>
      </trkpt>
      <trkpt lat="55.469521" lon="-3.072701">
        <ele>217.2</ele>
      </trkpt>
      <trkpt lat="55.469471" lon="-3.072734">
        <ele>217.4</ele>
      </trkpt>
      <trkpt lat="55.46941" lon="-3.07277">
        <ele>217.4</ele>
      </trkpt>
      <trkpt lat="55.46936" lon="-3.072798">
        <ele>217.8</ele>
      </trkpt>
      <trkpt lat="55.469311" lon="-3.072833">
        <ele>218.4</ele>
      </trkpt>
      <trkpt lat="55.469261" lon="-3.072872">
        <ele>218.4</ele>
      </trkpt>
      <trkpt lat="55.469212" lon="-3.07291">
        <ele>218.8</ele>
      </trkpt>
      <trkpt lat="55.46917" lon="-3.072937">
        <ele>218.8</ele>
      </trkpt>
      <trkpt lat="55.469109" lon="-3.072981">
        <ele>219.0</ele>
      </trkpt>
      <trkpt lat="55.469067" lon="-3.073009">
        <ele>219.0</ele>
      </trkpt>
      <trkpt lat="55.469006" lon="-3.073053">
        <ele>219.2</ele>
      </trkpt>
      <trkpt lat="55.468956" lon="-3.073092">
        <ele>219.6</ele>
      </trkpt>
      <trkpt lat="55.46891" lon="-3.073133">
        <ele>219.8</ele>
      </trkpt>
      <trkpt lat="55.468864" lon="-3.073177">
        <ele>220.2</ele>
      </trkpt>
      <trkpt lat="55.468819" lon="-3.073228">
        <ele>220.4</ele>
      </trkpt>
      <trkpt lat="55.468777" lon="-3.073287">
        <ele>220.8</ele>
      </trkpt>
      <trkpt lat="55.468739" lon="-3.073349">
        <ele>221.0</ele>
      </trkpt>
      <trkpt lat="55.468704" lon="-3.073421">
        <ele>221.2</ele>
      </trkpt>
      <trkpt lat="55.468674" lon="-3.073502">
        <ele>221.6</ele>
      </trkpt>
      <trkpt lat="55.468647" lon="-3.073587">
        <ele>221.6</ele>
      </trkpt>
      <trkpt lat="55.468624" lon="-3.073674">
        <ele>222.0</ele>
      </trkpt>
      <trkpt lat="55.468597" lon="-3.073761">
        <ele>222.2</ele>
      </trkpt>
      <trkpt lat="55.468571" lon="-3.073849">
        <ele>222.6</ele>
      </trkpt>
      <trkpt lat="55.468552" lon="-3.07394">
        <ele>223.0</ele>
      </trkpt>
      <trkpt lat="55.468533" lon="-3.074025">
        <ele>223.2</ele>
      </trkpt>
      <trkpt lat="55.468517" lon="-3.074109">
        <ele>223.6</ele>
      </trkpt>
      <trkpt lat="55.468494" lon="-3.074193">
        <ele>223.8</ele>
      </trkpt>
      <trkpt lat="55.468468" lon="-3.074268">
        <ele>224.0</ele>
      </trkpt>
      <trkpt lat="55.468445" lon="-3.07433">
        <ele>224.2</ele>
      </trkpt>
      <trkpt lat="55.468422" lon="-3.074387">
        <ele>224.4</ele>
      </trkpt>
      <trkpt lat="55.468391" lon="-3.074445">
        <ele>225.0</ele>
      </trkpt>
      <trkpt lat="55.468357" lon="-3.074496">
        <ele>225.2</ele>
      </trkpt>
      <trkpt lat="55.468319" lon="-3.074539">
        <ele>225.2</ele>
      </trkpt>
      <trkpt lat="55.468273" lon="-3.074585">
        <ele>225.6</ele>
      </trkpt>
      <trkpt lat="55.468227" lon="-3.074629">
        <ele>225.8</ele>
      </trkpt>
      <trkpt lat="55.468178" lon="-3.074677">
        <ele>225.8</ele>
      </trkpt>
      <trkpt lat="55.468132" lon="-3.07472">
        <ele>226.0</ele>
      </trkpt>
      <trkpt lat="55.468082" lon="-3.07476">
        <ele>226.2</ele>
      </trkpt>
      <trkpt lat="55.468029" lon="-3.074798">
        <ele>226.2</ele>
      </trkpt>
      <trkpt lat="55.467979" lon="-3.074839">
        <ele>226.4</ele>
      </trkpt>
      <trkpt lat="55.467922" lon="-3.07488">
        <ele>226.6</ele>
      </trkpt>
      <trkpt lat="55.467865" lon="-3.07492">
        <ele>226.8</ele>
      </trkpt>
      <trkpt lat="55.467812" lon="-3.074964">
        <ele>227.0</ele>
      </trkpt>
      <trkpt lat="55.467758" lon="-3.075013">
        <ele>227.2</ele>
      </trkpt>
      <trkpt lat="55.467705" lon="-3.075059">
        <ele>227.8</ele>
      </trkpt>
      <trkpt lat="55.467651" lon="-3.075104">
        <ele>227.8</ele>
      </trkpt>
      <trkpt lat="55.467594" lon="-3.075149">
        <ele>228.0</ele>
      </trkpt>
      <trkpt lat="55.467541" lon="-3.075189">
        <ele>228.2</ele>
      </trkpt>
      <trkpt lat="55.467484" lon="-3.075227">
        <ele>228.2</ele>
      </trkpt>
      <trkpt lat="55.467426" lon="-3.075259">
        <ele>228.4</ele>
      </trkpt>
      <trkpt lat="55.467369" lon="-3.075287">
        <ele>228.4</ele>
      </trkpt>
      <trkpt lat="55.467312" lon="-3.075312">
        <ele>228.8</ele>
      </trkpt>
      <trkpt lat="55.467255" lon="-3.075329">
        <ele>229.0</ele>
      </trkpt>
      <trkpt lat="55.467197" lon="-3.075346">
        <ele>229.2</ele>
      </trkpt>
      <trkpt lat="55.467136" lon="-3.075363">
        <ele>229.4</ele>
      </trkpt>
      <trkpt lat="55.467079" lon="-3.075383">
        <ele>229.6</ele>
      </trkpt>
      <trkpt lat="55.467022" lon="-3.075406">
        <ele>230.0</ele>
      </trkpt>
      <trkpt lat="55.466969" lon="-3.075432">
        <ele>230.0</ele>
      </trkpt>
      <trkpt lat="55.466919" lon="-3.075458">
        <ele>230.2</ele>
      </trkpt>
      <trkpt lat="55.466869" lon="-3.075483">
        <ele>230.4</ele>
      </trkpt>
      <trkpt lat="55.466824" lon="-3.075515">
        <ele>230.6</ele>
      </trkpt>
      <trkpt lat="55.466774" lon="-3.075549">
        <ele>230.8</ele>
      </trkpt>
      <trkpt lat="55.466728" lon="-3.075586">
        <ele>231.2</ele>
      </trkpt>
      <trkpt lat="55.466679" lon="-3.075628">
        <ele>231.6</ele>
      </trkpt>
      <trkpt lat="55.466629" lon="-3.07567">
        <ele>231.8</ele>
      </trkpt>
      <trkpt lat="55.466576" lon="-3.075715">
        <ele>232.2</ele>
      </trkpt>
      <trkpt lat="55.466576" lon="-3.075715">
        <ele>232.6</ele>
      </trkpt>
      <trkpt lat="55.466488" lon="-3.075797">
        <ele>232.6</ele>
      </trkpt>
      <trkpt lat="55.466434" lon="-3.075853">
        <ele>232.8</ele>
      </trkpt>
      <trkpt lat="55.466351" lon="-3.075935">
        <ele>232.8</ele>
      </trkpt>
      <trkpt lat="55.46629" lon="-3.075996">
        <ele>233.0</ele>
      </trkpt>
      <trkpt lat="55.466228" lon="-3.076061">
        <ele>233.0</ele>
      </trkpt>
      <trkpt lat="55.46616" lon="-3.076133">
        <ele>232.8</ele>
      </trkpt>
      <trkpt lat="55.466091" lon="-3.07621">
        <ele>232.8</ele>
      </trkpt>
      <trkpt lat="55.466019" lon="-3.076289">
        <ele>232.6</ele>
      </trkpt>
      <trkpt lat="55.465954" lon="-3.07637">
        <ele>232.6</ele>
      </trkpt>
      <trkpt lat="55.465893" lon="-3.076455">
        <ele>232.2</ele>
      </trkpt>
      <trkpt lat="55.465832" lon="-3.076545">
        <ele>231.8</ele>
      </trkpt>
      <trkpt lat="55.465778" lon="-3.076641">
        <ele>231.4</ele>
      </trkpt>
      <trkpt lat="55.465725" lon="-3.076748">
        <ele>231.2</ele>
      </trkpt>
      <trkpt lat="55.465675" lon="-3.076864">
        <ele>230.6</ele>
      </trkpt>
      <trkpt lat="55.465622" lon="-3.076986">
        <ele>230.4</ele>
      </trkpt>
      <trkpt lat="55.465569" lon="-3.077106">
        <ele>230.0</ele>
      </trkpt>
      <trkpt lat="55.465511" lon="-3.07722">
        <ele>229.6</ele>
      </trkpt>
      <trkpt lat="55.465446" lon="-3.077327">
        <ele>229.2</ele>
      </trkpt>
      <trkpt lat="55.465382" lon="-3.077424">
        <ele>229.0</ele>
      </trkpt>
      <trkpt lat="55.465313" lon="-3.077513">
        <ele>228.8</ele>
      </trkpt>
      <trkpt lat="55.46524" lon="-3.077602">
        <ele>228.6</ele>
      </trkpt>
      <trkpt lat="55.465172" lon="-3.077696">
        <ele>228.4</ele>
      </trkpt>
      <trkpt lat="55.465111" lon="-3.077801">
        <ele>228.0</ele>
      </trkpt>
      <trkpt lat="55.465054" lon="-3.077917">
        <ele>227.8</ele>
      </trkpt>
      <trkpt lat="55.465008" lon="-3.078041">
        <ele>227.6</ele>
      </trkpt>
      <trkpt lat="55.464966" lon="-3.078169">
        <ele>227.0</ele>
      </trkpt>
      <trkpt lat="55.464924" lon="-3.078295">
        <ele>226.6</ele>
      </trkpt>
      <trkpt lat="55.464878" lon="-3.07842">
        <ele>226.2</ele>
      </trkpt>
      <trkpt lat="55.464825" lon="-3.078536">
        <ele>226.0</ele>
      </trkpt>
      <trkpt lat="55.464771" lon="-3.078643">
        <ele>225.8</ele>
      </trkpt>
      <trkpt lat="55.46471" lon="-3.078744">
        <ele>225.8</ele>
      </trkpt>
      <trkpt lat="55.464657" lon="-3.07884">
        <ele>225.6</ele>
      </trkpt>
      <trkpt lat="55.4646" lon="-3.078936">
        <ele>225.4</ele>
      </trkpt>
      <trkpt lat="55.46455" lon="-3.079036">
        <ele>225.4</ele>
      </trkpt>
      <trkpt lat="55.4645" lon="-3.079136">
        <ele>225.2</ele>
      </trkpt>
      <trkpt lat="55.464451" lon="-3.07924">
        <ele>225.2</ele>
      </trkpt>
      <trkpt lat="55.464397" lon="-3.07934">
        <ele>225.2</ele>
      </trkpt>
      <trkpt lat="55.464344" lon="-3.079433">
        <ele>225.2</ele>
      </trkpt>
      <trkpt lat="55.464283" lon="-3.079521">
        <ele>225.2</ele>
      </trkpt>
      <trkpt lat="55.464226" lon="-3.079605">
        <ele>225.0</ele>
      </trkpt>
      <trkpt lat="55.464165" lon="-3.079686">
        <ele>225.0</ele>
      </trkpt>
      <trkpt lat="55.464108" lon="-3.079769">
        <ele>225.0</ele>
      </trkpt>
      <trkpt lat="55.464054" lon="-3.079856">
        <ele>225.0</ele>
      </trkpt>
      <trkpt lat="55.464001" lon="-3.079948">
        <ele>225.0</ele>
      </trkpt>
      <trkpt lat="55.463947" lon="-3.080042">
        <ele>225.2</ele>
      </trkpt>
      <trkpt lat="55.463898" lon="-3.080137">
        <ele>225.2</ele>
      </trkpt>
      <trkpt lat="55.463852" lon="-3.080235">
        <ele>225.2</ele>
      </trkpt>
      <trkpt lat="55.463802" lon="-3.080336">
        <ele>225.4</ele>
      </trkpt>
      <trkpt lat="55.463757" lon="-3.080438">
        <ele>225.4</ele>
      </trkpt>
      <trkpt lat="55.463711" lon="-3.08054">
        <ele>225.4</ele>
      </trkpt>
      <trkpt lat="55.463661" lon="-3.080642">
        <ele>225.4</ele>
      </trkpt>
      <trkpt lat="55.463615" lon="-3.080745">
        <ele>225.4</ele>
      </trkpt>
      <trkpt lat="55.463566" lon="-3.080848">
        <ele>225.4</ele>
      </trkpt>
      <trkpt lat="55.46352" lon="-3.080948">
        <ele>225.4</ele>
      </trkpt>
      <trkpt lat="55.46347" lon="-3.081048">
        <ele>225.4</ele>
      </trkpt>
      <trkpt lat="55.463425" lon="-3.081147">
        <ele>225.4</ele>
      </trkpt>
      <trkpt lat="55.463379" lon="-3.081244">
        <ele>225.4</ele>
      </trkpt>
      <trkpt lat="55.463329" lon="-3.081341">
        <ele>225.4</ele>
      </trkpt>
      <trkpt lat="55.46328" lon="-3.081439">
        <ele>225.4</ele>
      </trkpt>
      <trkpt lat="55.463223" lon="-3.081557">
        <ele>225.4</ele>
      </trkpt>
      <trkpt lat="55.463203" lon="-3.081596">
        <ele>225.4</ele>
      </trkpt>
      <trkpt lat="55.463154" lon="-3.081693">
        <ele>225.4</ele>
      </trkpt>
      <trkpt lat="55.463104" lon="-3.081787">
        <ele>225.4</ele>
      </trkpt>
      <trkpt lat="55.463036" lon="-3.081916">
        <ele>225.4</ele>
      </trkpt>
      <trkpt lat="55.462986" lon="-3.082009">
        <ele>225.2</ele>
      </trkpt>
      <trkpt lat="55.462936" lon="-3.082103">
        <ele>225.2</ele>
      </trkpt>
      <trkpt lat="55.462887" lon="-3.082198">
        <ele>225.4</ele>
      </trkpt>
      <trkpt lat="55.462837" lon="-3.082289">
        <ele>225.4</ele>
      </trkpt>
      <trkpt lat="55.462788" lon="-3.082381">
        <ele>225.2</ele>
      </trkpt>
      <trkpt lat="55.462738" lon="-3.082472">
        <ele>225.2</ele>
      </trkpt>
      <trkpt lat="55.462688" lon="-3.082563">
        <ele>225.4</ele>
      </trkpt>
      <trkpt lat="55.462643" lon="-3.082653">
        <ele>225.4</ele>
      </trkpt>
      <trkpt lat="55.462593" lon="-3.082743">
        <ele>225.6</ele>
      </trkpt>
      <trkpt lat="55.462547" lon="-3.082833">
        <ele>225.6</ele>
      </trkpt>
      <trkpt lat="55.462502" lon="-3.082922">
        <ele>225.6</ele>
      </trkpt>
      <trkpt lat="55.462452" lon="-3.083012">
        <ele>225.6</ele>
      </trkpt>
      <trkpt lat="55.46241" lon="-3.083102">
        <ele>225.6</ele>
      </trkpt>
      <trkpt lat="55.462368" lon="-3.083192">
        <ele>225.4</ele>
      </trkpt>
      <trkpt lat="55.462326" lon="-3.083288">
        <ele>225.4</ele>
      </trkpt>
      <trkpt lat="55.462288" lon="-3.083385">
        <ele>225.6</ele>
      </trkpt>
      <trkpt lat="55.46225" lon="-3.083483">
        <ele>225.6</ele>
      </trkpt>
      <trkpt lat="55.462208" lon="-3.083581">
        <ele>225.4</ele>
      </trkpt>
      <trkpt lat="55.46217" lon="-3.083678">
        <ele>225.4</ele>
      </trkpt>
      <trkpt lat="55.462128" lon="-3.083774">
        <ele>225.4</ele>
      </trkpt>
      <trkpt lat="55.462086" lon="-3.083868">
        <ele>225.4</ele>
      </trkpt>
      <trkpt lat="55.462048" lon="-3.083961">
        <ele>225.6</ele>
      </trkpt>
      <trkpt lat="55.462006" lon="-3.084055">
        <ele>225.6</ele>
      </trkpt>
      <trkpt lat="55.461967" lon="-3.084146">
        <ele>225.6</ele>
      </trkpt>
      <trkpt lat="55.461926" lon="-3.084235">
        <ele>225.6</ele>
      </trkpt>
      <trkpt lat="55.461887" lon="-3.084322">
        <ele>225.6</ele>
      </trkpt>
      <trkpt lat="55.461845" lon="-3.084409">
        <ele>225.8</ele>
      </trkpt>
      <trkpt lat="55.461811" lon="-3.084494">
        <ele>226.0</ele>
      </trkpt>
      <trkpt lat="55.461773" lon="-3.084579">
        <ele>226.2</ele>
      </trkpt>
      <trkpt lat="55.461735" lon="-3.084665">
        <ele>226.4</ele>
      </trkpt>
      <trkpt lat="55.461697" lon="-3.084751">
        <ele>226.4</ele>
      </trkpt>
      <trkpt lat="55.461658" lon="-3.084838">
        <ele>226.4</ele>
      </trkpt>
      <trkpt lat="55.461624" lon="-3.084923">
        <ele>226.4</ele>
      </trkpt>
      <trkpt lat="55.461586" lon="-3.085006">
        <ele>226.6</ele>
      </trkpt>
      <trkpt lat="55.461548" lon="-3.08509">
        <ele>226.6</ele>
      </trkpt>
      <trkpt lat="55.46151" lon="-3.085173">
        <ele>226.8</ele>
      </trkpt>
      <trkpt lat="55.461472" lon="-3.085253">
        <ele>226.8</ele>
      </trkpt>
      <trkpt lat="55.461433" lon="-3.08533">
        <ele>226.8</ele>
      </trkpt>
      <trkpt lat="55.461395" lon="-3.085407">
        <ele>226.8</ele>
      </trkpt>
      <trkpt lat="55.461353" lon="-3.085487">
        <ele>227.0</ele>
      </trkpt>
      <trkpt lat="55.461315" lon="-3.085565">
        <ele>227.2</ele>
      </trkpt>
      <trkpt lat="55.461273" lon="-3.085642">
        <ele>227.2</ele>
      </trkpt>
      <trkpt lat="55.461231" lon="-3.085718">
        <ele>227.6</ele>
      </trkpt>
      <trkpt lat="55.461189" lon="-3.085793">
        <ele>227.6</ele>
      </trkpt>
      <trkpt lat="55.461147" lon="-3.085865">
        <ele>227.8</ele>
      </trkpt>
      <trkpt lat="55.461105" lon="-3.085933">
        <ele>228.0</ele>
      </trkpt>
      <trkpt lat="55.461056" lon="-3.086">
        <ele>228.0</ele>
      </trkpt>
      <trkpt lat="55.461006" lon="-3.08606">
        <ele>228.2</ele>
      </trkpt>
      <trkpt lat="55.460957" lon="-3.086112">
        <ele>228.4</ele>
      </trkpt>
      <trkpt lat="55.460903" lon="-3.08616">
        <ele>228.6</ele>
      </trkpt>
      <trkpt lat="55.460854" lon="-3.086209">
        <ele>228.8</ele>
      </trkpt>
      <trkpt lat="55.460796" lon="-3.086259">
        <ele>228.8</ele>
      </trkpt>
      <trkpt lat="55.460739" lon="-3.086313">
        <ele>229.0</ele>
      </trkpt>
      <trkpt lat="55.460682" lon="-3.086369">
        <ele>229.0</ele>
      </trkpt>
      <trkpt lat="55.460621" lon="-3.086426">
        <ele>229.0</ele>
      </trkpt>
      <trkpt lat="55.46056" lon="-3.086485">
        <ele>229.2</ele>
      </trkpt>
      <trkpt lat="55.460499" lon="-3.086547">
        <ele>229.2</ele>
      </trkpt>
      <trkpt lat="55.460423" lon="-3.086621">
        <ele>229.2</ele>
      </trkpt>
      <trkpt lat="55.4604" lon="-3.086646">
        <ele>229.4</ele>
      </trkpt>
      <trkpt lat="55.460335" lon="-3.086708">
        <ele>229.4</ele>
      </trkpt>
      <trkpt lat="55.460274" lon="-3.08677">
        <ele>229.4</ele>
      </trkpt>
      <trkpt lat="55.460182" lon="-3.086859">
        <ele>229.4</ele>
      </trkpt>
      <trkpt lat="55.460121" lon="-3.086923">
        <ele>229.4</ele>
      </trkpt>
      <trkpt lat="55.46006" lon="-3.086985">
        <ele>229.4</ele>
      </trkpt>
      <trkpt lat="55.459999" lon="-3.087049">
        <ele>229.4</ele>
      </trkpt>
      <trkpt lat="55.459942" lon="-3.087111">
        <ele>229.4</ele>
      </trkpt>
      <trkpt lat="55.459885" lon="-3.087173">
        <ele>229.2</ele>
      </trkpt>
      <trkpt lat="55.459827" lon="-3.087235">
        <ele>229.2</ele>
      </trkpt>
      <trkpt lat="55.459774" lon="-3.0873">
        <ele>229.2</ele>
      </trkpt>
      <trkpt lat="55.459721" lon="-3.087372">
        <ele>229.0</ele>
      </trkpt>
      <trkpt lat="55.459667" lon="-3.08745">
        <ele>228.8</ele>
      </trkpt>
      <trkpt lat="55.45961" lon="-3.087532">
        <ele>228.6</ele>
      </trkpt>
      <trkpt lat="55.459557" lon="-3.08762">
        <ele>228.4</ele>
      </trkpt>
      <trkpt lat="55.459503" lon="-3.087715">
        <ele>228.0</ele>
      </trkpt>
      <trkpt lat="55.45945" lon="-3.087814">
        <ele>227.8</ele>
      </trkpt>
      <trkpt lat="55.459393" lon="-3.087913">
        <ele>227.8</ele>
      </trkpt>
      <trkpt lat="55.459335" lon="-3.088016">
        <ele>227.6</ele>
      </trkpt>
      <trkpt lat="55.459278" lon="-3.088119">
        <ele>227.6</ele>
      </trkpt>
      <trkpt lat="55.459221" lon="-3.08822">
        <ele>227.4</ele>
      </trkpt>
      <trkpt lat="55.45916" lon="-3.088322">
        <ele>227.4</ele>
      </trkpt>
      <trkpt lat="55.459099" lon="-3.088423">
        <ele>227.0</ele>
      </trkpt>
      <trkpt lat="55.459038" lon="-3.088519">
        <ele>226.6</ele>
      </trkpt>
      <trkpt lat="55.458977" lon="-3.088612">
        <ele>226.4</ele>
      </trkpt>
      <trkpt lat="55.45892" lon="-3.088706">
        <ele>226.0</ele>
      </trkpt>
      <trkpt lat="55.458858" lon="-3.088797">
        <ele>225.8</ele>
      </trkpt>
      <trkpt lat="55.458801" lon="-3.088887">
        <ele>225.6</ele>
      </trkpt>
      <trkpt lat="55.45874" lon="-3.088975">
        <ele>225.2</ele>
      </trkpt>
      <trkpt lat="55.458679" lon="-3.089062">
        <ele>225.2</ele>
      </trkpt>
      <trkpt lat="55.458618" lon="-3.08915">
        <ele>224.8</ele>
      </trkpt>
      <trkpt lat="55.458561" lon="-3.089238">
        <ele>224.6</ele>
      </trkpt>
      <trkpt lat="55.4585" lon="-3.089324">
        <ele>224.4</ele>
      </trkpt>
      <trkpt lat="55.458443" lon="-3.089406">
        <ele>224.4</ele>
      </trkpt>
      <trkpt lat="55.458385" lon="-3.089488">
        <ele>224.2</ele>
      </trkpt>
      <trkpt lat="55.458332" lon="-3.089569">
        <ele>224.2</ele>
      </trkpt>
      <trkpt lat="55.458279" lon="-3.089651">
        <ele>224.0</ele>
      </trkpt>
      <trkpt lat="55.458229" lon="-3.089736">
        <ele>224.0</ele>
      </trkpt>
      <trkpt lat="55.458179" lon="-3.089824">
        <ele>224.0</ele>
      </trkpt>
      <trkpt lat="55.45813" lon="-3.089916">
        <ele>224.0</ele>
      </trkpt>
      <trkpt lat="55.458084" lon="-3.090013">
        <ele>224.0</ele>
      </trkpt>
      <trkpt lat="55.458038" lon="-3.090114">
        <ele>224.0</ele>
      </trkpt>
      <trkpt lat="55.457996" lon="-3.090222">
        <ele>223.8</ele>
      </trkpt>
      <trkpt lat="55.457958" lon="-3.090331">
        <ele>223.8</ele>
      </trkpt>
      <trkpt lat="55.457916" lon="-3.090443">
        <ele>223.4</ele>
      </trkpt>
      <trkpt lat="55.457874" lon="-3.090552">
        <ele>223.4</ele>
      </trkpt>
      <trkpt lat="55.457836" lon="-3.090662">
        <ele>223.4</ele>
      </trkpt>
      <trkpt lat="55.457794" lon="-3.090773">
        <ele>223.2</ele>
      </trkpt>
      <trkpt lat="55.457756" lon="-3.090885">
        <ele>223.2</ele>
      </trkpt>
      <trkpt lat="55.457714" lon="-3.090998">
        <ele>223.0</ele>
      </trkpt>
      <trkpt lat="55.45768" lon="-3.09109">
        <ele>222.8</ele>
      </trkpt>
      <trkpt lat="55.457626" lon="-3.091228">
        <ele>222.4</ele>
      </trkpt>
      <trkpt lat="55.457584" lon="-3.091343">
        <ele>222.4</ele>
      </trkpt>
      <trkpt lat="55.457539" lon="-3.091462">
        <ele>222.2</ele>
      </trkpt>
      <trkpt lat="55.457493" lon="-3.09158">
        <ele>222.0</ele>
      </trkpt>
      <trkpt lat="55.457447" lon="-3.091701">
        <ele>221.8</ele>
      </trkpt>
      <trkpt lat="55.457397" lon="-3.091826">
        <ele>221.6</ele>
      </trkpt>
      <trkpt lat="55.457348" lon="-3.091955">
        <ele>221.4</ele>
      </trkpt>
      <trkpt lat="55.457306" lon="-3.092058">
        <ele>221.2</ele>
      </trkpt>
      <trkpt lat="55.457306" lon="-3.092058">
        <ele>220.8</ele>
      </trkpt>
      <trkpt lat="55.457211" lon="-3.092291">
        <ele>220.6</ele>
      </trkpt>
      <trkpt lat="55.457169" lon="-3.092389">
        <ele>220.2</ele>
      </trkpt>
      <trkpt lat="55.457088" lon="-3.092578">
        <ele>220.0</ele>
      </trkpt>
      <trkpt lat="55.457047" lon="-3.092669">
        <ele>219.6</ele>
      </trkpt>
      <trkpt lat="55.456989" lon="-3.092803">
        <ele>219.4</ele>
      </trkpt>
      <trkpt lat="55.456944" lon="-3.092909">
        <ele>219.2</ele>
      </trkpt>
      <trkpt lat="55.456898" lon="-3.093014">
        <ele>218.8</ele>
      </trkpt>
      <trkpt lat="55.456852" lon="-3.093119">
        <ele>218.4</ele>
      </trkpt>
      <trkpt lat="55.456806" lon="-3.093223">
        <ele>218.2</ele>
      </trkpt>
      <trkpt lat="55.45676" lon="-3.093326">
        <ele>218.2</ele>
      </trkpt>
      <trkpt lat="55.456711" lon="-3.093428">
        <ele>218.0</ele>
      </trkpt>
      <trkpt lat="55.456665" lon="-3.09353">
        <ele>217.6</ele>
      </trkpt>
      <trkpt lat="55.456627" lon="-3.093612">
        <ele>217.6</ele>
      </trkpt>
      <trkpt lat="55.45657" lon="-3.093731">
        <ele>217.2</ele>
      </trkpt>
      <trkpt lat="55.45652" lon="-3.093829">
        <ele>217.2</ele>
      </trkpt>
      <trkpt lat="55.456474" lon="-3.093922">
        <ele>217.2</ele>
      </trkpt>
      <trkpt lat="55.45644" lon="-3.093997">
        <ele>217.2</ele>
      </trkpt>
      <trkpt lat="55.456394" lon="-3.094109">
        <ele>217.2</ele>
      </trkpt>
      <trkpt lat="55.456356" lon="-3.094198">
        <ele>217.2</ele>
      </trkpt>
      <trkpt lat="55.456322" lon="-3.094287">
        <ele>217.2</ele>
      </trkpt>
      <trkpt lat="55.456291" lon="-3.094376">
        <ele>217.4</ele>
      </trkpt>
      <trkpt lat="55.456268" lon="-3.094447">
        <ele>217.4</ele>
      </trkpt>
      <trkpt lat="55.456238" lon="-3.094553">
        <ele>217.6</ele>
      </trkpt>
      <trkpt lat="55.456211" lon="-3.09464">
        <ele>217.8</ele>
      </trkpt>
      <trkpt lat="55.456196" lon="-3.09471">
        <ele>217.8</ele>
      </trkpt>
      <trkpt lat="55.456173" lon="-3.094799">
        <ele>218.2</ele>
      </trkpt>
      <trkpt lat="55.45615" lon="-3.094906">
        <ele>218.6</ele>
      </trkpt>
      <trkpt lat="55.456135" lon="-3.094977">
        <ele>219.0</ele>
      </trkpt>
      <trkpt lat="55.45612" lon="-3.095067">
        <ele>219.4</ele>
      </trkpt>
      <trkpt lat="55.456104" lon="-3.095155">
        <ele>219.8</ele>
      </trkpt>
      <trkpt lat="55.456089" lon="-3.095247">
        <ele>220.0</ele>
      </trkpt>
      <trkpt lat="55.45607" lon="-3.095361">
        <ele>220.2</ele>
      </trkpt>
      <trkpt lat="55.456055" lon="-3.095459">
        <ele>220.6</ele>
      </trkpt>
      <trkpt lat="55.456039" lon="-3.095539">
        <ele>220.6</ele>
      </trkpt>
      <trkpt lat="55.456024" lon="-3.095637">
        <ele>221.0</ele>
      </trkpt>
      <trkpt lat="55.456005" lon="-3.095754">
        <ele>221.4</ele>
      </trkpt>
      <trkpt lat="55.455994" lon="-3.095832">
        <ele>221.6</ele>
      </trkpt>
      <trkpt lat="55.455978" lon="-3.095948">
        <ele>221.8</ele>
      </trkpt>
      <trkpt lat="55.455971" lon="-3.096026">
        <ele>222.0</ele>
      </trkpt>
      <trkpt lat="55.455959" lon="-3.096126">
        <ele>222.2</ele>
      </trkpt>
      <trkpt lat="55.455952" lon="-3.096246">
        <ele>222.2</ele>
      </trkpt>
      <trkpt lat="55.455948" lon="-3.096346">
        <ele>222.4</ele>
      </trkpt>
      <trkpt lat="55.455948" lon="-3.096426">
        <ele>222.8</ele>
      </trkpt>
      <trkpt lat="55.455944" lon="-3.096528">
        <ele>223.0</ele>
      </trkpt>
      <trkpt lat="55.45594" lon="-3.096649">
        <ele>223.2</ele>
      </trkpt>
      <trkpt lat="55.45594" lon="-3.096732">
        <ele>223.2</ele>
      </trkpt>
      <trkpt lat="55.45594" lon="-3.09686">
        <ele>223.4</ele>
      </trkpt>
      <trkpt lat="55.45594" lon="-3.096947">
        <ele>223.8</ele>
      </trkpt>
      <trkpt lat="55.455929" lon="-3.097057">
        <ele>224.0</ele>
      </trkpt>
      <trkpt lat="55.45591" lon="-3.097186">
        <ele>224.2</ele>
      </trkpt>
      <trkpt lat="55.455887" lon="-3.09729">
        <ele>224.2</ele>
      </trkpt>
      <trkpt lat="55.455868" lon="-3.097368">
        <ele>224.4</ele>
      </trkpt>
      <trkpt lat="55.455833" lon="-3.097468">
        <ele>224.4</ele>
      </trkpt>
      <trkpt lat="55.455799" lon="-3.097564">
        <ele>224.6</ele>
      </trkpt>
      <trkpt lat="55.455761" lon="-3.097679">
        <ele>224.6</ele>
      </trkpt>
      <trkpt lat="55.455727" lon="-3.097776">
        <ele>224.6</ele>
      </trkpt>
      <trkpt lat="55.4557" lon="-3.097855">
        <ele>224.6</ele>
      </trkpt>
      <trkpt lat="55.455669" lon="-3.097956">
        <ele>224.6</ele>
      </trkpt>
      <trkpt lat="55.455631" lon="-3.098078">
        <ele>224.6</ele>
      </trkpt>
      <trkpt lat="55.455605" lon="-3.098164">
        <ele>224.6</ele>
      </trkpt>
      <trkpt lat="55.45557" lon="-3.098273">
        <ele>224.6</ele>
      </trkpt>
      <trkpt lat="55.455536" lon="-3.098383">
        <ele>224.6</ele>
      </trkpt>
      <trkpt lat="55.45549" lon="-3.098516">
        <ele>224.6</ele>
      </trkpt>
      <trkpt lat="55.455456" lon="-3.098629">
        <ele>224.6</ele>
      </trkpt>
      <trkpt lat="55.455418" lon="-3.09874">
        <ele>224.6</ele>
      </trkpt>
      <trkpt lat="55.455391" lon="-3.098828">
        <ele>224.4</ele>
      </trkpt>
      <trkpt lat="55.455349" lon="-3.098957">
        <ele>224.4</ele>
      </trkpt>
      <trkpt lat="55.455311" lon="-3.099062">
        <ele>224.4</ele>
      </trkpt>
      <trkpt lat="55.45528" lon="-3.099144">
        <ele>224.4</ele>
      </trkpt>
      <trkpt lat="55.455238" lon="-3.09925">
        <ele>224.2</ele>
      </trkpt>
      <trkpt lat="55.455196" lon="-3.099347">
        <ele>224.2</ele>
      </trkpt>
      <trkpt lat="55.455158" lon="-3.099436">
        <ele>224.0</ele>
      </trkpt>
      <trkpt lat="55.455105" lon="-3.099539">
        <ele>224.0</ele>
      </trkpt>
      <trkpt lat="55.455063" lon="-3.099621">
        <ele>224.0</ele>
      </trkpt>
      <trkpt lat="55.455029" lon="-3.099685">
        <ele>224.0</ele>
      </trkpt>
      <trkpt lat="55.454979" lon="-3.099777">
        <ele>224.0</ele>
      </trkpt>
      <trkpt lat="55.454945" lon="-3.099834">
        <ele>224.0</ele>
      </trkpt>
      <trkpt lat="55.454903" lon="-3.0999">
        <ele>224.0</ele>
      </trkpt>
      <trkpt lat="55.454849" lon="-3.099971">
        <ele>224.2</ele>
      </trkpt>
      <trkpt lat="55.454815" lon="-3.100011">
        <ele>224.4</ele>
      </trkpt>
      <trkpt lat="55.454762" lon="-3.100073">
        <ele>224.8</ele>
      </trkpt>
      <trkpt lat="55.45472" lon="-3.100122">
        <ele>225.0</ele>
      </trkpt>
      <trkpt lat="55.454678" lon="-3.100169">
        <ele>225.2</ele>
      </trkpt>
      <trkpt lat="55.454643" lon="-3.100204">
        <ele>225.6</ele>
      </trkpt>
      <trkpt lat="55.45459" lon="-3.100255">
        <ele>225.8</ele>
      </trkpt>
      <trkpt lat="55.454548" lon="-3.100293">
        <ele>226.0</ele>
      </trkpt>
      <trkpt lat="55.45451" lon="-3.10032">
        <ele>226.0</ele>
      </trkpt>
      <trkpt lat="55.454475" lon="-3.100342">
        <ele>226.2</ele>
      </trkpt>
      <trkpt lat="55.454426" lon="-3.100377">
        <ele>226.4</ele>
      </trkpt>
      <trkpt lat="55.45438" lon="-3.100403">
        <ele>226.6</ele>
      </trkpt>
      <trkpt lat="55.454338" lon="-3.100428">
        <ele>227.2</ele>
      </trkpt>
      <trkpt lat="55.4543" lon="-3.100453">
        <ele>227.6</ele>
      </trkpt>
      <trkpt lat="55.454254" lon="-3.100487">
        <ele>228.0</ele>
      </trkpt>
      <trkpt lat="55.454197" lon="-3.100524">
        <ele>228.2</ele>
      </trkpt>
      <trkpt lat="55.454144" lon="-3.100553">
        <ele>228.4</ele>
      </trkpt>
      <trkpt lat="55.45409" lon="-3.100582">
        <ele>228.6</ele>
      </trkpt>
      <trkpt lat="55.454037" lon="-3.100612">
        <ele>229.0</ele>
      </trkpt>
      <trkpt lat="55.453983" lon="-3.100644">
        <ele>229.4</ele>
      </trkpt>
      <trkpt lat="55.45393" lon="-3.100677">
        <ele>229.4</ele>
      </trkpt>
      <trkpt lat="55.453873" lon="-3.100713">
        <ele>229.8</ele>
      </trkpt>
      <trkpt lat="55.453831" lon="-3.100742">
        <ele>230.0</ele>
      </trkpt>
      <trkpt lat="55.453762" lon="-3.100789">
        <ele>230.6</ele>
      </trkpt>
      <trkpt lat="55.453701" lon="-3.100827">
        <ele>230.8</ele>
      </trkpt>
      <trkpt lat="55.453644" lon="-3.100865">
        <ele>231.0</ele>
      </trkpt>
      <trkpt lat="55.453579" lon="-3.100908">
        <ele>231.2</ele>
      </trkpt>
      <trkpt lat="55.453518" lon="-3.100951">
        <ele>231.2</ele>
      </trkpt>
      <trkpt lat="55.453457" lon="-3.100992">
        <ele>231.4</ele>
      </trkpt>
      <trkpt lat="55.4534" lon="-3.101032">
        <ele>231.6</ele>
      </trkpt>
      <trkpt lat="55.453339" lon="-3.101074">
        <ele>231.8</ele>
      </trkpt>
      <trkpt lat="55.453278" lon="-3.101118">
        <ele>232.0</ele>
      </trkpt>
      <trkpt lat="55.453232" lon="-3.101151">
        <ele>232.0</ele>
      </trkpt>
      <trkpt lat="55.453159" lon="-3.101201">
        <ele>232.2</ele>
      </trkpt>
      <trkpt lat="55.453098" lon="-3.101241">
        <ele>232.2</ele>
      </trkpt>
      <trkpt lat="55.453049" lon="-3.101273">
        <ele>232.4</ele>
      </trkpt>
      <trkpt lat="55.45298" lon="-3.101325">
        <ele>232.6</ele>
      </trkpt>
      <trkpt lat="55.452919" lon="-3.101371">
        <ele>232.6</ele>
      </trkpt>
      <trkpt lat="55.452858" lon="-3.101416">
        <ele>232.6</ele>
      </trkpt>
      <trkpt lat="55.452801" lon="-3.101459">
        <ele>232.6</ele>
      </trkpt>
      <trkpt lat="55.452751" lon="-3.10149">
        <ele>233.0</ele>
      </trkpt>
      <trkpt lat="55.452682" lon="-3.101542">
        <ele>233.0</ele>
      </trkpt>
      <trkpt lat="55.452644" lon="-3.101568">
        <ele>233.2</ele>
      </trkpt>
      <trkpt lat="55.452595" lon="-3.101602">
        <ele>233.2</ele>
      </trkpt>
      <trkpt lat="55.452499" lon="-3.101672">
        <ele>233.2</ele>
      </trkpt>
      <trkpt lat="55.452454" lon="-3.101709">
        <ele>233.4</ele>
      </trkpt>
      <trkpt lat="55.452381" lon="-3.101763">
        <ele>233.4</ele>
      </trkpt>
      <trkpt lat="55.452324" lon="-3.101803">
        <ele>233.4</ele>
      </trkpt>
      <trkpt lat="55.452263" lon="-3.101842">
        <ele>233.4</ele>
      </trkpt>
      <trkpt lat="55.452217" lon="-3.101874">
        <ele>233.4</ele>
      </trkpt>
      <trkpt lat="55.452145" lon="-3.101922">
        <ele>233.8</ele>
      </trkpt>
      <trkpt lat="55.452084" lon="-3.101958">
        <ele>233.8</ele>
      </trkpt>
      <trkpt lat="55.452023" lon="-3.101996">
        <ele>233.8</ele>
      </trkpt>
      <trkpt lat="55.451962" lon="-3.102031">
        <ele>233.8</ele>
      </trkpt>
      <trkpt lat="55.451916" lon="-3.102056">
        <ele>234.6</ele>
      </trkpt>
      <trkpt lat="55.451843" lon="-3.102095">
        <ele>234.8</ele>
      </trkpt>
      <trkpt lat="55.451778" lon="-3.102131">
        <ele>234.8</ele>
      </trkpt>
      <trkpt lat="55.451717" lon="-3.102167">
        <ele>235.0</ele>
      </trkpt>
      <trkpt lat="55.451672" lon="-3.102194">
        <ele>235.2</ele>
      </trkpt>
      <trkpt lat="55.451599" lon="-3.10224">
        <ele>235.4</ele>
      </trkpt>
      <trkpt lat="55.451538" lon="-3.102282">
        <ele>235.4</ele>
      </trkpt>
      <trkpt lat="55.451477" lon="-3.102321">
        <ele>235.4</ele>
      </trkpt>
      <trkpt lat="55.451416" lon="-3.10236">
        <ele>235.6</ele>
      </trkpt>
      <trkpt lat="55.451355" lon="-3.102399">
        <ele>235.6</ele>
      </trkpt>
      <trkpt lat="55.451294" lon="-3.102442">
        <ele>235.6</ele>
      </trkpt>
      <trkpt lat="55.451233" lon="-3.102483">
        <ele>235.6</ele>
      </trkpt>
      <trkpt lat="55.451176" lon="-3.102525">
        <ele>235.8</ele>
      </trkpt>
      <trkpt lat="55.451126" lon="-3.102562">
        <ele>236.0</ele>
      </trkpt>
      <trkpt lat="55.451057" lon="-3.102617">
        <ele>236.0</ele>
      </trkpt>
      <trkpt lat="55.450996" lon="-3.10266">
        <ele>236.2</ele>
      </trkpt>
      <trkpt lat="55.450935" lon="-3.102701">
        <ele>236.2</ele>
      </trkpt>
      <trkpt lat="55.450874" lon="-3.102741">
        <ele>236.4</ele>
      </trkpt>
      <trkpt lat="55.450813" lon="-3.102785">
        <ele>236.4</ele>
      </trkpt>
      <trkpt lat="55.450748" lon="-3.102829">
        <ele>236.4</ele>
      </trkpt>
      <trkpt lat="55.45068" lon="-3.102872">
        <ele>236.4</ele>
      </trkpt>
      <trkpt lat="55.450615" lon="-3.102912">
        <ele>236.4</ele>
      </trkpt>
      <trkpt lat="55.450562" lon="-3.102942">
        <ele>236.4</ele>
      </trkpt>
      <trkpt lat="55.450485" lon="-3.102983">
        <ele>236.4</ele>
      </trkpt>
      <trkpt lat="55.450417" lon="-3.103012">
        <ele>236.4</ele>
      </trkpt>
      <trkpt lat="55.450348" lon="-3.103039">
        <ele>236.4</ele>
      </trkpt>
      <trkpt lat="55.450279" lon="-3.103065">
        <ele>236.2</ele>
      </trkpt>
      <trkpt lat="55.450211" lon="-3.103091">
        <ele>236.2</ele>
      </trkpt>
      <trkpt lat="55.450142" lon="-3.103116">
        <ele>236.2</ele>
      </trkpt>
      <trkpt lat="55.450069" lon="-3.103139">
        <ele>236.0</ele>
      </trkpt>
      <trkpt lat="55.449997" lon="-3.103159">
        <ele>235.6</ele>
      </trkpt>
      <trkpt lat="55.449921" lon="-3.103174">
        <ele>235.6</ele>
      </trkpt>
      <trkpt lat="55.449841" lon="-3.103181">
        <ele>235.6</ele>
      </trkpt>
      <trkpt lat="55.44976" lon="-3.10318">
        <ele>235.4</ele>
      </trkpt>
      <trkpt lat="55.44968" lon="-3.10317">
        <ele>235.4</ele>
      </trkpt>
      <trkpt lat="55.449612" lon="-3.103155">
        <ele>235.4</ele>
      </trkpt>
      <trkpt lat="55.449505" lon="-3.103124">
        <ele>235.2</ele>
      </trkpt>
      <trkpt lat="55.449421" lon="-3.103089">
        <ele>234.6</ele>
      </trkpt>
      <trkpt lat="55.449329" lon="-3.103051">
        <ele>234.2</ele>
      </trkpt>
      <trkpt lat="55.449261" lon="-3.103018">
        <ele>233.8</ele>
      </trkpt>
      <trkpt lat="55.44915" lon="-3.102977">
        <ele>233.4</ele>
      </trkpt>
      <trkpt lat="55.449059" lon="-3.102961">
        <ele>233.2</ele>
      </trkpt>
      <trkpt lat="55.448971" lon="-3.102976">
        <ele>232.6</ele>
      </trkpt>
      <trkpt lat="55.448883" lon="-3.103027">
        <ele>232.4</ele>
      </trkpt>
      <trkpt lat="55.448799" lon="-3.103099">
        <ele>232.0</ele>
      </trkpt>
      <trkpt lat="55.448727" lon="-3.103179">
        <ele>231.8</ele>
      </trkpt>
      <trkpt lat="55.44865" lon="-3.103275">
        <ele>231.4</ele>
      </trkpt>
      <trkpt lat="55.448574" lon="-3.103368">
        <ele>231.2</ele>
      </trkpt>
      <trkpt lat="55.448505" lon="-3.103427">
        <ele>230.6</ele>
      </trkpt>
      <trkpt lat="55.448395" lon="-3.103478">
        <ele>230.0</ele>
      </trkpt>
      <trkpt lat="55.448299" lon="-3.103489">
        <ele>229.8</ele>
      </trkpt>
      <trkpt lat="55.448204" lon="-3.103492">
        <ele>228.8</ele>
      </trkpt>
      <trkpt lat="55.448109" lon="-3.103503">
        <ele>228.2</ele>
      </trkpt>
      <trkpt lat="55.448013" lon="-3.103527">
        <ele>227.4</ele>
      </trkpt>
      <trkpt lat="55.447922" lon="-3.103561">
        <ele>226.8</ele>
      </trkpt>
      <trkpt lat="55.447834" lon="-3.103612">
        <ele>226.6</ele>
      </trkpt>
      <trkpt lat="55.447784" lon="-3.103645">
        <ele>225.6</ele>
      </trkpt>
      <trkpt lat="55.447723" lon="-3.103691">
        <ele>225.4</ele>
      </trkpt>
      <trkpt lat="55.447624" lon="-3.103752">
        <ele>224.8</ele>
      </trkpt>
      <trkpt lat="55.447575" lon="-3.103754">
        <ele>224.4</ele>
      </trkpt>
      <trkpt lat="55.447529" lon="-3.103728">
        <ele>224.0</ele>
      </trkpt>
      <trkpt lat="55.447487" lon="-3.103677">
        <ele>223.2</ele>
      </trkpt>
      <trkpt lat="55.447453" lon="-3.103597">
        <ele>222.8</ele>
      </trkpt>
      <trkpt lat="55.447414" lon="-3.103502">
        <ele>222.2</ele>
      </trkpt>
      <trkpt lat="55.447376" lon="-3.103403">
        <ele>222.2</ele>
      </trkpt>
      <trkpt lat="55.447346" lon="-3.103322">
        <ele>221.8</ele>
      </trkpt>
      <trkpt lat="55.447296" lon="-3.103198">
        <ele>221.6</ele>
      </trkpt>
      <trkpt lat="55.447254" lon="-3.103087">
        <ele>221.2</ele>
      </trkpt>
      <trkpt lat="55.447208" lon="-3.102973">
        <ele>220.6</ele>
      </trkpt>
      <trkpt lat="55.447159" lon="-3.102853">
        <ele>219.8</ele>
      </trkpt>
      <trkpt lat="55.447109" lon="-3.10273">
        <ele>219.2</ele>
      </trkpt>
      <trkpt lat="55.44706" lon="-3.102605">
        <ele>219.0</ele>
      </trkpt>
      <trkpt lat="55.44701" lon="-3.102479">
        <ele>218.4</ele>
      </trkpt>
      <trkpt lat="55.44696" lon="-3.102354">
        <ele>218.0</ele>
      </trkpt>
      <trkpt lat="55.446911" lon="-3.102231">
        <ele>217.8</ele>
      </trkpt>
      <trkpt lat="55.446865" lon="-3.102111">
        <ele>217.4</ele>
      </trkpt>
      <trkpt lat="55.446819" lon="-3.101993">
        <ele>217.2</ele>
      </trkpt>
      <trkpt lat="55.446774" lon="-3.101879">
        <ele>216.6</ele>
      </trkpt>
      <trkpt lat="55.446728" lon="-3.101767">
        <ele>216.6</ele>
      </trkpt>
      <trkpt lat="55.44669" lon="-3.101677">
        <ele>216.4</ele>
      </trkpt>
      <trkpt lat="55.446636" lon="-3.101541">
        <ele>216.2</ele>
      </trkpt>
      <trkpt lat="55.44659" lon="-3.101427">
        <ele>216.2</ele>
      </trkpt>
      <trkpt lat="55.446545" lon="-3.101315">
        <ele>216.0</ele>
      </trkpt>
      <trkpt lat="55.446503" lon="-3.101202">
        <ele>215.8</ele>
      </trkpt>
      <trkpt lat="55.446468" lon="-3.101109">
        <ele>215.6</ele>
      </trkpt>
      <trkpt lat="55.446415" lon="-3.100973">
        <ele>215.6</ele>
      </trkpt>
      <trkpt lat="55.446369" lon="-3.100863">
        <ele>215.6</ele>
      </trkpt>
      <trkpt lat="55.446323" lon="-3.100751">
        <ele>215.6</ele>
      </trkpt>
      <trkpt lat="55.446278" lon="-3.10064">
        <ele>215.4</ele>
      </trkpt>
      <trkpt lat="55.446236" lon="-3.10053">
        <ele>215.4</ele>
      </trkpt>
      <trkpt lat="55.44619" lon="-3.10042">
        <ele>215.4</ele>
      </trkpt>
      <trkpt lat="55.446144" lon="-3.100312">
        <ele>215.4</ele>
      </trkpt>
      <trkpt lat="55.446098" lon="-3.100207">
        <ele>215.4</ele>
      </trkpt>
      <trkpt lat="55.446053" lon="-3.100103">
        <ele>215.4</ele>
      </trkpt>
      <trkpt lat="55.446007" lon="-3.100004">
        <ele>215.4</ele>
      </trkpt>
      <trkpt lat="55.445957" lon="-3.099908">
        <ele>215.4</ele>
      </trkpt>
      <trkpt lat="55.445908" lon="-3.099813">
        <ele>215.6</ele>
      </trkpt>
      <trkpt lat="55.445866" lon="-3.099739">
        <ele>215.8</ele>
      </trkpt>
      <trkpt lat="55.445805" lon="-3.099626">
        <ele>215.8</ele>
      </trkpt>
      <trkpt lat="55.445751" lon="-3.099535">
        <ele>215.6</ele>
      </trkpt>
      <trkpt lat="55.445698" lon="-3.099447">
        <ele>215.6</ele>
      </trkpt>
      <trkpt lat="55.445641" lon="-3.099362">
        <ele>215.6</ele>
      </trkpt>
      <trkpt lat="55.445587" lon="-3.099282">
        <ele>215.6</ele>
      </trkpt>
      <trkpt lat="55.44553" lon="-3.099205">
        <ele>215.6</ele>
      </trkpt>
      <trkpt lat="55.445469" lon="-3.099129">
        <ele>215.6</ele>
      </trkpt>
      <trkpt lat="55.445412" lon="-3.099059">
        <ele>215.6</ele>
      </trkpt>
      <trkpt lat="55.445354" lon="-3.098998">
        <ele>215.6</ele>
      </trkpt>
      <trkpt lat="55.445293" lon="-3.098945">
        <ele>215.6</ele>
      </trkpt>
      <trkpt lat="55.445229" lon="-3.098903">
        <ele>215.6</ele>
      </trkpt>
      <trkpt lat="55.44516" lon="-3.098869">
        <ele>215.6</ele>
      </trkpt>
      <trkpt lat="55.445091" lon="-3.098832">
        <ele>215.6</ele>
      </trkpt>
      <trkpt lat="55.445026" lon="-3.098798">
        <ele>215.6</ele>
      </trkpt>
      <trkpt lat="55.444958" lon="-3.098767">
        <ele>215.6</ele>
      </trkpt>
      <trkpt lat="55.444889" lon="-3.098736">
        <ele>215.6</ele>
      </trkpt>
      <trkpt lat="55.44482" lon="-3.098703">
        <ele>215.6</ele>
      </trkpt>
      <trkpt lat="55.444752" lon="-3.09867">
        <ele>215.8</ele>
      </trkpt>
      <trkpt lat="55.444687" lon="-3.098644">
        <ele>215.8</ele>
      </trkpt>
      <trkpt lat="55.444618" lon="-3.09862">
        <ele>215.8</ele>
      </trkpt>
      <trkpt lat="55.444546" lon="-3.098593">
        <ele>215.8</ele>
      </trkpt>
      <trkpt lat="55.444473" lon="-3.098565">
        <ele>215.8</ele>
      </trkpt>
      <trkpt lat="55.444401" lon="-3.098532">
        <ele>215.8</ele>
      </trkpt>
      <trkpt lat="55.444328" lon="-3.098497">
        <ele>216.0</ele>
      </trkpt>
      <trkpt lat="55.444267" lon="-3.098461">
        <ele>216.0</ele>
      </trkpt>
      <trkpt lat="55.444202" lon="-3.098423">
        <ele>216.0</ele>
      </trkpt>
      <trkpt lat="55.444138" lon="-3.09838">
        <ele>216.0</ele>
      </trkpt>
      <trkpt lat="55.444073" lon="-3.098333">
        <ele>216.2</ele>
      </trkpt>
      <trkpt lat="55.444012" lon="-3.098281">
        <ele>216.2</ele>
      </trkpt>
      <trkpt lat="55.443947" lon="-3.098226">
        <ele>216.2</ele>
      </trkpt>
      <trkpt lat="55.443886" lon="-3.098172">
        <ele>216.2</ele>
      </trkpt>
      <trkpt lat="55.443825" lon="-3.098121">
        <ele>216.4</ele>
      </trkpt>
      <trkpt lat="55.443764" lon="-3.098071">
        <ele>216.4</ele>
      </trkpt>
      <trkpt lat="55.443703" lon="-3.098023">
        <ele>216.4</ele>
      </trkpt>
      <trkpt lat="55.443638" lon="-3.097975">
        <ele>216.4</ele>
      </trkpt>
      <trkpt lat="55.443584" lon="-3.097923">
        <ele>216.6</ele>
      </trkpt>
      <trkpt lat="55.443527" lon="-3.097868">
        <ele>216.6</ele>
      </trkpt>
      <trkpt lat="55.443462" lon="-3.097812">
        <ele>216.6</ele>
      </trkpt>
      <trkpt lat="55.443398" lon="-3.097754">
        <ele>216.6</ele>
      </trkpt>
      <trkpt lat="55.443333" lon="-3.097696">
        <ele>216.8</ele>
      </trkpt>
      <trkpt lat="55.443268" lon="-3.09764">
        <ele>217.0</ele>
      </trkpt>
      <trkpt lat="55.443211" lon="-3.097583">
        <ele>217.0</ele>
      </trkpt>
      <trkpt lat="55.443157" lon="-3.097527">
        <ele>217.0</ele>
      </trkpt>
      <trkpt lat="55.4431" lon="-3.097478">
        <ele>217.0</ele>
      </trkpt>
      <trkpt lat="55.443039" lon="-3.097426">
        <ele>217.0</ele>
      </trkpt>
      <trkpt lat="55.442978" lon="-3.097365">
        <ele>217.2</ele>
      </trkpt>
      <trkpt lat="55.442913" lon="-3.097306">
        <ele>217.2</ele>
      </trkpt>
      <trkpt lat="55.442852" lon="-3.097249">
        <ele>217.2</ele>
      </trkpt>
      <trkpt lat="55.442795" lon="-3.097194">
        <ele>217.2</ele>
      </trkpt>
      <trkpt lat="55.442734" lon="-3.097137">
        <ele>217.2</ele>
      </trkpt>
      <trkpt lat="55.442673" lon="-3.097078">
        <ele>217.6</ele>
      </trkpt>
      <trkpt lat="55.442616" lon="-3.097018">
        <ele>217.6</ele>
      </trkpt>
      <trkpt lat="55.442554" lon="-3.096955">
        <ele>217.6</ele>
      </trkpt>
      <trkpt lat="55.442497" lon="-3.096884">
        <ele>217.6</ele>
      </trkpt>
      <trkpt lat="55.44244" lon="-3.096806">
        <ele>217.8</ele>
      </trkpt>
      <trkpt lat="55.44239" lon="-3.096728">
        <ele>217.8</ele>
      </trkpt>
      <trkpt lat="55.442341" lon="-3.096648">
        <ele>217.8</ele>
      </trkpt>
      <trkpt lat="55.442295" lon="-3.096561">
        <ele>217.8</ele>
      </trkpt>
      <trkpt lat="55.442253" lon="-3.096473">
        <ele>218.0</ele>
      </trkpt>
      <trkpt lat="55.442207" lon="-3.096383">
        <ele>218.0</ele>
      </trkpt>
      <trkpt lat="55.442177" lon="-3.096314">
        <ele>218.0</ele>
      </trkpt>
      <trkpt lat="55.442139" lon="-3.096231">
        <ele>218.2</ele>
      </trkpt>
      <trkpt lat="55.442123" lon="-3.096195">
        <ele>218.2</ele>
      </trkpt>
      <trkpt lat="55.442108" lon="-3.09617">
        <ele>218.2</ele>
      </trkpt>
      <trkpt lat="55.442101" lon="-3.096148">
        <ele>218.2</ele>
      </trkpt>
      <trkpt lat="55.442089" lon="-3.096127">
        <ele>218.2</ele>
      </trkpt>
      <trkpt lat="55.442078" lon="-3.096104">
        <ele>218.2</ele>
      </trkpt>
      <trkpt lat="55.442059" lon="-3.096068">
        <ele>218.2</ele>
      </trkpt>
      <trkpt lat="55.442036" lon="-3.096024">
        <ele>218.2</ele>
      </trkpt>
      <trkpt lat="55.442005" lon="-3.095973">
        <ele>218.2</ele>
      </trkpt>
      <trkpt lat="55.441971" lon="-3.095917">
        <ele>218.2</ele>
      </trkpt>
      <trkpt lat="55.441933" lon="-3.095855">
        <ele>218.0</ele>
      </trkpt>
      <trkpt lat="55.441898" lon="-3.095784">
        <ele>218.0</ele>
      </trkpt>
      <trkpt lat="55.44186" lon="-3.095715">
        <ele>218.2</ele>
      </trkpt>
      <trkpt lat="55.441822" lon="-3.09565">
        <ele>218.0</ele>
      </trkpt>
      <trkpt lat="55.441776" lon="-3.095585">
        <ele>218.0</ele>
      </trkpt>
      <trkpt lat="55.441734" lon="-3.095516">
        <ele>217.8</ele>
      </trkpt>
      <trkpt lat="55.441685" lon="-3.095439">
        <ele>217.8</ele>
      </trkpt>
      <trkpt lat="55.441635" lon="-3.095359">
        <ele>217.8</ele>
      </trkpt>
      <trkpt lat="55.441586" lon="-3.095285">
        <ele>217.8</ele>
      </trkpt>
      <trkpt lat="55.44154" lon="-3.09521">
        <ele>217.8</ele>
      </trkpt>
      <trkpt lat="55.441498" lon="-3.095124">
        <ele>218.0</ele>
      </trkpt>
      <trkpt lat="55.441452" lon="-3.095034">
        <ele>218.2</ele>
      </trkpt>
      <trkpt lat="55.44141" lon="-3.094941">
        <ele>218.6</ele>
      </trkpt>
      <trkpt lat="55.441372" lon="-3.094845">
        <ele>218.8</ele>
      </trkpt>
      <trkpt lat="55.44133" lon="-3.094743">
        <ele>219.2</ele>
      </trkpt>
      <trkpt lat="55.441299" lon="-3.094642">
        <ele>219.2</ele>
      </trkpt>
      <trkpt lat="55.441269" lon="-3.094548">
        <ele>219.4</ele>
      </trkpt>
      <trkpt lat="55.441242" lon="-3.094447">
        <ele>219.4</ele>
      </trkpt>
      <trkpt lat="55.441216" lon="-3.09434">
        <ele>219.4</ele>
      </trkpt>
      <trkpt lat="55.441193" lon="-3.094232">
        <ele>219.6</ele>
      </trkpt>
      <trkpt lat="55.44117" lon="-3.094123">
        <ele>219.6</ele>
      </trkpt>
      <trkpt lat="55.441151" lon="-3.094015">
        <ele>219.6</ele>
      </trkpt>
      <trkpt lat="55.441132" lon="-3.093906">
        <ele>219.6</ele>
      </trkpt>
      <trkpt lat="55.441113" lon="-3.093801">
        <ele>219.6</ele>
      </trkpt>
      <trkpt lat="55.441093" lon="-3.093697">
        <ele>219.6</ele>
      </trkpt>
      <trkpt lat="55.441078" lon="-3.093593">
        <ele>219.6</ele>
      </trkpt>
      <trkpt lat="55.441055" lon="-3.093482">
        <ele>219.8</ele>
      </trkpt>
      <trkpt lat="55.44104" lon="-3.09337">
        <ele>219.8</ele>
      </trkpt>
      <trkpt lat="55.441021" lon="-3.093254">
        <ele>219.8</ele>
      </trkpt>
      <trkpt lat="55.441002" lon="-3.093137">
        <ele>219.8</ele>
      </trkpt>
      <trkpt lat="55.440987" lon="-3.093015">
        <ele>219.8</ele>
      </trkpt>
      <trkpt lat="55.440971" lon="-3.092897">
        <ele>219.8</ele>
      </trkpt>
      <trkpt lat="55.440952" lon="-3.09278">
        <ele>219.8</ele>
      </trkpt>
      <trkpt lat="55.440929" lon="-3.092666">
        <ele>219.8</ele>
      </trkpt>
      <trkpt lat="55.440903" lon="-3.092546">
        <ele>219.8</ele>
      </trkpt>
      <trkpt lat="55.440872" lon="-3.092427">
        <ele>219.8</ele>
      </trkpt>
      <trkpt lat="55.440838" lon="-3.092317">
        <ele>219.8</ele>
      </trkpt>
      <trkpt lat="55.440807" lon="-3.09221">
        <ele>219.6</ele>
      </trkpt>
      <trkpt lat="55.440773" lon="-3.092102">
        <ele>219.6</ele>
      </trkpt>
      <trkpt lat="55.440739" lon="-3.092001">
        <ele>219.6</ele>
      </trkpt>
      <trkpt lat="55.440704" lon="-3.091901">
        <ele>219.6</ele>
      </trkpt>
      <trkpt lat="55.440666" lon="-3.091797">
        <ele>219.8</ele>
      </trkpt>
      <trkpt lat="55.440632" lon="-3.091692">
        <ele>219.8</ele>
      </trkpt>
      <trkpt lat="55.440594" lon="-3.091587">
        <ele>219.8</ele>
      </trkpt>
      <trkpt lat="55.440556" lon="-3.091485">
        <ele>219.8</ele>
      </trkpt>
      <trkpt lat="55.440517" lon="-3.091383">
        <ele>219.8</ele>
      </trkpt>
      <trkpt lat="55.440479" lon="-3.091283">
        <ele>219.6</ele>
      </trkpt>
      <trkpt lat="55.440445" lon="-3.091181">
        <ele>219.6</ele>
      </trkpt>
      <trkpt lat="55.440407" lon="-3.091078">
        <ele>219.8</ele>
      </trkpt>
      <trkpt lat="55.440372" lon="-3.090976">
        <ele>219.8</ele>
      </trkpt>
      <trkpt lat="55.440342" lon="-3.090876">
        <ele>219.8</ele>
      </trkpt>
      <trkpt lat="55.440311" lon="-3.09077">
        <ele>220.0</ele>
      </trkpt>
      <trkpt lat="55.440281" lon="-3.090668">
        <ele>220.2</ele>
      </trkpt>
      <trkpt lat="55.44025" lon="-3.090562">
        <ele>220.2</ele>
      </trkpt>
      <trkpt lat="55.440224" lon="-3.090455">
        <ele>220.4</ele>
      </trkpt>
      <trkpt lat="55.440201" lon="-3.090369">
        <ele>220.4</ele>
      </trkpt>
      <trkpt lat="55.44017" lon="-3.09024">
        <ele>220.6</ele>
      </trkpt>
      <trkpt lat="55.440147" lon="-3.09013">
        <ele>220.6</ele>
      </trkpt>
      <trkpt lat="55.440125" lon="-3.090019">
        <ele>220.8</ele>
      </trkpt>
      <trkpt lat="55.440113" lon="-3.089952">
        <ele>220.8</ele>
      </trkpt>
      <trkpt lat="55.440094" lon="-3.089841">
        <ele>221.0</ele>
      </trkpt>
      <trkpt lat="55.440071" lon="-3.089682">
        <ele>221.0</ele>
      </trkpt>
      <trkpt lat="55.440056" lon="-3.089567">
        <ele>221.2</ele>
      </trkpt>
      <trkpt lat="55.440041" lon="-3.089451">
        <ele>221.2</ele>
      </trkpt>
      <trkpt lat="55.440029" lon="-3.089335">
        <ele>221.2</ele>
      </trkpt>
      <trkpt lat="55.440018" lon="-3.089219">
        <ele>221.6</ele>
      </trkpt>
      <trkpt lat="55.440006" lon="-3.089104">
        <ele>221.6</ele>
      </trkpt>
      <trkpt lat="55.439995" lon="-3.08899">
        <ele>221.6</ele>
      </trkpt>
      <trkpt lat="55.439987" lon="-3.088877">
        <ele>221.8</ele>
      </trkpt>
      <trkpt lat="55.43998" lon="-3.088787">
        <ele>221.8</ele>
      </trkpt>
      <trkpt lat="55.439964" lon="-3.088651">
        <ele>221.8</ele>
      </trkpt>
      <trkpt lat="55.439957" lon="-3.088538">
        <ele>222.0</ele>
      </trkpt>
      <trkpt lat="55.439945" lon="-3.088425">
        <ele>222.2</ele>
      </trkpt>
      <trkpt lat="55.439934" lon="-3.08831">
        <ele>222.2</ele>
      </trkpt>
      <trkpt lat="55.439922" lon="-3.088192">
        <ele>222.2</ele>
      </trkpt>
      <trkpt lat="55.439915" lon="-3.088073">
        <ele>222.2</ele>
      </trkpt>
      <trkpt lat="55.439903" lon="-3.087956">
        <ele>222.2</ele>
      </trkpt>
      <trkpt lat="55.439892" lon="-3.087837">
        <ele>222.4</ele>
      </trkpt>
      <trkpt lat="55.439884" lon="-3.087744">
        <ele>222.4</ele>
      </trkpt>
      <trkpt lat="55.439873" lon="-3.087603">
        <ele>222.4</ele>
      </trkpt>
      <trkpt lat="55.439861" lon="-3.087486">
        <ele>222.6</ele>
      </trkpt>
      <trkpt lat="55.439846" lon="-3.087372">
        <ele>222.6</ele>
      </trkpt>
      <trkpt lat="55.439835" lon="-3.087279">
        <ele>222.6</ele>
      </trkpt>
      <trkpt lat="55.439823" lon="-3.087162">
        <ele>222.6</ele>
      </trkpt>
      <trkpt lat="55.439808" lon="-3.087024">
        <ele>222.8</ele>
      </trkpt>
      <trkpt lat="55.439793" lon="-3.086905">
        <ele>222.8</ele>
      </trkpt>
      <trkpt lat="55.439774" lon="-3.086787">
        <ele>222.8</ele>
      </trkpt>
      <trkpt lat="55.439762" lon="-3.086693">
        <ele>222.8</ele>
      </trkpt>
      <trkpt lat="55.439739" lon="-3.086552">
        <ele>222.8</ele>
      </trkpt>
      <trkpt lat="55.43972" lon="-3.086437">
        <ele>223.0</ele>
      </trkpt>
      <trkpt lat="55.439701" lon="-3.086324">
        <ele>223.0</ele>
      </trkpt>
      <trkpt lat="55.439678" lon="-3.086213">
        <ele>223.2</ele>
      </trkpt>
      <trkpt lat="55.439659" lon="-3.0861">
        <ele>223.2</ele>
      </trkpt>
      <trkpt lat="55.43964" lon="-3.085986">
        <ele>223.4</ele>
      </trkpt>
      <trkpt lat="55.439625" lon="-3.085871">
        <ele>223.4</ele>
      </trkpt>
      <trkpt lat="55.439606" lon="-3.085754">
        <ele>223.6</ele>
      </trkpt>
      <trkpt lat="55.439594" lon="-3.085661">
        <ele>223.8</ele>
      </trkpt>
      <trkpt lat="55.439575" lon="-3.085519">
        <ele>223.8</ele>
      </trkpt>
      <trkpt lat="55.439564" lon="-3.085422">
        <ele>223.8</ele>
      </trkpt>
      <trkpt lat="55.439548" lon="-3.085299">
        <ele>223.8</ele>
      </trkpt>
      <trkpt lat="55.439537" lon="-3.085175">
        <ele>224.0</ele>
      </trkpt>
      <trkpt lat="55.439522" lon="-3.085055">
        <ele>224.0</ele>
      </trkpt>
      <trkpt lat="55.439507" lon="-3.084911">
        <ele>224.0</ele>
      </trkpt>
      <trkpt lat="55.439491" lon="-3.084793">
        <ele>224.0</ele>
      </trkpt>
      <trkpt lat="55.439476" lon="-3.084674">
        <ele>224.2</ele>
      </trkpt>
      <trkpt lat="55.439465" lon="-3.08458">
        <ele>224.4</ele>
      </trkpt>
      <trkpt lat="55.439449" lon="-3.084439">
        <ele>224.2</ele>
      </trkpt>
      <trkpt lat="55.439434" lon="-3.084322">
        <ele>224.2</ele>
      </trkpt>
      <trkpt lat="55.439423" lon="-3.084231">
        <ele>224.2</ele>
      </trkpt>
      <trkpt lat="55.4394" lon="-3.08409">
        <ele>224.4</ele>
      </trkpt>
      <trkpt lat="55.439381" lon="-3.083973">
        <ele>224.4</ele>
      </trkpt>
      <trkpt lat="55.439362" lon="-3.083854">
        <ele>224.4</ele>
      </trkpt>
      <trkpt lat="55.439339" lon="-3.083734">
        <ele>224.6</ele>
      </trkpt>
      <trkpt lat="55.439316" lon="-3.083616">
        <ele>224.6</ele>
      </trkpt>
      <trkpt lat="55.439293" lon="-3.083524">
        <ele>224.8</ele>
      </trkpt>
      <trkpt lat="55.439259" lon="-3.083395">
        <ele>224.8</ele>
      </trkpt>
      <trkpt lat="55.439232" lon="-3.083293">
        <ele>225.0</ele>
      </trkpt>
      <trkpt lat="55.439205" lon="-3.083213">
        <ele>225.0</ele>
      </trkpt>
      <trkpt lat="55.439171" lon="-3.083109">
        <ele>225.2</ele>
      </trkpt>
      <trkpt lat="55.439137" lon="-3.083009">
        <ele>225.6</ele>
      </trkpt>
      <trkpt lat="55.439098" lon="-3.082915">
        <ele>225.8</ele>
      </trkpt>
      <trkpt lat="55.439053" lon="-3.0828">
        <ele>225.8</ele>
      </trkpt>
      <trkpt lat="55.439014" lon="-3.082706">
        <ele>225.8</ele>
      </trkpt>
      <trkpt lat="55.43898" lon="-3.082613">
        <ele>226.0</ele>
      </trkpt>
      <trkpt lat="55.438942" lon="-3.082521">
        <ele>226.2</ele>
      </trkpt>
      <trkpt lat="55.438908" lon="-3.08243">
        <ele>226.2</ele>
      </trkpt>
      <trkpt lat="55.438869" lon="-3.082339">
        <ele>226.2</ele>
      </trkpt>
      <trkpt lat="55.438828" lon="-3.082246">
        <ele>226.4</ele>
      </trkpt>
      <trkpt lat="55.438789" lon="-3.08215">
        <ele>226.4</ele>
      </trkpt>
      <trkpt lat="55.438747" lon="-3.082054">
        <ele>226.4</ele>
      </trkpt>
      <trkpt lat="55.438709" lon="-3.081957">
        <ele>226.4</ele>
      </trkpt>
      <trkpt lat="55.438671" lon="-3.081862">
        <ele>226.4</ele>
      </trkpt>
      <trkpt lat="55.438629" lon="-3.081766">
        <ele>226.6</ele>
      </trkpt>
      <trkpt lat="55.438591" lon="-3.081669">
        <ele>226.6</ele>
      </trkpt>
      <trkpt lat="55.438549" lon="-3.081574">
        <ele>226.6</ele>
      </trkpt>
      <trkpt lat="55.438511" lon="-3.081481">
        <ele>226.6</ele>
      </trkpt>
      <trkpt lat="55.438469" lon="-3.08139">
        <ele>226.8</ele>
      </trkpt>
      <trkpt lat="55.438427" lon="-3.081296">
        <ele>227.0</ele>
      </trkpt>
      <trkpt lat="55.438385" lon="-3.081207">
        <ele>227.0</ele>
      </trkpt>
      <trkpt lat="55.438347" lon="-3.081122">
        <ele>227.0</ele>
      </trkpt>
      <trkpt lat="55.438305" lon="-3.081035">
        <ele>227.2</ele>
      </trkpt>
      <trkpt lat="55.438267" lon="-3.080947">
        <ele>227.2</ele>
      </trkpt>
      <trkpt lat="55.438229" lon="-3.08086">
        <ele>227.4</ele>
      </trkpt>
      <trkpt lat="55.438187" lon="-3.080771">
        <ele>227.6</ele>
      </trkpt>
      <trkpt lat="55.438148" lon="-3.080684">
        <ele>227.8</ele>
      </trkpt>
      <trkpt lat="55.43811" lon="-3.0806">
        <ele>227.8</ele>
      </trkpt>
      <trkpt lat="55.438072" lon="-3.080511">
        <ele>228.0</ele>
      </trkpt>
      <trkpt lat="55.438038" lon="-3.080413">
        <ele>228.2</ele>
      </trkpt>
      <trkpt lat="55.438007" lon="-3.080307">
        <ele>228.2</ele>
      </trkpt>
      <trkpt lat="55.437977" lon="-3.080198">
        <ele>228.4</ele>
      </trkpt>
      <trkpt lat="55.437946" lon="-3.080085">
        <ele>228.4</ele>
      </trkpt>
      <trkpt lat="55.437916" lon="-3.07997">
        <ele>228.6</ele>
      </trkpt>
      <trkpt lat="55.437881" lon="-3.079857">
        <ele>228.8</ele>
      </trkpt>
      <trkpt lat="55.437843" lon="-3.079755">
        <ele>228.8</ele>
      </trkpt>
      <trkpt lat="55.437794" lon="-3.079664">
        <ele>228.8</ele>
      </trkpt>
      <trkpt lat="55.437737" lon="-3.079584">
        <ele>228.8</ele>
      </trkpt>
      <trkpt lat="55.437675" lon="-3.079517">
        <ele>228.8</ele>
      </trkpt>
      <trkpt lat="55.437607" lon="-3.079466">
        <ele>228.8</ele>
      </trkpt>
      <trkpt lat="55.437542" lon="-3.079425">
        <ele>229.0</ele>
      </trkpt>
      <trkpt lat="55.437473" lon="-3.079392">
        <ele>229.0</ele>
      </trkpt>
      <trkpt lat="55.437405" lon="-3.079362">
        <ele>229.0</ele>
      </trkpt>
      <trkpt lat="55.437336" lon="-3.079336">
        <ele>229.0</ele>
      </trkpt>
      <trkpt lat="55.437267" lon="-3.079309">
        <ele>229.0</ele>
      </trkpt>
      <trkpt lat="55.437202" lon="-3.079281">
        <ele>229.0</ele>
      </trkpt>
      <trkpt lat="55.437138" lon="-3.079254">
        <ele>229.0</ele>
      </trkpt>
      <trkpt lat="55.437073" lon="-3.079229">
        <ele>229.0</ele>
      </trkpt>
      <trkpt lat="55.437012" lon="-3.079199">
        <ele>229.2</ele>
      </trkpt>
      <trkpt lat="55.436951" lon="-3.079165">
        <ele>229.2</ele>
      </trkpt>
      <trkpt lat="55.436886" lon="-3.079126">
        <ele>229.2</ele>
      </trkpt>
      <trkpt lat="55.436825" lon="-3.079082">
        <ele>229.4</ele>
      </trkpt>
      <trkpt lat="55.43676" lon="-3.079039">
        <ele>229.6</ele>
      </trkpt>
      <trkpt lat="55.436695" lon="-3.078999">
        <ele>229.6</ele>
      </trkpt>
      <trkpt lat="55.43663" lon="-3.078961">
        <ele>229.6</ele>
      </trkpt>
      <trkpt lat="55.436565" lon="-3.078924">
        <ele>229.6</ele>
      </trkpt>
      <trkpt lat="55.436501" lon="-3.078895">
        <ele>229.6</ele>
      </trkpt>
      <trkpt lat="55.436432" lon="-3.078872">
        <ele>229.6</ele>
      </trkpt>
      <trkpt lat="55.436363" lon="-3.078856">
        <ele>229.6</ele>
      </trkpt>
      <trkpt lat="55.436298" lon="-3.078847">
        <ele>229.6</ele>
      </trkpt>
      <trkpt lat="55.436234" lon="-3.078841">
        <ele>229.6</ele>
      </trkpt>
      <trkpt lat="55.436195" lon="-3.078841">
        <ele>229.6</ele>
      </trkpt>
      <trkpt lat="55.436134" lon="-3.078844">
        <ele>229.8</ele>
      </trkpt>
      <trkpt lat="55.436058" lon="-3.078856">
        <ele>229.8</ele>
      </trkpt>
      <trkpt lat="55.436012" lon="-3.078865">
        <ele>229.8</ele>
      </trkpt>
      <trkpt lat="55.435944" lon="-3.078882">
        <ele>230.0</ele>
      </trkpt>
      <trkpt lat="55.435886" lon="-3.078898">
        <ele>230.2</ele>
      </trkpt>
      <trkpt lat="55.435829" lon="-3.078915">
        <ele>230.4</ele>
      </trkpt>
      <trkpt lat="55.435772" lon="-3.078937">
        <ele>230.8</ele>
      </trkpt>
      <trkpt lat="55.435715" lon="-3.078964">
        <ele>231.2</ele>
      </trkpt>
      <trkpt lat="55.435654" lon="-3.078992">
        <ele>231.2</ele>
      </trkpt>
      <trkpt lat="55.435596" lon="-3.079019">
        <ele>231.4</ele>
      </trkpt>
      <trkpt lat="55.435539" lon="-3.079049">
        <ele>231.6</ele>
      </trkpt>
      <trkpt lat="55.435478" lon="-3.07908">
        <ele>231.8</ele>
      </trkpt>
      <trkpt lat="55.435421" lon="-3.079114">
        <ele>232.0</ele>
      </trkpt>
      <trkpt lat="55.435356" lon="-3.079149">
        <ele>232.0</ele>
      </trkpt>
      <trkpt lat="55.435291" lon="-3.079187">
        <ele>232.2</ele>
      </trkpt>
      <trkpt lat="55.435219" lon="-3.079226">
        <ele>232.2</ele>
      </trkpt>
      <trkpt lat="55.43515" lon="-3.079266">
        <ele>232.2</ele>
      </trkpt>
      <trkpt lat="55.435078" lon="-3.079306">
        <ele>232.0</ele>
      </trkpt>
      <trkpt lat="55.435009" lon="-3.079347">
        <ele>232.0</ele>
      </trkpt>
      <trkpt lat="55.43494" lon="-3.079386">
        <ele>231.8</ele>
      </trkpt>
      <trkpt lat="55.434875" lon="-3.079424">
        <ele>231.8</ele>
      </trkpt>
      <trkpt lat="55.434807" lon="-3.07946">
        <ele>231.8</ele>
      </trkpt>
      <trkpt lat="55.434742" lon="-3.079497">
        <ele>231.8</ele>
      </trkpt>
      <trkpt lat="55.434673" lon="-3.079535">
        <ele>231.6</ele>
      </trkpt>
      <trkpt lat="55.434624" lon="-3.079566">
        <ele>231.6</ele>
      </trkpt>
      <trkpt lat="55.434544" lon="-3.079612">
        <ele>231.6</ele>
      </trkpt>
      <trkpt lat="55.43449" lon="-3.079642">
        <ele>231.6</ele>
      </trkpt>
      <trkpt lat="55.434414" lon="-3.07969">
        <ele>231.6</ele>
      </trkpt>
      <trkpt lat="55.434361" lon="-3.079722">
        <ele>231.6</ele>
      </trkpt>
      <trkpt lat="55.434296" lon="-3.079759">
        <ele>231.6</ele>
      </trkpt>
      <trkpt lat="55.434219" lon="-3.079799">
        <ele>231.6</ele>
      </trkpt>
      <trkpt lat="55.434158" lon="-3.079827">
        <ele>231.6</ele>
      </trkpt>
      <trkpt lat="55.434097" lon="-3.079847">
        <ele>231.6</ele>
      </trkpt>
      <trkpt lat="55.434032" lon="-3.079862">
        <ele>231.8</ele>
      </trkpt>
      <trkpt lat="55.433983" lon="-3.079871">
        <ele>231.8</ele>
      </trkpt>
      <trkpt lat="55.433903" lon="-3.079882">
        <ele>231.8</ele>
      </trkpt>
      <trkpt lat="55.433838" lon="-3.079897">
        <ele>232.0</ele>
      </trkpt>
      <trkpt lat="55.433777" lon="-3.079921">
        <ele>232.0</ele>
      </trkpt>
      <trkpt lat="55.433727" lon="-3.079947">
        <ele>232.0</ele>
      </trkpt>
      <trkpt lat="55.433659" lon="-3.079986">
        <ele>232.0</ele>
      </trkpt>
      <trkpt lat="55.433594" lon="-3.080014">
        <ele>232.2</ele>
      </trkpt>
      <trkpt lat="55.433533" lon="-3.08004">
        <ele>232.2</ele>
      </trkpt>
      <trkpt lat="55.433472" lon="-3.080063">
        <ele>232.2</ele>
      </trkpt>
      <trkpt lat="55.433407" lon="-3.08008">
        <ele>232.4</ele>
      </trkpt>
      <trkpt lat="55.433342" lon="-3.080094">
        <ele>232.6</ele>
      </trkpt>
      <trkpt lat="55.433281" lon="-3.08011">
        <ele>232.6</ele>
      </trkpt>
      <trkpt lat="55.433216" lon="-3.080123">
        <ele>232.8</ele>
      </trkpt>
      <trkpt lat="55.433163" lon="-3.080129">
        <ele>233.0</ele>
      </trkpt>
      <trkpt lat="55.433086" lon="-3.080133">
        <ele>233.0</ele>
      </trkpt>
      <trkpt lat="55.433025" lon="-3.080132">
        <ele>233.2</ele>
      </trkpt>
      <trkpt lat="55.432964" lon="-3.080124">
        <ele>233.2</ele>
      </trkpt>
      <trkpt lat="55.432915" lon="-3.080112">
        <ele>233.4</ele>
      </trkpt>
      <trkpt lat="55.432838" lon="-3.080089">
        <ele>233.6</ele>
      </trkpt>
      <trkpt lat="55.432777" lon="-3.080065">
        <ele>233.8</ele>
      </trkpt>
      <trkpt lat="55.432728" lon="-3.080041">
        <ele>234.0</ele>
      </trkpt>
      <trkpt lat="55.432652" lon="-3.079999">
        <ele>234.2</ele>
      </trkpt>
      <trkpt lat="55.43259" lon="-3.079959">
        <ele>234.2</ele>
      </trkpt>
      <trkpt lat="55.432545" lon="-3.079918">
        <ele>234.6</ele>
      </trkpt>
      <trkpt lat="55.432476" lon="-3.079848">
        <ele>234.6</ele>
      </trkpt>
      <trkpt lat="55.432419" lon="-3.079779">
        <ele>234.8</ele>
      </trkpt>
      <trkpt lat="55.432369" lon="-3.079705">
        <ele>234.8</ele>
      </trkpt>
      <trkpt lat="55.43232" lon="-3.079628">
        <ele>235.0</ele>
      </trkpt>
      <trkpt lat="55.432281" lon="-3.079566">
        <ele>235.0</ele>
      </trkpt>
      <trkpt lat="55.432224" lon="-3.079472">
        <ele>235.0</ele>
      </trkpt>
      <trkpt lat="55.432175" lon="-3.079392">
        <ele>235.0</ele>
      </trkpt>
      <trkpt lat="55.432125" lon="-3.079311">
        <ele>235.0</ele>
      </trkpt>
      <trkpt lat="55.432087" lon="-3.079241">
        <ele>235.2</ele>
      </trkpt>
      <trkpt lat="55.432034" lon="-3.079134">
        <ele>235.0</ele>
      </trkpt>
      <trkpt lat="55.431988" lon="-3.079049">
        <ele>235.0</ele>
      </trkpt>
      <trkpt lat="55.431946" lon="-3.078967">
        <ele>235.2</ele>
      </trkpt>
      <trkpt lat="55.4319" lon="-3.078885">
        <ele>235.2</ele>
      </trkpt>
      <trkpt lat="55.431858" lon="-3.078805">
        <ele>235.2</ele>
      </trkpt>
      <trkpt lat="55.431816" lon="-3.078725">
        <ele>235.2</ele>
      </trkpt>
      <trkpt lat="55.43177" lon="-3.078644">
        <ele>235.4</ele>
      </trkpt>
      <trkpt lat="55.431721" lon="-3.078566">
        <ele>235.4</ele>
      </trkpt>
      <trkpt lat="55.431675" lon="-3.078491">
        <ele>235.6</ele>
      </trkpt>
      <trkpt lat="55.431625" lon="-3.078415">
        <ele>235.6</ele>
      </trkpt>
      <trkpt lat="55.431576" lon="-3.078343">
        <ele>235.8</ele>
      </trkpt>
      <trkpt lat="55.431526" lon="-3.078273">
        <ele>235.8</ele>
      </trkpt>
      <trkpt lat="55.431473" lon="-3.078207">
        <ele>236.0</ele>
      </trkpt>
      <trkpt lat="55.431419" lon="-3.078144">
        <ele>236.0</ele>
      </trkpt>
      <trkpt lat="55.431366" lon="-3.078082">
        <ele>236.0</ele>
      </trkpt>
      <trkpt lat="55.431309" lon="-3.078022">
        <ele>236.0</ele>
      </trkpt>
      <trkpt lat="55.431255" lon="-3.077963">
        <ele>236.2</ele>
      </trkpt>
      <trkpt lat="55.431198" lon="-3.077904">
        <ele>236.2</ele>
      </trkpt>
      <trkpt lat="55.431164" lon="-3.07787">
        <ele>236.4</ele>
      </trkpt>
      <trkpt lat="55.431107" lon="-3.077814">
        <ele>236.4</ele>
      </trkpt>
      <trkpt lat="55.431026" lon="-3.077738">
        <ele>236.4</ele>
      </trkpt>
      <trkpt lat="55.430969" lon="-3.077683">
        <ele>236.6</ele>
      </trkpt>
      <trkpt lat="55.430912" lon="-3.077628">
        <ele>236.6</ele>
      </trkpt>
      <trkpt lat="55.430855" lon="-3.077571">
        <ele>236.6</ele>
      </trkpt>
      <trkpt lat="55.430798" lon="-3.077513">
        <ele>236.6</ele>
      </trkpt>
      <trkpt lat="55.43074" lon="-3.077455">
        <ele>236.6</ele>
      </trkpt>
      <trkpt lat="55.430683" lon="-3.077397">
        <ele>236.6</ele>
      </trkpt>
      <trkpt lat="55.430622" lon="-3.077341">
        <ele>236.6</ele>
      </trkpt>
      <trkpt lat="55.430569" lon="-3.077288">
        <ele>236.6</ele>
      </trkpt>
      <trkpt lat="55.430511" lon="-3.077234">
        <ele>236.8</ele>
      </trkpt>
      <trkpt lat="55.430466" lon="-3.077193">
        <ele>236.8</ele>
      </trkpt>
      <trkpt lat="55.430408" lon="-3.077139">
        <ele>237.0</ele>
      </trkpt>
      <trkpt lat="55.430344" lon="-3.077073">
        <ele>237.2</ele>
      </trkpt>
      <trkpt lat="55.430302" lon="-3.077031">
        <ele>237.2</ele>
      </trkpt>
      <trkpt lat="55.430244" lon="-3.076977">
        <ele>237.2</ele>
      </trkpt>
      <trkpt lat="55.430191" lon="-3.076922">
        <ele>237.4</ele>
      </trkpt>
      <trkpt lat="55.430134" lon="-3.076869">
        <ele>237.4</ele>
      </trkpt>
      <trkpt lat="55.430065" lon="-3.076803">
        <ele>237.6</ele>
      </trkpt>
      <trkpt lat="55.430008" lon="-3.076747">
        <ele>237.6</ele>
      </trkpt>
      <trkpt lat="55.429955" lon="-3.07669">
        <ele>237.8</ele>
      </trkpt>
      <trkpt lat="55.429909" lon="-3.076643">
        <ele>237.8</ele>
      </trkpt>
      <trkpt lat="55.429855" lon="-3.076587">
        <ele>238.0</ele>
      </trkpt>
      <trkpt lat="55.429798" lon="-3.07653">
        <ele>238.2</ele>
      </trkpt>
      <trkpt lat="55.429741" lon="-3.076475">
        <ele>238.0</ele>
      </trkpt>
      <trkpt lat="55.429684" lon="-3.076419">
        <ele>238.4</ele>
      </trkpt>
      <trkpt lat="55.42963" lon="-3.07636">
        <ele>238.2</ele>
      </trkpt>
      <trkpt lat="55.429573" lon="-3.076302">
        <ele>238.4</ele>
      </trkpt>
      <trkpt lat="55.429516" lon="-3.076246">
        <ele>238.4</ele>
      </trkpt>
      <trkpt lat="55.429459" lon="-3.07619">
        <ele>238.4</ele>
      </trkpt>
      <trkpt lat="55.429401" lon="-3.076135">
        <ele>238.4</ele>
      </trkpt>
      <trkpt lat="55.429348" lon="-3.076081">
        <ele>238.6</ele>
      </trkpt>
      <trkpt lat="55.429291" lon="-3.076025">
        <ele>238.6</ele>
      </trkpt>
      <trkpt lat="55.429237" lon="-3.075969">
        <ele>238.8</ele>
      </trkpt>
      <trkpt lat="55.429169" lon="-3.075902">
        <ele>238.8</ele>
      </trkpt>
      <trkpt lat="55.429127" lon="-3.075858">
        <ele>238.8</ele>
      </trkpt>
      <trkpt lat="55.429073" lon="-3.075804">
        <ele>239.0</ele>
      </trkpt>
      <trkpt lat="55.42902" lon="-3.075752">
        <ele>239.0</ele>
      </trkpt>
      <trkpt lat="55.428959" lon="-3.075692">
        <ele>239.0</ele>
      </trkpt>
      <trkpt lat="55.428913" lon="-3.075651">
        <ele>239.2</ele>
      </trkpt>
      <trkpt lat="55.42886" lon="-3.075603">
        <ele>239.4</ele>
      </trkpt>
      <trkpt lat="55.428806" lon="-3.075555">
        <ele>239.6</ele>
      </trkpt>
      <trkpt lat="55.428749" lon="-3.075509">
        <ele>239.8</ele>
      </trkpt>
      <trkpt lat="55.428688" lon="-3.075463">
        <ele>240.0</ele>
      </trkpt>
      <trkpt lat="55.428631" lon="-3.075421">
        <ele>240.0</ele>
      </trkpt>
      <trkpt lat="55.42857" lon="-3.075384">
        <ele>240.4</ele>
      </trkpt>
      <trkpt lat="55.428509" lon="-3.075352">
        <ele>240.4</ele>
      </trkpt>
      <trkpt lat="55.428444" lon="-3.075325">
        <ele>240.6</ele>
      </trkpt>
      <trkpt lat="55.428379" lon="-3.075303">
        <ele>240.6</ele>
      </trkpt>
      <trkpt lat="55.428314" lon="-3.07528">
        <ele>240.8</ele>
      </trkpt>
      <trkpt lat="55.428249" lon="-3.075255">
        <ele>241.0</ele>
      </trkpt>
      <trkpt lat="55.428173" lon="-3.075226">
        <ele>241.0</ele>
      </trkpt>
      <trkpt lat="55.428112" lon="-3.075205">
        <ele>241.0</ele>
      </trkpt>
      <trkpt lat="55.428051" lon="-3.075185">
        <ele>241.0</ele>
      </trkpt>
      <trkpt lat="55.427998" lon="-3.075171">
        <ele>241.0</ele>
      </trkpt>
      <trkpt lat="55.427937" lon="-3.075154">
        <ele>241.2</ele>
      </trkpt>
      <trkpt lat="55.427872" lon="-3.075138">
        <ele>241.2</ele>
      </trkpt>
      <trkpt lat="55.427807" lon="-3.075121">
        <ele>241.4</ele>
      </trkpt>
      <trkpt lat="55.427742" lon="-3.075104">
        <ele>241.4</ele>
      </trkpt>
      <trkpt lat="55.427681" lon="-3.075088">
        <ele>241.4</ele>
      </trkpt>
      <trkpt lat="55.427616" lon="-3.075073">
        <ele>241.6</ele>
      </trkpt>
      <trkpt lat="55.42754" lon="-3.075055">
        <ele>241.6</ele>
      </trkpt>
      <trkpt lat="55.42754" lon="-3.075055">
        <ele>241.8</ele>
      </trkpt>
      <trkpt lat="55.427441" lon="-3.075028">
        <ele>241.8</ele>
      </trkpt>
      <trkpt lat="55.427391" lon="-3.075017">
        <ele>242.0</ele>
      </trkpt>
      <trkpt lat="55.427288" lon="-3.074997">
        <ele>242.2</ele>
      </trkpt>
      <trkpt lat="55.427227" lon="-3.074982">
        <ele>242.0</ele>
      </trkpt>
      <trkpt lat="55.427174" lon="-3.074967">
        <ele>242.4</ele>
      </trkpt>
      <trkpt lat="55.427109" lon="-3.074946">
        <ele>242.2</ele>
      </trkpt>
      <trkpt lat="55.427044" lon="-3.074918">
        <ele>242.4</ele>
      </trkpt>
      <trkpt lat="55.426979" lon="-3.074884">
        <ele>242.6</ele>
      </trkpt>
      <trkpt lat="55.42691" lon="-3.074844">
        <ele>242.6</ele>
      </trkpt>
      <trkpt lat="55.426846" lon="-3.0748">
        <ele>242.6</ele>
      </trkpt>
      <trkpt lat="55.426785" lon="-3.074754">
        <ele>242.6</ele>
      </trkpt>
      <trkpt lat="55.42672" lon="-3.07471">
        <ele>242.6</ele>
      </trkpt>
      <trkpt lat="55.426659" lon="-3.074669">
        <ele>242.6</ele>
      </trkpt>
      <trkpt lat="55.426598" lon="-3.074631">
        <ele>242.6</ele>
      </trkpt>
      <trkpt lat="55.42654" lon="-3.074598">
        <ele>242.6</ele>
      </trkpt>
      <trkpt lat="55.426479" lon="-3.074568">
        <ele>242.6</ele>
      </trkpt>
      <trkpt lat="55.426418" lon="-3.07454">
        <ele>242.6</ele>
      </trkpt>
      <trkpt lat="55.426357" lon="-3.074516">
        <ele>242.6</ele>
      </trkpt>
      <trkpt lat="55.4263" lon="-3.074495">
        <ele>242.6</ele>
      </trkpt>
      <trkpt lat="55.426239" lon="-3.074477">
        <ele>242.8</ele>
      </trkpt>
      <trkpt lat="55.426174" lon="-3.074466">
        <ele>243.0</ele>
      </trkpt>
      <trkpt lat="55.426113" lon="-3.074456">
        <ele>243.2</ele>
      </trkpt>
      <trkpt lat="55.426033" lon="-3.074446">
        <ele>243.4</ele>
      </trkpt>
      <trkpt lat="55.42598" lon="-3.074443">
        <ele>243.8</ele>
      </trkpt>
      <trkpt lat="55.425915" lon="-3.074441">
        <ele>243.8</ele>
      </trkpt>
      <trkpt lat="55.425846" lon="-3.07444">
        <ele>243.8</ele>
      </trkpt>
      <trkpt lat="55.425777" lon="-3.07444">
        <ele>244.0</ele>
      </trkpt>
      <trkpt lat="55.425709" lon="-3.074444">
        <ele>244.0</ele>
      </trkpt>
      <trkpt lat="55.425644" lon="-3.07445">
        <ele>244.0</ele>
      </trkpt>
      <trkpt lat="55.425579" lon="-3.074455">
        <ele>244.0</ele>
      </trkpt>
      <trkpt lat="55.425514" lon="-3.07446">
        <ele>244.2</ele>
      </trkpt>
      <trkpt lat="55.425449" lon="-3.074467">
        <ele>244.2</ele>
      </trkpt>
      <trkpt lat="55.425385" lon="-3.074476">
        <ele>244.2</ele>
      </trkpt>
      <trkpt lat="55.42532" lon="-3.074488">
        <ele>244.2</ele>
      </trkpt>
      <trkpt lat="55.425259" lon="-3.0745">
        <ele>244.2</ele>
      </trkpt>
      <trkpt lat="55.425194" lon="-3.074514">
        <ele>244.2</ele>
      </trkpt>
      <trkpt lat="55.425129" lon="-3.074527">
        <ele>244.2</ele>
      </trkpt>
      <trkpt lat="55.425068" lon="-3.07454">
        <ele>244.4</ele>
      </trkpt>
      <trkpt lat="55.425003" lon="-3.074549">
        <ele>244.4</ele>
      </trkpt>
      <trkpt lat="55.424942" lon="-3.074556">
        <ele>244.6</ele>
      </trkpt>
      <trkpt lat="55.424862" lon="-3.074558">
        <ele>244.6</ele>
      </trkpt>
      <trkpt lat="55.424801" lon="-3.074547">
        <ele>244.6</ele>
      </trkpt>
      <trkpt lat="55.424751" lon="-3.074529">
        <ele>244.6</ele>
      </trkpt>
      <trkpt lat="55.424675" lon="-3.074492">
        <ele>244.8</ele>
      </trkpt>
      <trkpt lat="55.424622" lon="-3.074447">
        <ele>244.8</ele>
      </trkpt>
      <trkpt lat="55.424568" lon="-3.074394">
        <ele>244.8</ele>
      </trkpt>
      <trkpt lat="55.424515" lon="-3.074337">
        <ele>244.8</ele>
      </trkpt>
      <trkpt lat="55.424465" lon="-3.07427">
        <ele>245.0</ele>
      </trkpt>
      <trkpt lat="55.424427" lon="-3.074211">
        <ele>245.0</ele>
      </trkpt>
      <trkpt lat="55.424374" lon="-3.074117">
        <ele>245.2</ele>
      </trkpt>
      <trkpt lat="55.424332" lon="-3.074034">
        <ele>245.4</ele>
      </trkpt>
      <trkpt lat="55.424294" lon="-3.073947">
        <ele>245.6</ele>
      </trkpt>
      <trkpt lat="55.424263" lon="-3.073876">
        <ele>245.8</ele>
      </trkpt>
      <trkpt lat="55.424217" lon="-3.073768">
        <ele>245.8</ele>
      </trkpt>
      <trkpt lat="55.424191" lon="-3.073692">
        <ele>246.0</ele>
      </trkpt>
      <trkpt lat="55.424145" lon="-3.073581">
        <ele>246.2</ele>
      </trkpt>
      <trkpt lat="55.424114" lon="-3.073483">
        <ele>246.4</ele>
      </trkpt>
      <trkpt lat="55.424091" lon="-3.073401">
        <ele>246.6</ele>
      </trkpt>
      <trkpt lat="55.424057" lon="-3.073278">
        <ele>246.8</ele>
      </trkpt>
      <trkpt lat="55.42403" lon="-3.073174">
        <ele>246.8</ele>
      </trkpt>
      <trkpt lat="55.424004" lon="-3.073066">
        <ele>246.8</ele>
      </trkpt>
      <trkpt lat="55.423977" lon="-3.072959">
        <ele>247.0</ele>
      </trkpt>
      <trkpt lat="55.423958" lon="-3.072873">
        <ele>247.4</ele>
      </trkpt>
      <trkpt lat="55.423923" lon="-3.072742">
        <ele>247.6</ele>
      </trkpt>
      <trkpt lat="55.423897" lon="-3.072635">
        <ele>247.8</ele>
      </trkpt>
      <trkpt lat="55.423874" lon="-3.072544">
        <ele>247.8</ele>
      </trkpt>
      <trkpt lat="55.423847" lon="-3.072429">
        <ele>247.8</ele>
      </trkpt>
      <trkpt lat="55.423817" lon="-3.072286">
        <ele>247.8</ele>
      </trkpt>
      <trkpt lat="55.42379" lon="-3.072164">
        <ele>247.8</ele>
      </trkpt>
      <trkpt lat="55.423763" lon="-3.072039">
        <ele>247.8</ele>
      </trkpt>
      <trkpt lat="55.423744" lon="-3.071914">
        <ele>247.8</ele>
      </trkpt>
      <trkpt lat="55.423725" lon="-3.071817">
        <ele>247.6</ele>
      </trkpt>
      <trkpt lat="55.423706" lon="-3.071696">
        <ele>247.8</ele>
      </trkpt>
      <trkpt lat="55.423683" lon="-3.071576">
        <ele>247.6</ele>
      </trkpt>
      <trkpt lat="55.423656" lon="-3.071433">
        <ele>247.6</ele>
      </trkpt>
      <trkpt lat="55.423634" lon="-3.071317">
        <ele>247.4</ele>
      </trkpt>
      <trkpt lat="55.423615" lon="-3.071203">
        <ele>247.2</ele>
      </trkpt>
      <trkpt lat="55.423592" lon="-3.07109">
        <ele>247.2</ele>
      </trkpt>
      <trkpt lat="55.423569" lon="-3.070982">
        <ele>247.2</ele>
      </trkpt>
      <trkpt lat="55.423546" lon="-3.07088">
        <ele>247.4</ele>
      </trkpt>
      <trkpt lat="55.423519" lon="-3.070786">
        <ele>247.4</ele>
      </trkpt>
      <trkpt lat="55.4235" lon="-3.070706">
        <ele>247.4</ele>
      </trkpt>
      <trkpt lat="55.423481" lon="-3.070643">
        <ele>247.4</ele>
      </trkpt>
      <trkpt lat="55.423458" lon="-3.070591">
        <ele>247.6</ele>
      </trkpt>
      <trkpt lat="55.423431" lon="-3.070539">
        <ele>247.6</ele>
      </trkpt>
      <trkpt lat="55.423409" lon="-3.07049">
        <ele>247.6</ele>
      </trkpt>
      <trkpt lat="55.42337" lon="-3.070408">
        <ele>247.6</ele>
      </trkpt>
      <trkpt lat="55.42334" lon="-3.070339">
        <ele>247.6</ele>
      </trkpt>
      <trkpt lat="55.423306" lon="-3.070262">
        <ele>247.8</ele>
      </trkpt>
      <trkpt lat="55.423271" lon="-3.070178">
        <ele>247.8</ele>
      </trkpt>
      <trkpt lat="55.423252" lon="-3.070122">
        <ele>248.0</ele>
      </trkpt>
      <trkpt lat="55.423214" lon="-3.070033">
        <ele>248.0</ele>
      </trkpt>
      <trkpt lat="55.423161" lon="-3.069908">
        <ele>248.2</ele>
      </trkpt>
      <trkpt lat="55.423115" lon="-3.069822">
        <ele>248.0</ele>
      </trkpt>
      <trkpt lat="55.42308" lon="-3.069756">
        <ele>248.0</ele>
      </trkpt>
      <trkpt lat="55.423019" lon="-3.069669">
        <ele>248.2</ele>
      </trkpt>
      <trkpt lat="55.422966" lon="-3.069611">
        <ele>248.2</ele>
      </trkpt>
      <trkpt lat="55.422913" lon="-3.069562">
        <ele>248.2</ele>
      </trkpt>
      <trkpt lat="55.422867" lon="-3.06953">
        <ele>248.4</ele>
      </trkpt>
      <trkpt lat="55.42281" lon="-3.069498">
        <ele>248.4</ele>
      </trkpt>
      <trkpt lat="55.422752" lon="-3.069474">
        <ele>248.6</ele>
      </trkpt>
      <trkpt lat="55.42268" lon="-3.069449">
        <ele>248.6</ele>
      </trkpt>
      <trkpt lat="55.422634" lon="-3.069436">
        <ele>249.0</ele>
      </trkpt>
      <trkpt lat="55.422573" lon="-3.069419">
        <ele>249.2</ele>
      </trkpt>
      <trkpt lat="55.422516" lon="-3.069398">
        <ele>249.6</ele>
      </trkpt>
      <trkpt lat="55.422459" lon="-3.069371">
        <ele>249.8</ele>
      </trkpt>
      <trkpt lat="55.42239" lon="-3.06933">
        <ele>250.0</ele>
      </trkpt>
      <trkpt lat="55.422337" lon="-3.069291">
        <ele>250.0</ele>
      </trkpt>
      <trkpt lat="55.422291" lon="-3.06926">
        <ele>250.2</ele>
      </trkpt>
      <trkpt lat="55.422237" lon="-3.069221">
        <ele>250.4</ele>
      </trkpt>
      <trkpt lat="55.422173" lon="-3.069169">
        <ele>250.6</ele>
      </trkpt>
      <trkpt lat="55.422123" lon="-3.069127">
        <ele>250.8</ele>
      </trkpt>
      <trkpt lat="55.422077" lon="-3.069092">
        <ele>251.0</ele>
      </trkpt>
      <trkpt lat="55.422012" lon="-3.069041">
        <ele>251.4</ele>
      </trkpt>
      <trkpt lat="55.421959" lon="-3.069">
        <ele>251.4</ele>
      </trkpt>
      <trkpt lat="55.421909" lon="-3.068963">
        <ele>251.6</ele>
      </trkpt>
      <trkpt lat="55.42186" lon="-3.068927">
        <ele>251.8</ele>
      </trkpt>
      <trkpt lat="55.421814" lon="-3.068898">
        <ele>252.0</ele>
      </trkpt>
      <trkpt lat="55.421749" lon="-3.068856">
        <ele>252.0</ele>
      </trkpt>
      <trkpt lat="55.421696" lon="-3.068822">
        <ele>252.4</ele>
      </trkpt>
      <trkpt lat="55.421635" lon="-3.068789">
        <ele>252.6</ele>
      </trkpt>
      <trkpt lat="55.421577" lon="-3.068751">
        <ele>252.6</ele>
      </trkpt>
      <trkpt lat="55.421535" lon="-3.068717">
        <ele>253.0</ele>
      </trkpt>
      <trkpt lat="55.421471" lon="-3.068661">
        <ele>253.2</ele>
      </trkpt>
      <trkpt lat="55.421421" lon="-3.068611">
        <ele>253.6</ele>
      </trkpt>
      <trkpt lat="55.421371" lon="-3.068558">
        <ele>253.6</ele>
      </trkpt>
      <trkpt lat="55.421322" lon="-3.068505">
        <ele>254.0</ele>
      </trkpt>
      <trkpt lat="55.421272" lon="-3.068452">
        <ele>254.2</ele>
      </trkpt>
      <trkpt lat="55.421234" lon="-3.068406">
        <ele>254.4</ele>
      </trkpt>
      <trkpt lat="55.421177" lon="-3.068333">
        <ele>255.0</ele>
      </trkpt>
      <trkpt lat="55.421131" lon="-3.068274">
        <ele>255.0</ele>
      </trkpt>
      <trkpt lat="55.421085" lon="-3.068216">
        <ele>255.2</ele>
      </trkpt>
      <trkpt lat="55.421047" lon="-3.068165">
        <ele>255.4</ele>
      </trkpt>
      <trkpt lat="55.420998" lon="-3.068088">
        <ele>255.6</ele>
      </trkpt>
      <trkpt lat="55.420956" lon="-3.068023">
        <ele>255.8</ele>
      </trkpt>
      <trkpt lat="55.420918" lon="-3.067952">
        <ele>256.0</ele>
      </trkpt>
      <trkpt lat="55.420887" lon="-3.067889">
        <ele>256.2</ele>
      </trkpt>
      <trkpt lat="55.420856" lon="-3.067806">
        <ele>256.6</ele>
      </trkpt>
      <trkpt lat="55.42083" lon="-3.067719">
        <ele>257.2</ele>
      </trkpt>
      <trkpt lat="55.420807" lon="-3.067628">
        <ele>257.6</ele>
      </trkpt>
      <trkpt lat="55.420788" lon="-3.067537">
        <ele>257.8</ele>
      </trkpt>
      <trkpt lat="55.420765" lon="-3.067447">
        <ele>258.2</ele>
      </trkpt>
      <trkpt lat="55.420742" lon="-3.067359">
        <ele>258.4</ele>
      </trkpt>
      <trkpt lat="55.420715" lon="-3.067255">
        <ele>258.8</ele>
      </trkpt>
      <trkpt lat="55.420692" lon="-3.067188">
        <ele>259.0</ele>
      </trkpt>
      <trkpt lat="55.420666" lon="-3.067108">
        <ele>259.2</ele>
      </trkpt>
      <trkpt lat="55.420635" lon="-3.067029">
        <ele>259.4</ele>
      </trkpt>
      <trkpt lat="55.420605" lon="-3.066949">
        <ele>259.6</ele>
      </trkpt>
      <trkpt lat="55.420574" lon="-3.066869">
        <ele>260.0</ele>
      </trkpt>
      <trkpt lat="55.420544" lon="-3.066787">
        <ele>260.2</ele>
      </trkpt>
      <trkpt lat="55.420513" lon="-3.066706">
        <ele>260.6</ele>
      </trkpt>
      <trkpt lat="55.420486" lon="-3.066627">
        <ele>260.8</ele>
      </trkpt>
      <trkpt lat="55.420456" lon="-3.066545">
        <ele>261.2</ele>
      </trkpt>
      <trkpt lat="55.420433" lon="-3.066463">
        <ele>261.6</ele>
      </trkpt>
      <trkpt lat="55.420406" lon="-3.066383">
        <ele>261.6</ele>
      </trkpt>
      <trkpt lat="55.42038" lon="-3.066298">
        <ele>261.8</ele>
      </trkpt>
      <trkpt lat="55.420349" lon="-3.066197">
        <ele>262.0</ele>
      </trkpt>
      <trkpt lat="55.42033" lon="-3.066131">
        <ele>262.2</ele>
      </trkpt>
      <trkpt lat="55.420303" lon="-3.066051">
        <ele>262.8</ele>
      </trkpt>
      <trkpt lat="55.42028" lon="-3.065967">
        <ele>263.0</ele>
      </trkpt>
      <trkpt lat="55.420254" lon="-3.065882">
        <ele>263.2</ele>
      </trkpt>
      <trkpt lat="55.420231" lon="-3.065804">
        <ele>263.4</ele>
      </trkpt>
      <trkpt lat="55.420204" lon="-3.065725">
        <ele>263.8</ele>
      </trkpt>
      <trkpt lat="55.420177" lon="-3.065652">
        <ele>264.2</ele>
      </trkpt>
      <trkpt lat="55.420151" lon="-3.065579">
        <ele>264.4</ele>
      </trkpt>
      <trkpt lat="55.42012" lon="-3.065512">
        <ele>264.8</ele>
      </trkpt>
      <trkpt lat="55.42009" lon="-3.065444">
        <ele>265.0</ele>
      </trkpt>
      <trkpt lat="55.420059" lon="-3.065377">
        <ele>265.2</ele>
      </trkpt>
      <trkpt lat="55.420033" lon="-3.065314">
        <ele>265.4</ele>
      </trkpt>
      <trkpt lat="55.420002" lon="-3.06525">
        <ele>266.0</ele>
      </trkpt>
      <trkpt lat="55.419975" lon="-3.065183">
        <ele>266.4</ele>
      </trkpt>
      <trkpt lat="55.419952" lon="-3.065114">
        <ele>266.6</ele>
      </trkpt>
      <trkpt lat="55.419933" lon="-3.065046">
        <ele>266.8</ele>
      </trkpt>
      <trkpt lat="55.41991" lon="-3.064978">
        <ele>267.0</ele>
      </trkpt>
      <trkpt lat="55.419891" lon="-3.064909">
        <ele>267.6</ele>
      </trkpt>
      <trkpt lat="55.419876" lon="-3.06484">
        <ele>268.0</ele>
      </trkpt>
      <trkpt lat="55.419861" lon="-3.06477">
        <ele>268.4</ele>
      </trkpt>
      <trkpt lat="55.419846" lon="-3.064699">
        <ele>269.0</ele>
      </trkpt>
      <trkpt lat="55.41983" lon="-3.064628">
        <ele>269.2</ele>
      </trkpt>
      <trkpt lat="55.419815" lon="-3.064557">
        <ele>269.6</ele>
      </trkpt>
      <trkpt lat="55.4198" lon="-3.064484">
        <ele>270.0</ele>
      </trkpt>
      <trkpt lat="55.419781" lon="-3.064398">
        <ele>270.4</ele>
      </trkpt>
      <trkpt lat="55.419758" lon="-3.064328">
        <ele>270.8</ele>
      </trkpt>
      <trkpt lat="55.419735" lon="-3.064261">
        <ele>271.0</ele>
      </trkpt>
      <trkpt lat="55.419712" lon="-3.064209">
        <ele>271.6</ele>
      </trkpt>
      <trkpt lat="55.419685" lon="-3.064147">
        <ele>271.8</ele>
      </trkpt>
      <trkpt lat="55.419647" lon="-3.064075">
        <ele>272.2</ele>
      </trkpt>
      <trkpt lat="55.419621" lon="-3.064016">
        <ele>272.6</ele>
      </trkpt>
      <trkpt lat="55.419586" lon="-3.063958">
        <ele>272.8</ele>
      </trkpt>
      <trkpt lat="55.419563" lon="-3.063913">
        <ele>273.0</ele>
      </trkpt>
      <trkpt lat="55.419529" lon="-3.063859">
        <ele>273.2</ele>
      </trkpt>
      <trkpt lat="55.419487" lon="-3.063795">
        <ele>273.6</ele>
      </trkpt>
      <trkpt lat="55.419453" lon="-3.063743">
        <ele>273.8</ele>
      </trkpt>
      <trkpt lat="55.419415" lon="-3.063693">
        <ele>274.2</ele>
      </trkpt>
      <trkpt lat="55.419376" lon="-3.063644">
        <ele>274.6</ele>
      </trkpt>
      <trkpt lat="55.41935" lon="-3.063607">
        <ele>274.8</ele>
      </trkpt>
      <trkpt lat="55.419312" lon="-3.06356">
        <ele>275.4</ele>
      </trkpt>
      <trkpt lat="55.419266" lon="-3.063503">
        <ele>275.6</ele>
      </trkpt>
      <trkpt lat="55.419228" lon="-3.063455">
        <ele>275.8</ele>
      </trkpt>
      <trkpt lat="55.419189" lon="-3.063404">
        <ele>276.0</ele>
      </trkpt>
      <trkpt lat="55.419163" lon="-3.063362">
        <ele>276.6</ele>
      </trkpt>
      <trkpt lat="55.419128" lon="-3.063305">
        <ele>277.0</ele>
      </trkpt>
      <trkpt lat="55.419086" lon="-3.063234">
        <ele>277.2</ele>
      </trkpt>
      <trkpt lat="55.41906" lon="-3.063172">
        <ele>277.6</ele>
      </trkpt>
      <trkpt lat="55.419029" lon="-3.063107">
        <ele>277.8</ele>
      </trkpt>
      <trkpt lat="55.41901" lon="-3.063053">
        <ele>278.2</ele>
      </trkpt>
      <trkpt lat="55.418987" lon="-3.062982">
        <ele>278.8</ele>
      </trkpt>
      <trkpt lat="55.418957" lon="-3.062894">
        <ele>279.0</ele>
      </trkpt>
      <trkpt lat="55.418934" lon="-3.06282">
        <ele>279.4</ele>
      </trkpt>
      <trkpt lat="55.418915" lon="-3.062743">
        <ele>279.6</ele>
      </trkpt>
      <trkpt lat="55.418892" lon="-3.062668">
        <ele>280.0</ele>
      </trkpt>
      <trkpt lat="55.418877" lon="-3.062605">
        <ele>280.6</ele>
      </trkpt>
      <trkpt lat="55.418854" lon="-3.062528">
        <ele>280.8</ele>
      </trkpt>
      <trkpt lat="55.418827" lon="-3.062436">
        <ele>281.2</ele>
      </trkpt>
      <trkpt lat="55.418804" lon="-3.062358">
        <ele>281.4</ele>
      </trkpt>
      <trkpt lat="55.418777" lon="-3.062281">
        <ele>281.8</ele>
      </trkpt>
      <trkpt lat="55.418755" lon="-3.062221">
        <ele>281.8</ele>
      </trkpt>
      <trkpt lat="55.418728" lon="-3.062147">
        <ele>282.0</ele>
      </trkpt>
      <trkpt lat="55.418697" lon="-3.062064">
        <ele>282.4</ele>
      </trkpt>
      <trkpt lat="55.418671" lon="-3.061996">
        <ele>282.6</ele>
      </trkpt>
      <trkpt lat="55.41864" lon="-3.061924">
        <ele>283.0</ele>
      </trkpt>
      <trkpt lat="55.418617" lon="-3.061865">
        <ele>283.2</ele>
      </trkpt>
      <trkpt lat="55.418594" lon="-3.06179">
        <ele>283.6</ele>
      </trkpt>
      <trkpt lat="55.418564" lon="-3.0617">
        <ele>283.8</ele>
      </trkpt>
      <trkpt lat="55.418537" lon="-3.061625">
        <ele>284.2</ele>
      </trkpt>
      <trkpt lat="55.41851" lon="-3.061548">
        <ele>284.6</ele>
      </trkpt>
      <trkpt lat="55.418495" lon="-3.061485">
        <ele>284.8</ele>
      </trkpt>
      <trkpt lat="55.418472" lon="-3.061407">
        <ele>285.2</ele>
      </trkpt>
      <trkpt lat="55.418449" lon="-3.061326">
        <ele>285.2</ele>
      </trkpt>
      <trkpt lat="55.418427" lon="-3.061228">
        <ele>285.6</ele>
      </trkpt>
      <trkpt lat="55.418407" lon="-3.061147">
        <ele>286.0</ele>
      </trkpt>
      <trkpt lat="55.418385" lon="-3.061063">
        <ele>286.2</ele>
      </trkpt>
      <trkpt lat="55.418373" lon="-3.060995">
        <ele>286.6</ele>
      </trkpt>
      <trkpt lat="55.418358" lon="-3.060911">
        <ele>286.6</ele>
      </trkpt>
      <trkpt lat="55.418343" lon="-3.060825">
        <ele>287.0</ele>
      </trkpt>
      <trkpt lat="55.418331" lon="-3.060741">
        <ele>287.4</ele>
      </trkpt>
      <trkpt lat="55.418324" lon="-3.060656">
        <ele>287.8</ele>
      </trkpt>
      <trkpt lat="55.418324" lon="-3.060566">
        <ele>288.4</ele>
      </trkpt>
      <trkpt lat="55.418324" lon="-3.060473">
        <ele>288.4</ele>
      </trkpt>
      <trkpt lat="55.418327" lon="-3.06038">
        <ele>288.8</ele>
      </trkpt>
      <trkpt lat="55.418339" lon="-3.060286">
        <ele>289.0</ele>
      </trkpt>
      <trkpt lat="55.418354" lon="-3.060172">
        <ele>289.2</ele>
      </trkpt>
      <trkpt lat="55.418373" lon="-3.060097">
        <ele>289.6</ele>
      </trkpt>
      <trkpt lat="55.418396" lon="-3.060004">
        <ele>289.8</ele>
      </trkpt>
      <trkpt lat="55.418419" lon="-3.059912">
        <ele>290.2</ele>
      </trkpt>
      <trkpt lat="55.418446" lon="-3.059822">
        <ele>290.4</ele>
      </trkpt>
      <trkpt lat="55.418472" lon="-3.059736">
        <ele>290.8</ele>
      </trkpt>
      <trkpt lat="55.418499" lon="-3.05965">
        <ele>291.2</ele>
      </trkpt>
      <trkpt lat="55.418526" lon="-3.059561">
        <ele>291.6</ele>
      </trkpt>
      <trkpt lat="55.418549" lon="-3.059473">
        <ele>292.0</ele>
      </trkpt>
      <trkpt lat="55.418571" lon="-3.059383">
        <ele>292.0</ele>
      </trkpt>
      <trkpt lat="55.418591" lon="-3.059289">
        <ele>292.4</ele>
      </trkpt>
      <trkpt lat="55.41861" lon="-3.059193">
        <ele>292.6</ele>
      </trkpt>
      <trkpt lat="55.418629" lon="-3.059097">
        <ele>292.8</ele>
      </trkpt>
      <trkpt lat="55.418648" lon="-3.059">
        <ele>293.2</ele>
      </trkpt>
      <trkpt lat="55.418663" lon="-3.058903">
        <ele>293.4</ele>
      </trkpt>
      <trkpt lat="55.418678" lon="-3.058805">
        <ele>293.8</ele>
      </trkpt>
      <trkpt lat="55.418694" lon="-3.058704">
        <ele>294.0</ele>
      </trkpt>
      <trkpt lat="55.418713" lon="-3.058603">
        <ele>294.2</ele>
      </trkpt>
      <trkpt lat="55.418728" lon="-3.058503">
        <ele>294.4</ele>
      </trkpt>
      <trkpt lat="55.418751" lon="-3.058402">
        <ele>294.6</ele>
      </trkpt>
      <trkpt lat="55.418777" lon="-3.058285">
        <ele>295.2</ele>
      </trkpt>
      <trkpt lat="55.418804" lon="-3.058192">
        <ele>295.2</ele>
      </trkpt>
      <trkpt lat="55.418835" lon="-3.0581">
        <ele>295.6</ele>
      </trkpt>
      <trkpt lat="55.418869" lon="-3.058008">
        <ele>295.8</ele>
      </trkpt>
      <trkpt lat="55.418903" lon="-3.057918">
        <ele>296.2</ele>
      </trkpt>
      <trkpt lat="55.418934" lon="-3.057825">
        <ele>296.8</ele>
      </trkpt>
      <trkpt lat="55.418972" lon="-3.057731">
        <ele>297.0</ele>
      </trkpt>
      <trkpt lat="55.418995" lon="-3.057675">
        <ele>297.4</ele>
      </trkpt>
      <trkpt lat="55.419025" lon="-3.057602">
        <ele>297.6</ele>
      </trkpt>
      <trkpt lat="55.41909" lon="-3.057464">
        <ele>298.0</ele>
      </trkpt>
      <trkpt lat="55.419132" lon="-3.057381">
        <ele>298.2</ele>
      </trkpt>
      <trkpt lat="55.419174" lon="-3.0573">
        <ele>298.4</ele>
      </trkpt>
      <trkpt lat="55.419205" lon="-3.057233">
        <ele>298.8</ele>
      </trkpt>
      <trkpt lat="55.419254" lon="-3.057133">
        <ele>299.0</ele>
      </trkpt>
      <trkpt lat="55.4193" lon="-3.057047">
        <ele>299.2</ele>
      </trkpt>
      <trkpt lat="55.419342" lon="-3.056963">
        <ele>299.2</ele>
      </trkpt>
      <trkpt lat="55.419384" lon="-3.05688">
        <ele>299.4</ele>
      </trkpt>
      <trkpt lat="55.419422" lon="-3.056799">
        <ele>299.6</ele>
      </trkpt>
      <trkpt lat="55.419464" lon="-3.05672">
        <ele>299.8</ele>
      </trkpt>
      <trkpt lat="55.419498" lon="-3.056657">
        <ele>300.4</ele>
      </trkpt>
      <trkpt lat="55.419556" lon="-3.056564">
        <ele>300.6</ele>
      </trkpt>
      <trkpt lat="55.419594" lon="-3.056503">
        <ele>301.0</ele>
      </trkpt>
      <trkpt lat="55.419647" lon="-3.056408">
        <ele>301.0</ele>
      </trkpt>
      <trkpt lat="55.419697" lon="-3.056328">
        <ele>301.4</ele>
      </trkpt>
      <trkpt lat="55.419743" lon="-3.056246">
        <ele>302.0</ele>
      </trkpt>
      <trkpt lat="55.419777" lon="-3.056178">
        <ele>302.2</ele>
      </trkpt>
      <trkpt lat="55.419827" lon="-3.056074">
        <ele>302.4</ele>
      </trkpt>
      <trkpt lat="55.419861" lon="-3.055983">
        <ele>302.4</ele>
      </trkpt>
      <trkpt lat="55.419899" lon="-3.05589">
        <ele>302.6</ele>
      </trkpt>
      <trkpt lat="55.419933" lon="-3.055798">
        <ele>303.0</ele>
      </trkpt>
      <trkpt lat="55.419964" lon="-3.055724">
        <ele>303.0</ele>
      </trkpt>
      <trkpt lat="55.420013" lon="-3.055608">
        <ele>303.4</ele>
      </trkpt>
      <trkpt lat="55.420052" lon="-3.0555">
        <ele>303.4</ele>
      </trkpt>
      <trkpt lat="55.42009" lon="-3.055387">
        <ele>303.6</ele>
      </trkpt>
      <trkpt lat="55.420116" lon="-3.055297">
        <ele>303.6</ele>
      </trkpt>
      <trkpt lat="55.420147" lon="-3.055186">
        <ele>303.6</ele>
      </trkpt>
      <trkpt lat="55.420177" lon="-3.055078">
        <ele>303.6</ele>
      </trkpt>
      <trkpt lat="55.420208" lon="-3.054966">
        <ele>303.8</ele>
      </trkpt>
      <trkpt lat="55.420246" lon="-3.054852">
        <ele>303.8</ele>
      </trkpt>
      <trkpt lat="55.420284" lon="-3.05473">
        <ele>303.8</ele>
      </trkpt>
      <trkpt lat="55.420326" lon="-3.0546">
        <ele>303.8</ele>
      </trkpt>
      <trkpt lat="55.420368" lon="-3.054467">
        <ele>303.8</ele>
      </trkpt>
      <trkpt lat="55.42041" lon="-3.054328">
        <ele>303.6</ele>
      </trkpt>
      <trkpt lat="55.420448" lon="-3.054185">
        <ele>303.6</ele>
      </trkpt>
      <trkpt lat="55.420486" lon="-3.054036">
        <ele>303.6</ele>
      </trkpt>
      <trkpt lat="55.420517" lon="-3.053878">
        <ele>303.4</ele>
      </trkpt>
      <trkpt lat="55.420555" lon="-3.053718">
        <ele>303.2</ele>
      </trkpt>
      <trkpt lat="55.420597" lon="-3.053561">
        <ele>303.0</ele>
      </trkpt>
      <trkpt lat="55.420654" lon="-3.053411">
        <ele>302.8</ele>
      </trkpt>
      <trkpt lat="55.420719" lon="-3.053275">
        <ele>302.6</ele>
      </trkpt>
      <trkpt lat="55.420792" lon="-3.053146">
        <ele>302.4</ele>
      </trkpt>
      <trkpt lat="55.420872" lon="-3.053027">
        <ele>302.2</ele>
      </trkpt>
      <trkpt lat="55.420956" lon="-3.052912">
        <ele>302.0</ele>
      </trkpt>
      <trkpt lat="55.421043" lon="-3.052797">
        <ele>301.6</ele>
      </trkpt>
      <trkpt lat="55.421131" lon="-3.052677">
        <ele>301.2</ele>
      </trkpt>
      <trkpt lat="55.421215" lon="-3.052543">
        <ele>301.0</ele>
      </trkpt>
      <trkpt lat="55.421295" lon="-3.052394">
        <ele>300.8</ele>
      </trkpt>
      <trkpt lat="55.421364" lon="-3.052229">
        <ele>300.4</ele>
      </trkpt>
      <trkpt lat="55.421425" lon="-3.052048">
        <ele>299.8</ele>
      </trkpt>
      <trkpt lat="55.421474" lon="-3.051857">
        <ele>299.0</ele>
      </trkpt>
      <trkpt lat="55.421513" lon="-3.051658">
        <ele>298.4</ele>
      </trkpt>
      <trkpt lat="55.421543" lon="-3.051455">
        <ele>298.2</ele>
      </trkpt>
      <trkpt lat="55.42157" lon="-3.05125">
        <ele>297.2</ele>
      </trkpt>
      <trkpt lat="55.421597" lon="-3.051045">
        <ele>296.6</ele>
      </trkpt>
      <trkpt lat="55.421627" lon="-3.050838">
        <ele>295.8</ele>
      </trkpt>
      <trkpt lat="55.421654" lon="-3.050635">
        <ele>295.0</ele>
      </trkpt>
      <trkpt lat="55.42168" lon="-3.050442">
        <ele>294.6</ele>
      </trkpt>
      <trkpt lat="55.421707" lon="-3.050258">
        <ele>294.0</ele>
      </trkpt>
      <trkpt lat="55.421734" lon="-3.050081">
        <ele>293.6</ele>
      </trkpt>
      <trkpt lat="55.421749" lon="-3.04998">
        <ele>293.4</ele>
      </trkpt>
      <trkpt lat="55.421776" lon="-3.049814">
        <ele>293.2</ele>
      </trkpt>
      <trkpt lat="55.421818" lon="-3.049559">
        <ele>293.2</ele>
      </trkpt>
      <trkpt lat="55.421844" lon="-3.049439">
        <ele>293.2</ele>
      </trkpt>
      <trkpt lat="55.421883" lon="-3.049296">
        <ele>293.2</ele>
      </trkpt>
      <trkpt lat="55.421925" lon="-3.049162">
        <ele>293.2</ele>
      </trkpt>
      <trkpt lat="55.42197" lon="-3.049034">
        <ele>293.4</ele>
      </trkpt>
      <trkpt lat="55.42202" lon="-3.048913">
        <ele>293.8</ele>
      </trkpt>
      <trkpt lat="55.42207" lon="-3.048791">
        <ele>294.2</ele>
      </trkpt>
      <trkpt lat="55.422119" lon="-3.048665">
        <ele>294.4</ele>
      </trkpt>
      <trkpt lat="55.422169" lon="-3.048537">
        <ele>294.6</ele>
      </trkpt>
      <trkpt lat="55.422222" lon="-3.048412">
        <ele>294.8</ele>
      </trkpt>
      <trkpt lat="55.422272" lon="-3.04829">
        <ele>295.0</ele>
      </trkpt>
      <trkpt lat="55.422325" lon="-3.048163">
        <ele>295.0</ele>
      </trkpt>
      <trkpt lat="55.422375" lon="-3.04803">
        <ele>295.2</ele>
      </trkpt>
      <trkpt lat="55.422428" lon="-3.047898">
        <ele>295.4</ele>
      </trkpt>
      <trkpt lat="55.422485" lon="-3.047766">
        <ele>295.4</ele>
      </trkpt>
      <trkpt lat="55.422543" lon="-3.047634">
        <ele>295.4</ele>
      </trkpt>
      <trkpt lat="55.4226" lon="-3.047507">
        <ele>295.4</ele>
      </trkpt>
      <trkpt lat="55.422657" lon="-3.047388">
        <ele>295.6</ele>
      </trkpt>
      <trkpt lat="55.422718" lon="-3.047279">
        <ele>295.8</ele>
      </trkpt>
      <trkpt lat="55.422783" lon="-3.04718">
        <ele>295.8</ele>
      </trkpt>
      <trkpt lat="55.42284" lon="-3.047083">
        <ele>296.2</ele>
      </trkpt>
      <trkpt lat="55.422901" lon="-3.046984">
        <ele>296.2</ele>
      </trkpt>
      <trkpt lat="55.422955" lon="-3.046883">
        <ele>296.4</ele>
      </trkpt>
      <trkpt lat="55.423004" lon="-3.046777">
        <ele>296.6</ele>
      </trkpt>
      <trkpt lat="55.423058" lon="-3.046662">
        <ele>297.0</ele>
      </trkpt>
      <trkpt lat="55.423107" lon="-3.046548">
        <ele>297.4</ele>
      </trkpt>
      <trkpt lat="55.423161" lon="-3.046437">
        <ele>297.6</ele>
      </trkpt>
      <trkpt lat="55.423218" lon="-3.046325">
        <ele>298.4</ele>
      </trkpt>
      <trkpt lat="55.423275" lon="-3.046214">
        <ele>298.4</ele>
      </trkpt>
      <trkpt lat="55.423336" lon="-3.046103">
        <ele>298.8</ele>
      </trkpt>
      <trkpt lat="55.423393" lon="-3.045995">
        <ele>299.0</ele>
      </trkpt>
      <trkpt lat="55.423454" lon="-3.045882">
        <ele>299.2</ele>
      </trkpt>
      <trkpt lat="55.423515" lon="-3.045768">
        <ele>299.2</ele>
      </trkpt>
      <trkpt lat="55.423576" lon="-3.045659">
        <ele>299.2</ele>
      </trkpt>
      <trkpt lat="55.423641" lon="-3.045557">
        <ele>299.4</ele>
      </trkpt>
      <trkpt lat="55.423714" lon="-3.045471">
        <ele>299.6</ele>
      </trkpt>
      <trkpt lat="55.423786" lon="-3.045402">
        <ele>299.6</ele>
      </trkpt>
      <trkpt lat="55.423859" lon="-3.045342">
        <ele>299.8</ele>
      </trkpt>
      <trkpt lat="55.423927" lon="-3.045286">
        <ele>300.0</ele>
      </trkpt>
      <trkpt lat="55.423996" lon="-3.045238">
        <ele>300.0</ele>
      </trkpt>
      <trkpt lat="55.424068" lon="-3.045196">
        <ele>300.2</ele>
      </trkpt>
      <trkpt lat="55.424133" lon="-3.045152">
        <ele>300.2</ele>
      </trkpt>
      <trkpt lat="55.424198" lon="-3.045096">
        <ele>300.4</ele>
      </trkpt>
      <trkpt lat="55.424255" lon="-3.045026">
        <ele>300.4</ele>
      </trkpt>
      <trkpt lat="55.424309" lon="-3.044944">
        <ele>300.6</ele>
      </trkpt>
      <trkpt lat="55.424362" lon="-3.044849">
        <ele>300.8</ele>
      </trkpt>
      <trkpt lat="55.424412" lon="-3.044749">
        <ele>301.2</ele>
      </trkpt>
      <trkpt lat="55.424458" lon="-3.044647">
        <ele>301.4</ele>
      </trkpt>
      <trkpt lat="55.424503" lon="-3.044546">
        <ele>301.8</ele>
      </trkpt>
      <trkpt lat="55.424553" lon="-3.044445">
        <ele>302.0</ele>
      </trkpt>
      <trkpt lat="55.424599" lon="-3.044343">
        <ele>302.0</ele>
      </trkpt>
      <trkpt lat="55.424644" lon="-3.044242">
        <ele>302.2</ele>
      </trkpt>
      <trkpt lat="55.424686" lon="-3.044141">
        <ele>302.2</ele>
      </trkpt>
      <trkpt lat="55.424732" lon="-3.044042">
        <ele>302.4</ele>
      </trkpt>
      <trkpt lat="55.424774" lon="-3.043947">
        <ele>302.4</ele>
      </trkpt>
      <trkpt lat="55.424816" lon="-3.043853">
        <ele>302.4</ele>
      </trkpt>
      <trkpt lat="55.424858" lon="-3.043756">
        <ele>302.8</ele>
      </trkpt>
      <trkpt lat="55.424919" lon="-3.043564">
        <ele>302.8</ele>
      </trkpt>
      <trkpt lat="55.424946" lon="-3.043475">
        <ele>303.0</ele>
      </trkpt>
      <trkpt lat="55.424946" lon="-3.043475">
        <ele>303.0</ele>
      </trkpt>
      <trkpt lat="55.424992" lon="-3.043297">
        <ele>303.4</ele>
      </trkpt>
      <trkpt lat="55.425018" lon="-3.043207">
        <ele>303.8</ele>
      </trkpt>
      <trkpt lat="55.425053" lon="-3.043095">
        <ele>304.0</ele>
      </trkpt>
      <trkpt lat="55.425083" lon="-3.042984">
        <ele>304.2</ele>
      </trkpt>
      <trkpt lat="55.425114" lon="-3.042872">
        <ele>304.2</ele>
      </trkpt>
      <trkpt lat="55.42514" lon="-3.042757">
        <ele>304.6</ele>
      </trkpt>
      <trkpt lat="55.425167" lon="-3.04264">
        <ele>304.8</ele>
      </trkpt>
      <trkpt lat="55.425194" lon="-3.04252">
        <ele>304.8</ele>
      </trkpt>
      <trkpt lat="55.425228" lon="-3.042403">
        <ele>305.0</ele>
      </trkpt>
      <trkpt lat="55.425266" lon="-3.042287">
        <ele>305.2</ele>
      </trkpt>
      <trkpt lat="55.425304" lon="-3.042176">
        <ele>305.2</ele>
      </trkpt>
      <trkpt lat="55.42535" lon="-3.042069">
        <ele>305.4</ele>
      </trkpt>
      <trkpt lat="55.425396" lon="-3.041965">
        <ele>305.4</ele>
      </trkpt>
      <trkpt lat="55.425442" lon="-3.041862">
        <ele>305.6</ele>
      </trkpt>
      <trkpt lat="55.425488" lon="-3.041761">
        <ele>305.6</ele>
      </trkpt>
      <trkpt lat="55.425526" lon="-3.041657">
        <ele>305.6</ele>
      </trkpt>
      <trkpt lat="55.425564" lon="-3.041552">
        <ele>305.6</ele>
      </trkpt>
      <trkpt lat="55.425602" lon="-3.041443">
        <ele>305.8</ele>
      </trkpt>
      <trkpt lat="55.425644" lon="-3.041329">
        <ele>305.8</ele>
      </trkpt>
      <trkpt lat="55.425682" lon="-3.041206">
        <ele>305.8</ele>
      </trkpt>
      <trkpt lat="55.425724" lon="-3.041084">
        <ele>305.8</ele>
      </trkpt>
      <trkpt lat="55.42577" lon="-3.040966">
        <ele>305.8</ele>
      </trkpt>
      <trkpt lat="55.425819" lon="-3.040851">
        <ele>305.8</ele>
      </trkpt>
      <trkpt lat="55.425869" lon="-3.040741">
        <ele>305.8</ele>
      </trkpt>
      <trkpt lat="55.425922" lon="-3.040635">
        <ele>306.0</ele>
      </trkpt>
      <trkpt lat="55.425972" lon="-3.040531">
        <ele>306.2</ele>
      </trkpt>
      <trkpt lat="55.426022" lon="-3.040426">
        <ele>306.2</ele>
      </trkpt>
      <trkpt lat="55.426071" lon="-3.04032">
        <ele>306.2</ele>
      </trkpt>
      <trkpt lat="55.426117" lon="-3.040206">
        <ele>306.2</ele>
      </trkpt>
      <trkpt lat="55.426167" lon="-3.040086">
        <ele>306.4</ele>
      </trkpt>
      <trkpt lat="55.426212" lon="-3.039964">
        <ele>306.4</ele>
      </trkpt>
      <trkpt lat="55.426262" lon="-3.039842">
        <ele>306.4</ele>
      </trkpt>
      <trkpt lat="55.426311" lon="-3.039717">
        <ele>306.4</ele>
      </trkpt>
      <trkpt lat="55.426357" lon="-3.039589">
        <ele>306.4</ele>
      </trkpt>
      <trkpt lat="55.426395" lon="-3.039454">
        <ele>306.4</ele>
      </trkpt>
      <trkpt lat="55.426426" lon="-3.039314">
        <ele>306.4</ele>
      </trkpt>
      <trkpt lat="55.426445" lon="-3.039171">
        <ele>306.6</ele>
      </trkpt>
      <trkpt lat="55.426456" lon="-3.039025">
        <ele>306.6</ele>
      </trkpt>
      <trkpt lat="55.426468" lon="-3.03888">
        <ele>306.6</ele>
      </trkpt>
      <trkpt lat="55.426476" lon="-3.038736">
        <ele>306.6</ele>
      </trkpt>
      <trkpt lat="55.426483" lon="-3.038594">
        <ele>306.8</ele>
      </trkpt>
      <trkpt lat="55.426491" lon="-3.038453">
        <ele>306.8</ele>
      </trkpt>
      <trkpt lat="55.426498" lon="-3.038314">
        <ele>306.8</ele>
      </trkpt>
      <trkpt lat="55.42651" lon="-3.038177">
        <ele>306.8</ele>
      </trkpt>
      <trkpt lat="55.426521" lon="-3.038039">
        <ele>306.8</ele>
      </trkpt>
      <trkpt lat="55.426537" lon="-3.037904">
        <ele>307.0</ele>
      </trkpt>
      <trkpt lat="55.426556" lon="-3.037775">
        <ele>307.2</ele>
      </trkpt>
      <trkpt lat="55.426579" lon="-3.037649">
        <ele>307.2</ele>
      </trkpt>
      <trkpt lat="55.426605" lon="-3.037526">
        <ele>307.4</ele>
      </trkpt>
      <trkpt lat="55.426632" lon="-3.0374">
        <ele>307.4</ele>
      </trkpt>
      <trkpt lat="55.426655" lon="-3.037274">
        <ele>307.6</ele>
      </trkpt>
      <trkpt lat="55.426682" lon="-3.037149">
        <ele>308.0</ele>
      </trkpt>
      <trkpt lat="55.426708" lon="-3.037025">
        <ele>308.0</ele>
      </trkpt>
      <trkpt lat="55.426739" lon="-3.036903">
        <ele>308.4</ele>
      </trkpt>
      <trkpt lat="55.426773" lon="-3.036778">
        <ele>308.6</ele>
      </trkpt>
      <trkpt lat="55.426807" lon="-3.03665">
        <ele>308.6</ele>
      </trkpt>
      <trkpt lat="55.426838" lon="-3.036519">
        <ele>308.8</ele>
      </trkpt>
      <trkpt lat="55.426907" lon="-3.036275">
        <ele>308.8</ele>
      </trkpt>
      <trkpt lat="55.426937" lon="-3.036163">
        <ele>308.8</ele>
      </trkpt>
      <trkpt lat="55.426937" lon="-3.036163">
        <ele>308.8</ele>
      </trkpt>
      <trkpt lat="55.426998" lon="-3.035933">
        <ele>308.8</ele>
      </trkpt>
      <trkpt lat="55.427032" lon="-3.035816">
        <ele>308.8</ele>
      </trkpt>
      <trkpt lat="55.427071" lon="-3.035671">
        <ele>308.8</ele>
      </trkpt>
      <trkpt lat="55.427109" lon="-3.035524">
        <ele>308.6</ele>
      </trkpt>
      <trkpt lat="55.427143" lon="-3.035375">
        <ele>308.6</ele>
      </trkpt>
      <trkpt lat="55.427174" lon="-3.035224">
        <ele>308.6</ele>
      </trkpt>
      <trkpt lat="55.427204" lon="-3.035073">
        <ele>308.4</ele>
      </trkpt>
      <trkpt lat="55.427235" lon="-3.034921">
        <ele>308.2</ele>
      </trkpt>
      <trkpt lat="55.427258" lon="-3.034771">
        <ele>308.2</ele>
      </trkpt>
      <trkpt lat="55.42728" lon="-3.03462">
        <ele>308.2</ele>
      </trkpt>
      <trkpt lat="55.427299" lon="-3.034469">
        <ele>308.2</ele>
      </trkpt>
      <trkpt lat="55.427319" lon="-3.03432">
        <ele>308.2</ele>
      </trkpt>
      <trkpt lat="55.427341" lon="-3.034175">
        <ele>308.2</ele>
      </trkpt>
      <trkpt lat="55.427361" lon="-3.03403">
        <ele>308.2</ele>
      </trkpt>
      <trkpt lat="55.427383" lon="-3.033889">
        <ele>308.0</ele>
      </trkpt>
      <trkpt lat="55.427406" lon="-3.033751">
        <ele>308.2</ele>
      </trkpt>
      <trkpt lat="55.427433" lon="-3.033613">
        <ele>308.2</ele>
      </trkpt>
      <trkpt lat="55.42746" lon="-3.033477">
        <ele>308.2</ele>
      </trkpt>
      <trkpt lat="55.427486" lon="-3.033341">
        <ele>308.4</ele>
      </trkpt>
      <trkpt lat="55.427513" lon="-3.033206">
        <ele>308.6</ele>
      </trkpt>
      <trkpt lat="55.427536" lon="-3.033075">
        <ele>308.8</ele>
      </trkpt>
      <trkpt lat="55.427555" lon="-3.032943">
        <ele>309.0</ele>
      </trkpt>
      <trkpt lat="55.427567" lon="-3.032809">
        <ele>309.6</ele>
      </trkpt>
      <trkpt lat="55.427578" lon="-3.032668">
        <ele>309.8</ele>
      </trkpt>
      <trkpt lat="55.427586" lon="-3.032525">
        <ele>310.4</ele>
      </trkpt>
      <trkpt lat="55.427597" lon="-3.032378">
        <ele>310.6</ele>
      </trkpt>
      <trkpt lat="55.427608" lon="-3.032226">
        <ele>310.6</ele>
      </trkpt>
      <trkpt lat="55.42762" lon="-3.032072">
        <ele>310.6</ele>
      </trkpt>
      <trkpt lat="55.427628" lon="-3.03192">
        <ele>310.6</ele>
      </trkpt>
      <trkpt lat="55.427639" lon="-3.031769">
        <ele>310.6</ele>
      </trkpt>
      <trkpt lat="55.427647" lon="-3.03162">
        <ele>310.6</ele>
      </trkpt>
      <trkpt lat="55.427654" lon="-3.03147">
        <ele>310.6</ele>
      </trkpt>
      <trkpt lat="55.427666" lon="-3.031317">
        <ele>310.4</ele>
      </trkpt>
      <trkpt lat="55.427677" lon="-3.031163">
        <ele>310.4</ele>
      </trkpt>
      <trkpt lat="55.427689" lon="-3.03101">
        <ele>310.4</ele>
      </trkpt>
      <trkpt lat="55.427696" lon="-3.030859">
        <ele>310.4</ele>
      </trkpt>
      <trkpt lat="55.427708" lon="-3.030708">
        <ele>310.2</ele>
      </trkpt>
      <trkpt lat="55.427715" lon="-3.030556">
        <ele>310.2</ele>
      </trkpt>
      <trkpt lat="55.427723" lon="-3.030401">
        <ele>310.2</ele>
      </trkpt>
      <trkpt lat="55.427734" lon="-3.03024">
        <ele>310.2</ele>
      </trkpt>
      <trkpt lat="55.427738" lon="-3.030077">
        <ele>310.2</ele>
      </trkpt>
      <trkpt lat="55.427734" lon="-3.029912">
        <ele>310.4</ele>
      </trkpt>
      <trkpt lat="55.427719" lon="-3.029746">
        <ele>310.4</ele>
      </trkpt>
      <trkpt lat="55.4277" lon="-3.029579">
        <ele>310.2</ele>
      </trkpt>
      <trkpt lat="55.427673" lon="-3.02941">
        <ele>310.2</ele>
      </trkpt>
      <trkpt lat="55.427654" lon="-3.029235">
        <ele>310.2</ele>
      </trkpt>
      <trkpt lat="55.427643" lon="-3.029056">
        <ele>310.2</ele>
      </trkpt>
      <trkpt lat="55.427635" lon="-3.028878">
        <ele>310.0</ele>
      </trkpt>
      <trkpt lat="55.427635" lon="-3.028698">
        <ele>310.0</ele>
      </trkpt>
      <trkpt lat="55.427643" lon="-3.028517">
        <ele>309.6</ele>
      </trkpt>
      <trkpt lat="55.42767" lon="-3.028341">
        <ele>309.4</ele>
      </trkpt>
      <trkpt lat="55.427708" lon="-3.028172">
        <ele>308.8</ele>
      </trkpt>
      <trkpt lat="55.427765" lon="-3.028019">
        <ele>308.6</ele>
      </trkpt>
      <trkpt lat="55.427834" lon="-3.027876">
        <ele>308.2</ele>
      </trkpt>
      <trkpt lat="55.427906" lon="-3.02774">
        <ele>308.2</ele>
      </trkpt>
      <trkpt lat="55.427986" lon="-3.027603">
        <ele>307.6</ele>
      </trkpt>
      <trkpt lat="55.428062" lon="-3.027464">
        <ele>307.2</ele>
      </trkpt>
      <trkpt lat="55.428143" lon="-3.027323">
        <ele>307.0</ele>
      </trkpt>
      <trkpt lat="55.428219" lon="-3.02718">
        <ele>306.4</ele>
      </trkpt>
      <trkpt lat="55.428295" lon="-3.027035">
        <ele>306.2</ele>
      </trkpt>
      <trkpt lat="55.428375" lon="-3.02689">
        <ele>305.8</ele>
      </trkpt>
      <trkpt lat="55.428452" lon="-3.026748">
        <ele>305.6</ele>
      </trkpt>
      <trkpt lat="55.428524" lon="-3.026609">
        <ele>305.6</ele>
      </trkpt>
      <trkpt lat="55.428596" lon="-3.026474">
        <ele>305.6</ele>
      </trkpt>
      <trkpt lat="55.428669" lon="-3.026343">
        <ele>305.4</ele>
      </trkpt>
      <trkpt lat="55.428738" lon="-3.026214">
        <ele>305.4</ele>
      </trkpt>
      <trkpt lat="55.428802" lon="-3.026091">
        <ele>305.4</ele>
      </trkpt>
      <trkpt lat="55.428867" lon="-3.025971">
        <ele>305.4</ele>
      </trkpt>
      <trkpt lat="55.428932" lon="-3.025853">
        <ele>305.4</ele>
      </trkpt>
      <trkpt lat="55.428997" lon="-3.025735">
        <ele>305.4</ele>
      </trkpt>
      <trkpt lat="55.429062" lon="-3.025617">
        <ele>305.4</ele>
      </trkpt>
      <trkpt lat="55.429123" lon="-3.025496">
        <ele>305.6</ele>
      </trkpt>
      <trkpt lat="55.429188" lon="-3.025374">
        <ele>305.6</ele>
      </trkpt>
      <trkpt lat="55.42926" lon="-3.025254">
        <ele>305.8</ele>
      </trkpt>
      <trkpt lat="55.42934" lon="-3.025146">
        <ele>305.8</ele>
      </trkpt>
      <trkpt lat="55.429432" lon="-3.025062">
        <ele>306.0</ele>
      </trkpt>
      <trkpt lat="55.429531" lon="-3.025006">
        <ele>305.8</ele>
      </trkpt>
      <trkpt lat="55.429638" lon="-3.024975">
        <ele>305.8</ele>
      </trkpt>
      <trkpt lat="55.429752" lon="-3.024955">
        <ele>306.0</ele>
      </trkpt>
      <trkpt lat="55.429871" lon="-3.024936">
        <ele>306.0</ele>
      </trkpt>
      <trkpt lat="55.429989" lon="-3.024919">
        <ele>305.8</ele>
      </trkpt>
      <trkpt lat="55.430111" lon="-3.024898">
        <ele>305.6</ele>
      </trkpt>
      <trkpt lat="55.430229" lon="-3.024876">
        <ele>305.4</ele>
      </trkpt>
      <trkpt lat="55.430344" lon="-3.024855">
        <ele>305.0</ele>
      </trkpt>
      <trkpt lat="55.430458" lon="-3.024836">
        <ele>304.4</ele>
      </trkpt>
      <trkpt lat="55.430634" lon="-3.024807">
        <ele>303.8</ele>
      </trkpt>
      <trkpt lat="55.43074" lon="-3.024789">
        <ele>303.6</ele>
      </trkpt>
      <trkpt lat="55.43074" lon="-3.024789">
        <ele>303.2</ele>
      </trkpt>
      <trkpt lat="55.430904" lon="-3.02476">
        <ele>303.0</ele>
      </trkpt>
      <trkpt lat="55.430984" lon="-3.024747">
        <ele>302.6</ele>
      </trkpt>
      <trkpt lat="55.43108" lon="-3.024728">
        <ele>302.6</ele>
      </trkpt>
      <trkpt lat="55.431179" lon="-3.024701">
        <ele>302.4</ele>
      </trkpt>
      <trkpt lat="55.431271" lon="-3.024651">
        <ele>302.4</ele>
      </trkpt>
      <trkpt lat="55.431347" lon="-3.024569">
        <ele>302.4</ele>
      </trkpt>
      <trkpt lat="55.431412" lon="-3.024468">
        <ele>302.2</ele>
      </trkpt>
      <trkpt lat="55.431461" lon="-3.024359">
        <ele>302.4</ele>
      </trkpt>
      <trkpt lat="55.431503" lon="-3.024244">
        <ele>302.4</ele>
      </trkpt>
      <trkpt lat="55.431549" lon="-3.024132">
        <ele>302.4</ele>
      </trkpt>
      <trkpt lat="55.431595" lon="-3.024027">
        <ele>302.6</ele>
      </trkpt>
      <trkpt lat="55.431644" lon="-3.023926">
        <ele>302.8</ele>
      </trkpt>
      <trkpt lat="55.43169" lon="-3.023823">
        <ele>302.8</ele>
      </trkpt>
      <trkpt lat="55.431732" lon="-3.02371">
        <ele>303.2</ele>
      </trkpt>
      <trkpt lat="55.43177" lon="-3.02359">
        <ele>303.4</ele>
      </trkpt>
      <trkpt lat="55.431797" lon="-3.023461">
        <ele>303.8</ele>
      </trkpt>
      <trkpt lat="55.43182" lon="-3.023323">
        <ele>304.4</ele>
      </trkpt>
      <trkpt lat="55.431835" lon="-3.023184">
        <ele>304.4</ele>
      </trkpt>
      <trkpt lat="55.431843" lon="-3.023042">
        <ele>304.6</ele>
      </trkpt>
      <trkpt lat="55.43185" lon="-3.022899">
        <ele>304.8</ele>
      </trkpt>
      <trkpt lat="55.43185" lon="-3.022757">
        <ele>305.0</ele>
      </trkpt>
      <trkpt lat="55.43185" lon="-3.022615">
        <ele>305.2</ele>
      </trkpt>
      <trkpt lat="55.431854" lon="-3.022475">
        <ele>305.4</ele>
      </trkpt>
      <trkpt lat="55.431858" lon="-3.022339">
        <ele>305.8</ele>
      </trkpt>
      <trkpt lat="55.431858" lon="-3.022204">
        <ele>305.8</ele>
      </trkpt>
      <trkpt lat="55.431862" lon="-3.022068">
        <ele>306.2</ele>
      </trkpt>
      <trkpt lat="55.431862" lon="-3.021928">
        <ele>306.4</ele>
      </trkpt>
      <trkpt lat="55.431866" lon="-3.021786">
        <ele>306.8</ele>
      </trkpt>
      <trkpt lat="55.431866" lon="-3.021645">
        <ele>307.0</ele>
      </trkpt>
      <trkpt lat="55.431866" lon="-3.021504">
        <ele>307.2</ele>
      </trkpt>
      <trkpt lat="55.431866" lon="-3.021366">
        <ele>307.4</ele>
      </trkpt>
      <trkpt lat="55.431866" lon="-3.021229">
        <ele>307.4</ele>
      </trkpt>
      <trkpt lat="55.431866" lon="-3.02109">
        <ele>307.6</ele>
      </trkpt>
      <trkpt lat="55.43187" lon="-3.020949">
        <ele>307.6</ele>
      </trkpt>
      <trkpt lat="55.43187" lon="-3.020805">
        <ele>307.8</ele>
      </trkpt>
      <trkpt lat="55.43187" lon="-3.02066">
        <ele>307.8</ele>
      </trkpt>
      <trkpt lat="55.431866" lon="-3.020512">
        <ele>307.8</ele>
      </trkpt>
      <trkpt lat="55.431862" lon="-3.020361">
        <ele>308.0</ele>
      </trkpt>
      <trkpt lat="55.431862" lon="-3.020213">
        <ele>308.0</ele>
      </trkpt>
      <trkpt lat="55.431858" lon="-3.020037">
        <ele>308.0</ele>
      </trkpt>
      <trkpt lat="55.43185" lon="-3.019894">
        <ele>308.0</ele>
      </trkpt>
      <trkpt lat="55.431839" lon="-3.019754">
        <ele>308.0</ele>
      </trkpt>
      <trkpt lat="55.431831" lon="-3.019647">
        <ele>308.0</ele>
      </trkpt>
      <trkpt lat="55.43182" lon="-3.019519">
        <ele>308.0</ele>
      </trkpt>
      <trkpt lat="55.431808" lon="-3.019371">
        <ele>307.8</ele>
      </trkpt>
      <trkpt lat="55.431801" lon="-3.019246">
        <ele>307.8</ele>
      </trkpt>
      <trkpt lat="55.431801" lon="-3.019117">
        <ele>307.8</ele>
      </trkpt>
      <trkpt lat="55.431808" lon="-3.018985">
        <ele>308.0</ele>
      </trkpt>
      <trkpt lat="55.431816" lon="-3.018854">
        <ele>308.0</ele>
      </trkpt>
      <trkpt lat="55.431824" lon="-3.018747">
        <ele>308.2</ele>
      </trkpt>
      <trkpt lat="55.431839" lon="-3.018583">
        <ele>308.4</ele>
      </trkpt>
      <trkpt lat="55.431858" lon="-3.018446">
        <ele>308.6</ele>
      </trkpt>
      <trkpt lat="55.431873" lon="-3.018312">
        <ele>308.8</ele>
      </trkpt>
      <trkpt lat="55.431885" lon="-3.018207">
        <ele>309.0</ele>
      </trkpt>
      <trkpt lat="55.431904" lon="-3.018073">
        <ele>309.0</ele>
      </trkpt>
      <trkpt lat="55.431934" lon="-3.017909">
        <ele>309.0</ele>
      </trkpt>
      <trkpt lat="55.431957" lon="-3.01777">
        <ele>309.0</ele>
      </trkpt>
      <trkpt lat="55.43198" lon="-3.017628">
        <ele>309.0</ele>
      </trkpt>
      <trkpt lat="55.432003" lon="-3.017514">
        <ele>309.0</ele>
      </trkpt>
      <trkpt lat="55.432045" lon="-3.017252">
        <ele>309.0</ele>
      </trkpt>
      <trkpt lat="55.432064" lon="-3.017136">
        <ele>309.0</ele>
      </trkpt>
      <trkpt lat="55.432064" lon="-3.017136">
        <ele>309.0</ele>
      </trkpt>
      <trkpt lat="55.432098" lon="-3.0169">
        <ele>309.0</ele>
      </trkpt>
      <trkpt lat="55.432117" lon="-3.016776">
        <ele>309.0</ele>
      </trkpt>
      <trkpt lat="55.432137" lon="-3.016618">
        <ele>309.0</ele>
      </trkpt>
      <trkpt lat="55.432152" lon="-3.016454">
        <ele>308.8</ele>
      </trkpt>
      <trkpt lat="55.432159" lon="-3.016287">
        <ele>308.6</ele>
      </trkpt>
      <trkpt lat="55.432159" lon="-3.016123">
        <ele>308.6</ele>
      </trkpt>
      <trkpt lat="55.432156" lon="-3.015959">
        <ele>308.6</ele>
      </trkpt>
      <trkpt lat="55.432148" lon="-3.015793">
        <ele>308.4</ele>
      </trkpt>
      <trkpt lat="55.432148" lon="-3.015628">
        <ele>308.0</ele>
      </trkpt>
      <trkpt lat="55.432159" lon="-3.015459">
        <ele>307.4</ele>
      </trkpt>
      <trkpt lat="55.432171" lon="-3.015288">
        <ele>307.2</ele>
      </trkpt>
      <trkpt lat="55.432178" lon="-3.015114">
        <ele>307.0</ele>
      </trkpt>
      <trkpt lat="55.432178" lon="-3.014939">
        <ele>307.0</ele>
      </trkpt>
      <trkpt lat="55.432182" lon="-3.014766">
        <ele>306.6</ele>
      </trkpt>
      <trkpt lat="55.432178" lon="-3.014597">
        <ele>306.4</ele>
      </trkpt>
      <trkpt lat="55.432171" lon="-3.01443">
        <ele>306.2</ele>
      </trkpt>
      <trkpt lat="55.432167" lon="-3.014232">
        <ele>305.8</ele>
      </trkpt>
      <trkpt lat="55.432163" lon="-3.0141">
        <ele>305.8</ele>
      </trkpt>
      <trkpt lat="55.432156" lon="-3.013935">
        <ele>305.8</ele>
      </trkpt>
      <trkpt lat="55.432152" lon="-3.013772">
        <ele>305.6</ele>
      </trkpt>
      <trkpt lat="55.432148" lon="-3.01361">
        <ele>305.6</ele>
      </trkpt>
      <trkpt lat="55.43214" lon="-3.013449">
        <ele>305.6</ele>
      </trkpt>
      <trkpt lat="55.432137" lon="-3.01329">
        <ele>305.6</ele>
      </trkpt>
      <trkpt lat="55.432129" lon="-3.013133">
        <ele>305.6</ele>
      </trkpt>
      <trkpt lat="55.432125" lon="-3.012978">
        <ele>305.6</ele>
      </trkpt>
      <trkpt lat="55.432121" lon="-3.012801">
        <ele>305.6</ele>
      </trkpt>
      <trkpt lat="55.432117" lon="-3.012686">
        <ele>305.6</ele>
      </trkpt>
      <trkpt lat="55.432114" lon="-3.012543">
        <ele>305.6</ele>
      </trkpt>
      <trkpt lat="55.43211" lon="-3.012401">
        <ele>305.8</ele>
      </trkpt>
      <trkpt lat="55.432106" lon="-3.012258">
        <ele>305.8</ele>
      </trkpt>
      <trkpt lat="55.432102" lon="-3.012113">
        <ele>306.0</ele>
      </trkpt>
      <trkpt lat="55.432095" lon="-3.011968">
        <ele>306.0</ele>
      </trkpt>
      <trkpt lat="55.432095" lon="-3.011824">
        <ele>306.2</ele>
      </trkpt>
      <trkpt lat="55.432091" lon="-3.01168">
        <ele>306.4</ele>
      </trkpt>
      <trkpt lat="55.432083" lon="-3.011533">
        <ele>306.4</ele>
      </trkpt>
      <trkpt lat="55.432083" lon="-3.011386">
        <ele>306.6</ele>
      </trkpt>
      <trkpt lat="55.432079" lon="-3.011241">
        <ele>306.8</ele>
      </trkpt>
      <trkpt lat="55.432072" lon="-3.011069">
        <ele>306.8</ele>
      </trkpt>
      <trkpt lat="55.432064" lon="-3.010958">
        <ele>306.8</ele>
      </trkpt>
      <trkpt lat="55.43206" lon="-3.010821">
        <ele>307.0</ele>
      </trkpt>
      <trkpt lat="55.43206" lon="-3.010689">
        <ele>307.0</ele>
      </trkpt>
      <trkpt lat="55.43206" lon="-3.010534">
        <ele>307.0</ele>
      </trkpt>
      <trkpt lat="55.432053" lon="-3.010436">
        <ele>307.2</ele>
      </trkpt>
      <trkpt lat="55.432049" lon="-3.010291">
        <ele>307.2</ele>
      </trkpt>
      <trkpt lat="55.432041" lon="-3.010175">
        <ele>307.4</ele>
      </trkpt>
      <trkpt lat="55.432041" lon="-3.010079">
        <ele>307.8</ele>
      </trkpt>
      <trkpt lat="55.432037" lon="-3.009928">
        <ele>307.8</ele>
      </trkpt>
      <trkpt lat="55.432034" lon="-3.009794">
        <ele>308.4</ele>
      </trkpt>
      <trkpt lat="55.432026" lon="-3.00968">
        <ele>308.6</ele>
      </trkpt>
      <trkpt lat="55.432022" lon="-3.009527">
        <ele>308.8</ele>
      </trkpt>
      <trkpt lat="55.432018" lon="-3.009365">
        <ele>309.0</ele>
      </trkpt>
      <trkpt lat="55.432011" lon="-3.00919">
        <ele>309.0</ele>
      </trkpt>
      <trkpt lat="55.432007" lon="-3.009001">
        <ele>309.0</ele>
      </trkpt>
      <trkpt lat="55.432003" lon="-3.008798">
        <ele>309.0</ele>
      </trkpt>
      <trkpt lat="55.431999" lon="-3.008588">
        <ele>308.8</ele>
      </trkpt>
      <trkpt lat="55.431992" lon="-3.008376">
        <ele>308.2</ele>
      </trkpt>
      <trkpt lat="55.431988" lon="-3.008163">
        <ele>307.0</ele>
      </trkpt>
      <trkpt lat="55.431973" lon="-3.007831">
        <ele>305.8</ele>
      </trkpt>
      <trkpt lat="55.431969" lon="-3.007624">
        <ele>305.6</ele>
      </trkpt>
      <trkpt lat="55.431969" lon="-3.007624">
        <ele>304.6</ele>
      </trkpt>
      <trkpt lat="55.431953" lon="-3.007297">
        <ele>303.8</ele>
      </trkpt>
      <trkpt lat="55.43195" lon="-3.007138">
        <ele>303.0</ele>
      </trkpt>
      <trkpt lat="55.431931" lon="-3.006945">
        <ele>302.0</ele>
      </trkpt>
      <trkpt lat="55.431904" lon="-3.006761">
        <ele>301.4</ele>
      </trkpt>
      <trkpt lat="55.43187" lon="-3.006591">
        <ele>300.8</ele>
      </trkpt>
      <trkpt lat="55.431824" lon="-3.006436">
        <ele>300.6</ele>
      </trkpt>
      <trkpt lat="55.431774" lon="-3.006294">
        <ele>300.0</ele>
      </trkpt>
      <trkpt lat="55.431725" lon="-3.006154">
        <ele>300.0</ele>
      </trkpt>
      <trkpt lat="55.431679" lon="-3.00601">
        <ele>299.8</ele>
      </trkpt>
      <trkpt lat="55.431641" lon="-3.005863">
        <ele>299.8</ele>
      </trkpt>
      <trkpt lat="55.431614" lon="-3.005708">
        <ele>299.8</ele>
      </trkpt>
      <trkpt lat="55.431595" lon="-3.005548">
        <ele>299.8</ele>
      </trkpt>
      <trkpt lat="55.431576" lon="-3.005388">
        <ele>299.8</ele>
      </trkpt>
      <trkpt lat="55.431557" lon="-3.005227">
        <ele>299.8</ele>
      </trkpt>
      <trkpt lat="55.431538" lon="-3.005068">
        <ele>299.8</ele>
      </trkpt>
      <trkpt lat="55.431515" lon="-3.004912">
        <ele>299.8</ele>
      </trkpt>
      <trkpt lat="55.431477" lon="-3.004761">
        <ele>299.8</ele>
      </trkpt>
      <trkpt lat="55.431423" lon="-3.004624">
        <ele>299.8</ele>
      </trkpt>
      <trkpt lat="55.431362" lon="-3.00451">
        <ele>300.0</ele>
      </trkpt>
      <trkpt lat="55.43129" lon="-3.004412">
        <ele>300.0</ele>
      </trkpt>
      <trkpt lat="55.431206" lon="-3.004307">
        <ele>300.0</ele>
      </trkpt>
      <trkpt lat="55.431152" lon="-3.004243">
        <ele>300.0</ele>
      </trkpt>
      <trkpt lat="55.431087" lon="-3.004163">
        <ele>300.0</ele>
      </trkpt>
      <trkpt lat="55.431015" lon="-3.004061">
        <ele>300.0</ele>
      </trkpt>
      <trkpt lat="55.430958" lon="-3.003976">
        <ele>300.2</ele>
      </trkpt>
      <trkpt lat="55.430897" lon="-3.003893">
        <ele>300.6</ele>
      </trkpt>
      <trkpt lat="55.430843" lon="-3.003808">
        <ele>300.6</ele>
      </trkpt>
      <trkpt lat="55.430786" lon="-3.003726">
        <ele>300.8</ele>
      </trkpt>
      <trkpt lat="55.43074" lon="-3.00366">
        <ele>301.0</ele>
      </trkpt>
      <trkpt lat="55.430687" lon="-3.003573">
        <ele>301.0</ele>
      </trkpt>
      <trkpt lat="55.430634" lon="-3.003483">
        <ele>301.2</ele>
      </trkpt>
      <trkpt lat="55.43058" lon="-3.003391">
        <ele>301.2</ele>
      </trkpt>
      <trkpt lat="55.430515" lon="-3.003282">
        <ele>301.4</ele>
      </trkpt>
      <trkpt lat="55.430462" lon="-3.003186">
        <ele>301.6</ele>
      </trkpt>
      <trkpt lat="55.430428" lon="-3.003107">
        <ele>301.8</ele>
      </trkpt>
      <trkpt lat="55.430378" lon="-3.00301">
        <ele>302.0</ele>
      </trkpt>
      <trkpt lat="55.430332" lon="-3.002911">
        <ele>302.2</ele>
      </trkpt>
      <trkpt lat="55.430283" lon="-3.002812">
        <ele>302.4</ele>
      </trkpt>
      <trkpt lat="55.430225" lon="-3.00269">
        <ele>302.4</ele>
      </trkpt>
      <trkpt lat="55.430176" lon="-3.002584">
        <ele>302.6</ele>
      </trkpt>
      <trkpt lat="55.430138" lon="-3.002501">
        <ele>302.6</ele>
      </trkpt>
      <trkpt lat="55.43008" lon="-3.002384">
        <ele>302.8</ele>
      </trkpt>
      <trkpt lat="55.430031" lon="-3.00229">
        <ele>302.8</ele>
      </trkpt>
      <trkpt lat="55.429985" lon="-3.00219">
        <ele>303.0</ele>
      </trkpt>
      <trkpt lat="55.429947" lon="-3.002112">
        <ele>303.2</ele>
      </trkpt>
      <trkpt lat="55.429897" lon="-3.002013">
        <ele>303.2</ele>
      </trkpt>
      <trkpt lat="55.429832" lon="-3.001901">
        <ele>303.4</ele>
      </trkpt>
      <trkpt lat="55.429775" lon="-3.001819">
        <ele>303.4</ele>
      </trkpt>
      <trkpt lat="55.429718" lon="-3.00174">
        <ele>303.6</ele>
      </trkpt>
      <trkpt lat="55.429661" lon="-3.001663">
        <ele>303.6</ele>
      </trkpt>
      <trkpt lat="55.4296" lon="-3.001588">
        <ele>303.6</ele>
      </trkpt>
      <trkpt lat="55.429543" lon="-3.001518">
        <ele>303.8</ele>
      </trkpt>
      <trkpt lat="55.429482" lon="-3.001447">
        <ele>303.8</ele>
      </trkpt>
      <trkpt lat="55.429432" lon="-3.001391">
        <ele>303.8</ele>
      </trkpt>
      <trkpt lat="55.429363" lon="-3.001303">
        <ele>303.8</ele>
      </trkpt>
      <trkpt lat="55.429306" lon="-3.001228">
        <ele>303.8</ele>
      </trkpt>
      <trkpt lat="55.429253" lon="-3.001148">
        <ele>304.0</ele>
      </trkpt>
      <trkpt lat="55.429207" lon="-3.001081">
        <ele>304.2</ele>
      </trkpt>
      <trkpt lat="55.429142" lon="-3.000979">
        <ele>304.2</ele>
      </trkpt>
      <trkpt lat="55.429085" lon="-3.000893">
        <ele>304.2</ele>
      </trkpt>
      <trkpt lat="55.429028" lon="-3.000807">
        <ele>304.2</ele>
      </trkpt>
      <trkpt lat="55.42897" lon="-3.00072">
        <ele>304.2</ele>
      </trkpt>
      <trkpt lat="55.428913" lon="-3.000633">
        <ele>304.2</ele>
      </trkpt>
      <trkpt lat="55.42886" lon="-3.000549">
        <ele>304.2</ele>
      </trkpt>
      <trkpt lat="55.428806" lon="-3.000463">
        <ele>304.4</ele>
      </trkpt>
      <trkpt lat="55.428753" lon="-3.000371">
        <ele>304.2</ele>
      </trkpt>
      <trkpt lat="55.428707" lon="-3.000271">
        <ele>304.2</ele>
      </trkpt>
      <trkpt lat="55.428665" lon="-3.000161">
        <ele>304.2</ele>
      </trkpt>
      <trkpt lat="55.428631" lon="-3.000042">
        <ele>304.2</ele>
      </trkpt>
      <trkpt lat="55.428604" lon="-2.99992">
        <ele>304.2</ele>
      </trkpt>
      <trkpt lat="55.428577" lon="-2.999792">
        <ele>304.0</ele>
      </trkpt>
      <trkpt lat="55.428551" lon="-2.999658">
        <ele>304.0</ele>
      </trkpt>
      <trkpt lat="55.428532" lon="-2.999547">
        <ele>304.0</ele>
      </trkpt>
      <trkpt lat="55.428505" lon="-2.999379">
        <ele>303.8</ele>
      </trkpt>
      <trkpt lat="55.428482" lon="-2.999236">
        <ele>303.8</ele>
      </trkpt>
      <trkpt lat="55.428467" lon="-2.99909">
        <ele>303.8</ele>
      </trkpt>
      <trkpt lat="55.428455" lon="-2.998971">
        <ele>303.4</ele>
      </trkpt>
      <trkpt lat="55.42844" lon="-2.998789">
        <ele>303.2</ele>
      </trkpt>
      <trkpt lat="55.428425" lon="-2.998636">
        <ele>302.6</ele>
      </trkpt>
      <trkpt lat="55.42841" lon="-2.998479">
        <ele>302.6</ele>
      </trkpt>
      <trkpt lat="55.428387" lon="-2.998322">
        <ele>302.2</ele>
      </trkpt>
      <trkpt lat="55.428368" lon="-2.998197">
        <ele>301.8</ele>
      </trkpt>
      <trkpt lat="55.428333" lon="-2.998009">
        <ele>301.8</ele>
      </trkpt>
      <trkpt lat="55.428307" lon="-2.997853">
        <ele>301.6</ele>
      </trkpt>
      <trkpt lat="55.42828" lon="-2.997697">
        <ele>301.4</ele>
      </trkpt>
      <trkpt lat="55.428261" lon="-2.997573">
        <ele>301.2</ele>
      </trkpt>
      <trkpt lat="55.428238" lon="-2.997416">
        <ele>300.8</ele>
      </trkpt>
      <trkpt lat="55.428181" lon="-2.997136">
        <ele>300.8</ele>
      </trkpt>
      <trkpt lat="55.42815" lon="-2.997018">
        <ele>300.6</ele>
      </trkpt>
      <trkpt lat="55.42815" lon="-2.997018">
        <ele>300.4</ele>
      </trkpt>
      <trkpt lat="55.428082" lon="-2.996789">
        <ele>300.0</ele>
      </trkpt>
      <trkpt lat="55.428036" lon="-2.996653">
        <ele>299.8</ele>
      </trkpt>
      <trkpt lat="55.427986" lon="-2.996516">
        <ele>299.6</ele>
      </trkpt>
      <trkpt lat="55.427937" lon="-2.99638">
        <ele>299.2</ele>
      </trkpt>
      <trkpt lat="55.427891" lon="-2.996271">
        <ele>299.2</ele>
      </trkpt>
      <trkpt lat="55.427818" lon="-2.996108">
        <ele>299.0</ele>
      </trkpt>
      <trkpt lat="55.427757" lon="-2.995972">
        <ele>298.8</ele>
      </trkpt>
      <trkpt lat="55.427696" lon="-2.995838">
        <ele>298.4</ele>
      </trkpt>
      <trkpt lat="55.427635" lon="-2.995703">
        <ele>298.2</ele>
      </trkpt>
      <trkpt lat="55.427582" lon="-2.99556">
        <ele>298.2</ele>
      </trkpt>
      <trkpt lat="55.427536" lon="-2.995404">
        <ele>298.0</ele>
      </trkpt>
      <trkpt lat="55.427505" lon="-2.995238">
        <ele>298.0</ele>
      </trkpt>
      <trkpt lat="55.427483" lon="-2.9951">
        <ele>297.2</ele>
      </trkpt>
      <trkpt lat="55.427452" lon="-2.994889">
        <ele>296.8</ele>
      </trkpt>
      <trkpt lat="55.427422" lon="-2.994711">
        <ele>296.2</ele>
      </trkpt>
      <trkpt lat="55.427395" lon="-2.994572">
        <ele>295.6</ele>
      </trkpt>
      <trkpt lat="55.427349" lon="-2.994364">
        <ele>295.4</ele>
      </trkpt>
      <trkpt lat="55.427311" lon="-2.994193">
        <ele>295.0</ele>
      </trkpt>
      <trkpt lat="55.427265" lon="-2.994023">
        <ele>294.8</ele>
      </trkpt>
      <trkpt lat="55.427219" lon="-2.993859">
        <ele>294.4</ele>
      </trkpt>
      <trkpt lat="55.427166" lon="-2.993698">
        <ele>294.0</ele>
      </trkpt>
      <trkpt lat="55.427113" lon="-2.993542">
        <ele>293.8</ele>
      </trkpt>
      <trkpt lat="55.427052" lon="-2.993395">
        <ele>293.2</ele>
      </trkpt>
      <trkpt lat="55.426987" lon="-2.993253">
        <ele>292.8</ele>
      </trkpt>
      <trkpt lat="55.426914" lon="-2.993126">
        <ele>292.4</ele>
      </trkpt>
      <trkpt lat="55.42683" lon="-2.99302">
        <ele>292.4</ele>
      </trkpt>
      <trkpt lat="55.426739" lon="-2.992932">
        <ele>292.0</ele>
      </trkpt>
      <trkpt lat="55.426647" lon="-2.99286">
        <ele>291.4</ele>
      </trkpt>
      <trkpt lat="55.426552" lon="-2.992799">
        <ele>291.4</ele>
      </trkpt>
      <trkpt lat="55.42646" lon="-2.992742">
        <ele>291.0</ele>
      </trkpt>
      <trkpt lat="55.426369" lon="-2.992682">
        <ele>291.0</ele>
      </trkpt>
      <trkpt lat="55.426281" lon="-2.992617">
        <ele>290.8</ele>
      </trkpt>
      <trkpt lat="55.426197" lon="-2.992546">
        <ele>290.6</ele>
      </trkpt>
      <trkpt lat="55.426109" lon="-2.992479">
        <ele>290.6</ele>
      </trkpt>
      <trkpt lat="55.426029" lon="-2.992415">
        <ele>290.4</ele>
      </trkpt>
      <trkpt lat="55.425961" lon="-2.992364">
        <ele>290.4</ele>
      </trkpt>
      <trkpt lat="55.425877" lon="-2.992302">
        <ele>290.2</ele>
      </trkpt>
      <trkpt lat="55.425793" lon="-2.992245">
        <ele>290.2</ele>
      </trkpt>
      <trkpt lat="55.425709" lon="-2.992185">
        <ele>290.2</ele>
      </trkpt>
      <trkpt lat="55.425625" lon="-2.992122">
        <ele>290.0</ele>
      </trkpt>
      <trkpt lat="55.425526" lon="-2.992047">
        <ele>290.0</ele>
      </trkpt>
      <trkpt lat="55.425457" lon="-2.991996">
        <ele>290.0</ele>
      </trkpt>
      <trkpt lat="55.425377" lon="-2.991932">
        <ele>290.0</ele>
      </trkpt>
      <trkpt lat="55.425278" lon="-2.991855">
        <ele>290.0</ele>
      </trkpt>
      <trkpt lat="55.425213" lon="-2.991804">
        <ele>290.0</ele>
      </trkpt>
      <trkpt lat="55.425137" lon="-2.991741">
        <ele>290.0</ele>
      </trkpt>
      <trkpt lat="55.425056" lon="-2.991678">
        <ele>289.8</ele>
      </trkpt>
      <trkpt lat="55.424976" lon="-2.991618">
        <ele>289.8</ele>
      </trkpt>
      <trkpt lat="55.4249" lon="-2.991557">
        <ele>289.8</ele>
      </trkpt>
      <trkpt lat="55.424824" lon="-2.991495">
        <ele>289.8</ele>
      </trkpt>
      <trkpt lat="55.424747" lon="-2.991433">
        <ele>289.8</ele>
      </trkpt>
      <trkpt lat="55.424671" lon="-2.991372">
        <ele>289.8</ele>
      </trkpt>
      <trkpt lat="55.424591" lon="-2.991311">
        <ele>289.8</ele>
      </trkpt>
      <trkpt lat="55.4245" lon="-2.991236">
        <ele>289.8</ele>
      </trkpt>
      <trkpt lat="55.424438" lon="-2.991186">
        <ele>289.8</ele>
      </trkpt>
      <trkpt lat="55.424366" lon="-2.991125">
        <ele>289.8</ele>
      </trkpt>
      <trkpt lat="55.42429" lon="-2.991061">
        <ele>289.8</ele>
      </trkpt>
      <trkpt lat="55.424164" lon="-2.990937">
        <ele>289.8</ele>
      </trkpt>
      <trkpt lat="55.42411" lon="-2.990882">
        <ele>289.8</ele>
      </trkpt>
      <trkpt lat="55.42411" lon="-2.990882">
        <ele>289.8</ele>
      </trkpt>
      <trkpt lat="55.424" lon="-2.990775">
        <ele>289.6</ele>
      </trkpt>
      <trkpt lat="55.423946" lon="-2.990722">
        <ele>289.6</ele>
      </trkpt>
      <trkpt lat="55.423878" lon="-2.990656">
        <ele>289.6</ele>
      </trkpt>
      <trkpt lat="55.423809" lon="-2.990592">
        <ele>289.6</ele>
      </trkpt>
      <trkpt lat="55.423748" lon="-2.990524">
        <ele>289.6</ele>
      </trkpt>
      <trkpt lat="55.423687" lon="-2.990451">
        <ele>289.6</ele>
      </trkpt>
      <trkpt lat="55.423626" lon="-2.990374">
        <ele>289.6</ele>
      </trkpt>
      <trkpt lat="55.423561" lon="-2.990298">
        <ele>289.6</ele>
      </trkpt>
      <trkpt lat="55.4235" lon="-2.990221">
        <ele>289.8</ele>
      </trkpt>
      <trkpt lat="55.423439" lon="-2.990139">
        <ele>289.8</ele>
      </trkpt>
      <trkpt lat="55.423382" lon="-2.990052">
        <ele>290.0</ele>
      </trkpt>
      <trkpt lat="55.423325" lon="-2.989958">
        <ele>290.0</ele>
      </trkpt>
      <trkpt lat="55.423275" lon="-2.989861">
        <ele>290.0</ele>
      </trkpt>
      <trkpt lat="55.423214" lon="-2.98974">
        <ele>290.2</ele>
      </trkpt>
      <trkpt lat="55.423176" lon="-2.98965">
        <ele>290.2</ele>
      </trkpt>
      <trkpt lat="55.423134" lon="-2.989534">
        <ele>290.2</ele>
      </trkpt>
      <trkpt lat="55.423092" lon="-2.989417">
        <ele>290.2</ele>
      </trkpt>
      <trkpt lat="55.42305" lon="-2.989302">
        <ele>290.2</ele>
      </trkpt>
      <trkpt lat="55.422997" lon="-2.98916">
        <ele>290.2</ele>
      </trkpt>
      <trkpt lat="55.422962" lon="-2.989064">
        <ele>290.2</ele>
      </trkpt>
      <trkpt lat="55.422916" lon="-2.988942">
        <ele>290.2</ele>
      </trkpt>
      <trkpt lat="55.422874" lon="-2.988821">
        <ele>290.0</ele>
      </trkpt>
      <trkpt lat="55.422817" lon="-2.988667">
        <ele>290.0</ele>
      </trkpt>
      <trkpt lat="55.422783" lon="-2.988561">
        <ele>289.8</ele>
      </trkpt>
      <trkpt lat="55.422745" lon="-2.988427">
        <ele>289.6</ele>
      </trkpt>
      <trkpt lat="55.422695" lon="-2.988262">
        <ele>289.6</ele>
      </trkpt>
      <trkpt lat="55.422665" lon="-2.98815">
        <ele>289.6</ele>
      </trkpt>
      <trkpt lat="55.422623" lon="-2.98801">
        <ele>289.4</ele>
      </trkpt>
      <trkpt lat="55.422577" lon="-2.987873">
        <ele>289.4</ele>
      </trkpt>
      <trkpt lat="55.422527" lon="-2.987737">
        <ele>289.2</ele>
      </trkpt>
      <trkpt lat="55.422478" lon="-2.987599">
        <ele>289.0</ele>
      </trkpt>
      <trkpt lat="55.422424" lon="-2.987464">
        <ele>288.8</ele>
      </trkpt>
      <trkpt lat="55.422359" lon="-2.987301">
        <ele>288.4</ele>
      </trkpt>
      <trkpt lat="55.422318" lon="-2.987194">
        <ele>288.4</ele>
      </trkpt>
      <trkpt lat="55.422268" lon="-2.987061">
        <ele>288.0</ele>
      </trkpt>
      <trkpt lat="55.422207" lon="-2.986902">
        <ele>287.8</ele>
      </trkpt>
      <trkpt lat="55.422165" lon="-2.986797">
        <ele>287.6</ele>
      </trkpt>
      <trkpt lat="55.422115" lon="-2.986666">
        <ele>287.4</ele>
      </trkpt>
      <trkpt lat="55.422062" lon="-2.986537">
        <ele>287.2</ele>
      </trkpt>
      <trkpt lat="55.422012" lon="-2.986407">
        <ele>287.0</ele>
      </trkpt>
      <trkpt lat="55.421963" lon="-2.986279">
        <ele>286.8</ele>
      </trkpt>
      <trkpt lat="55.421913" lon="-2.986154">
        <ele>286.4</ele>
      </trkpt>
      <trkpt lat="55.421867" lon="-2.986031">
        <ele>286.2</ele>
      </trkpt>
      <trkpt lat="55.421818" lon="-2.985906">
        <ele>286.0</ele>
      </trkpt>
      <trkpt lat="55.421761" lon="-2.985756">
        <ele>285.8</ele>
      </trkpt>
      <trkpt lat="55.421715" lon="-2.98563">
        <ele>285.6</ele>
      </trkpt>
      <trkpt lat="55.421677" lon="-2.985527">
        <ele>285.4</ele>
      </trkpt>
      <trkpt lat="55.421635" lon="-2.985394">
        <ele>285.4</ele>
      </trkpt>
      <trkpt lat="55.421597" lon="-2.985257">
        <ele>285.2</ele>
      </trkpt>
      <trkpt lat="55.421566" lon="-2.985116">
        <ele>285.0</ele>
      </trkpt>
      <trkpt lat="55.421547" lon="-2.98497">
        <ele>284.8</ele>
      </trkpt>
      <trkpt lat="55.421532" lon="-2.984819">
        <ele>284.6</ele>
      </trkpt>
      <trkpt lat="55.421528" lon="-2.984664">
        <ele>284.4</ele>
      </trkpt>
      <trkpt lat="55.421524" lon="-2.984506">
        <ele>284.2</ele>
      </trkpt>
      <trkpt lat="55.421532" lon="-2.984342">
        <ele>284.2</ele>
      </trkpt>
      <trkpt lat="55.421539" lon="-2.984175">
        <ele>284.0</ele>
      </trkpt>
      <trkpt lat="55.421543" lon="-2.984005">
        <ele>283.8</ele>
      </trkpt>
      <trkpt lat="55.421547" lon="-2.98383">
        <ele>283.6</ele>
      </trkpt>
      <trkpt lat="55.421539" lon="-2.983656">
        <ele>283.2</ele>
      </trkpt>
      <trkpt lat="55.421528" lon="-2.983482">
        <ele>283.2</ele>
      </trkpt>
      <trkpt lat="55.421513" lon="-2.983308">
        <ele>282.8</ele>
      </trkpt>
      <trkpt lat="55.421494" lon="-2.983134">
        <ele>282.6</ele>
      </trkpt>
      <trkpt lat="55.421478" lon="-2.982959">
        <ele>282.2</ele>
      </trkpt>
      <trkpt lat="55.421459" lon="-2.982784">
        <ele>281.8</ele>
      </trkpt>
      <trkpt lat="55.42144" lon="-2.982609">
        <ele>281.6</ele>
      </trkpt>
      <trkpt lat="55.421429" lon="-2.98244">
        <ele>281.2</ele>
      </trkpt>
      <trkpt lat="55.421421" lon="-2.98227">
        <ele>281.0</ele>
      </trkpt>
      <trkpt lat="55.421413" lon="-2.9821">
        <ele>280.6</ele>
      </trkpt>
      <trkpt lat="55.421402" lon="-2.981929">
        <ele>280.2</ele>
      </trkpt>
      <trkpt lat="55.421394" lon="-2.981762">
        <ele>279.8</ele>
      </trkpt>
      <trkpt lat="55.421391" lon="-2.9816">
        <ele>279.6</ele>
      </trkpt>
      <trkpt lat="55.421387" lon="-2.981439">
        <ele>279.4</ele>
      </trkpt>
      <trkpt lat="55.421394" lon="-2.981282">
        <ele>279.2</ele>
      </trkpt>
      <trkpt lat="55.421406" lon="-2.981129">
        <ele>279.2</ele>
      </trkpt>
      <trkpt lat="55.421425" lon="-2.980978">
        <ele>279.0</ele>
      </trkpt>
      <trkpt lat="55.421448" lon="-2.980833">
        <ele>279.0</ele>
      </trkpt>
      <trkpt lat="55.421474" lon="-2.98069">
        <ele>279.0</ele>
      </trkpt>
      <trkpt lat="55.421497" lon="-2.980548">
        <ele>279.0</ele>
      </trkpt>
      <trkpt lat="55.42152" lon="-2.980407">
        <ele>279.0</ele>
      </trkpt>
      <trkpt lat="55.421543" lon="-2.980265">
        <ele>279.0</ele>
      </trkpt>
      <trkpt lat="55.421562" lon="-2.980128">
        <ele>279.2</ele>
      </trkpt>
      <trkpt lat="55.421581" lon="-2.979992">
        <ele>279.2</ele>
      </trkpt>
      <trkpt lat="55.421597" lon="-2.979861">
        <ele>279.2</ele>
      </trkpt>
      <trkpt lat="55.421612" lon="-2.979731">
        <ele>279.2</ele>
      </trkpt>
      <trkpt lat="55.421631" lon="-2.979603">
        <ele>279.8</ele>
      </trkpt>
      <trkpt lat="55.421661" lon="-2.979373">
        <ele>280.0</ele>
      </trkpt>
      <trkpt lat="55.421677" lon="-2.979273">
        <ele>280.2</ele>
      </trkpt>
      <trkpt lat="55.421677" lon="-2.979273">
        <ele>280.8</ele>
      </trkpt>
      <trkpt lat="55.421703" lon="-2.979072">
        <ele>280.8</ele>
      </trkpt>
      <trkpt lat="55.421722" lon="-2.978974">
        <ele>281.0</ele>
      </trkpt>
      <trkpt lat="55.421741" lon="-2.978852">
        <ele>281.2</ele>
      </trkpt>
      <trkpt lat="55.421768" lon="-2.978731">
        <ele>281.4</ele>
      </trkpt>
      <trkpt lat="55.421795" lon="-2.978613">
        <ele>281.6</ele>
      </trkpt>
      <trkpt lat="55.421825" lon="-2.9785">
        <ele>281.6</ele>
      </trkpt>
      <trkpt lat="55.42186" lon="-2.97839">
        <ele>281.6</ele>
      </trkpt>
      <trkpt lat="55.421894" lon="-2.978282">
        <ele>281.8</ele>
      </trkpt>
      <trkpt lat="55.421932" lon="-2.978178">
        <ele>282.2</ele>
      </trkpt>
      <trkpt lat="55.421974" lon="-2.978079">
        <ele>282.4</ele>
      </trkpt>
      <trkpt lat="55.422016" lon="-2.97798">
        <ele>282.8</ele>
      </trkpt>
      <trkpt lat="55.422054" lon="-2.977882">
        <ele>283.2</ele>
      </trkpt>
      <trkpt lat="55.422096" lon="-2.977784">
        <ele>283.4</ele>
      </trkpt>
      <trkpt lat="55.422138" lon="-2.97769">
        <ele>283.6</ele>
      </trkpt>
      <trkpt lat="55.422176" lon="-2.977594">
        <ele>283.6</ele>
      </trkpt>
      <trkpt lat="55.422215" lon="-2.977497">
        <ele>283.6</ele>
      </trkpt>
      <trkpt lat="55.422256" lon="-2.977401">
        <ele>283.8</ele>
      </trkpt>
      <trkpt lat="55.422298" lon="-2.977303">
        <ele>283.8</ele>
      </trkpt>
      <trkpt lat="55.422337" lon="-2.977203">
        <ele>284.0</ele>
      </trkpt>
      <trkpt lat="55.422379" lon="-2.977102">
        <ele>284.2</ele>
      </trkpt>
      <trkpt lat="55.422417" lon="-2.977">
        <ele>284.4</ele>
      </trkpt>
      <trkpt lat="55.422459" lon="-2.9769">
        <ele>284.4</ele>
      </trkpt>
      <trkpt lat="55.422497" lon="-2.976797">
        <ele>284.6</ele>
      </trkpt>
      <trkpt lat="55.422535" lon="-2.976691">
        <ele>285.0</ele>
      </trkpt>
      <trkpt lat="55.422573" lon="-2.976582">
        <ele>285.2</ele>
      </trkpt>
      <trkpt lat="55.422607" lon="-2.976472">
        <ele>285.2</ele>
      </trkpt>
      <trkpt lat="55.422642" lon="-2.976361">
        <ele>285.4</ele>
      </trkpt>
      <trkpt lat="55.422672" lon="-2.976249">
        <ele>285.6</ele>
      </trkpt>
      <trkpt lat="55.422703" lon="-2.976136">
        <ele>285.6</ele>
      </trkpt>
      <trkpt lat="55.422729" lon="-2.976026">
        <ele>285.6</ele>
      </trkpt>
      <trkpt lat="55.422764" lon="-2.975913">
        <ele>285.8</ele>
      </trkpt>
      <trkpt lat="55.422791" lon="-2.975798">
        <ele>285.8</ele>
      </trkpt>
      <trkpt lat="55.422821" lon="-2.97568">
        <ele>286.0</ele>
      </trkpt>
      <trkpt lat="55.422855" lon="-2.975561">
        <ele>286.0</ele>
      </trkpt>
      <trkpt lat="55.422886" lon="-2.97544">
        <ele>286.0</ele>
      </trkpt>
      <trkpt lat="55.42292" lon="-2.975313">
        <ele>286.0</ele>
      </trkpt>
      <trkpt lat="55.422958" lon="-2.975182">
        <ele>286.0</ele>
      </trkpt>
      <trkpt lat="55.422993" lon="-2.975048">
        <ele>285.8</ele>
      </trkpt>
      <trkpt lat="55.423027" lon="-2.974907">
        <ele>285.8</ele>
      </trkpt>
      <trkpt lat="55.423065" lon="-2.974761">
        <ele>285.8</ele>
      </trkpt>
      <trkpt lat="55.4231" lon="-2.974607">
        <ele>285.6</ele>
      </trkpt>
      <trkpt lat="55.423134" lon="-2.974446">
        <ele>285.4</ele>
      </trkpt>
      <trkpt lat="55.423172" lon="-2.974279">
        <ele>284.8</ele>
      </trkpt>
      <trkpt lat="55.42321" lon="-2.974105">
        <ele>284.4</ele>
      </trkpt>
      <trkpt lat="55.423248" lon="-2.973927">
        <ele>284.0</ele>
      </trkpt>
      <trkpt lat="55.423286" lon="-2.973746">
        <ele>284.0</ele>
      </trkpt>
      <trkpt lat="55.423328" lon="-2.973563">
        <ele>283.4</ele>
      </trkpt>
      <trkpt lat="55.423378" lon="-2.973383">
        <ele>282.8</ele>
      </trkpt>
      <trkpt lat="55.423424" lon="-2.9732">
        <ele>282.6</ele>
      </trkpt>
      <trkpt lat="55.42347" lon="-2.973017">
        <ele>282.2</ele>
      </trkpt>
      <trkpt lat="55.423527" lon="-2.972836">
        <ele>281.8</ele>
      </trkpt>
      <trkpt lat="55.42358" lon="-2.972651">
        <ele>281.2</ele>
      </trkpt>
      <trkpt lat="55.42363" lon="-2.972461">
        <ele>280.4</ele>
      </trkpt>
      <trkpt lat="55.423683" lon="-2.972268">
        <ele>280.0</ele>
      </trkpt>
      <trkpt lat="55.423733" lon="-2.972073">
        <ele>279.6</ele>
      </trkpt>
      <trkpt lat="55.423786" lon="-2.971883">
        <ele>279.2</ele>
      </trkpt>
      <trkpt lat="55.423847" lon="-2.971696">
        <ele>278.2</ele>
      </trkpt>
      <trkpt lat="55.423912" lon="-2.971516">
        <ele>277.6</ele>
      </trkpt>
      <trkpt lat="55.423973" lon="-2.971339">
        <ele>276.8</ele>
      </trkpt>
      <trkpt lat="55.424076" lon="-2.971026">
        <ele>276.4</ele>
      </trkpt>
      <trkpt lat="55.424118" lon="-2.970888">
        <ele>275.8</ele>
      </trkpt>
      <trkpt lat="55.424118" lon="-2.970888">
        <ele>274.8</ele>
      </trkpt>
      <trkpt lat="55.424179" lon="-2.970607">
        <ele>274.4</ele>
      </trkpt>
      <trkpt lat="55.424202" lon="-2.970465">
        <ele>273.8</ele>
      </trkpt>
      <trkpt lat="55.424229" lon="-2.97029">
        <ele>273.6</ele>
      </trkpt>
      <trkpt lat="55.424252" lon="-2.970119">
        <ele>273.6</ele>
      </trkpt>
      <trkpt lat="55.424271" lon="-2.969949">
        <ele>273.0</ele>
      </trkpt>
      <trkpt lat="55.42429" lon="-2.969781">
        <ele>273.0</ele>
      </trkpt>
      <trkpt lat="55.424301" lon="-2.969615">
        <ele>272.6</ele>
      </trkpt>
      <trkpt lat="55.424313" lon="-2.969451">
        <ele>272.6</ele>
      </trkpt>
      <trkpt lat="55.424324" lon="-2.96929">
        <ele>272.4</ele>
      </trkpt>
      <trkpt lat="55.424328" lon="-2.96913">
        <ele>272.4</ele>
      </trkpt>
      <trkpt lat="55.424332" lon="-2.968972">
        <ele>272.2</ele>
      </trkpt>
      <trkpt lat="55.424335" lon="-2.968817">
        <ele>272.2</ele>
      </trkpt>
      <trkpt lat="55.424335" lon="-2.968661">
        <ele>272.2</ele>
      </trkpt>
      <trkpt lat="55.424339" lon="-2.968508">
        <ele>272.2</ele>
      </trkpt>
      <trkpt lat="55.424339" lon="-2.968356">
        <ele>272.0</ele>
      </trkpt>
      <trkpt lat="55.424343" lon="-2.968203">
        <ele>272.0</ele>
      </trkpt>
      <trkpt lat="55.424343" lon="-2.968047">
        <ele>272.0</ele>
      </trkpt>
      <trkpt lat="55.424351" lon="-2.967895">
        <ele>272.0</ele>
      </trkpt>
      <trkpt lat="55.42437" lon="-2.967748">
        <ele>272.0</ele>
      </trkpt>
      <trkpt lat="55.424389" lon="-2.967607">
        <ele>272.0</ele>
      </trkpt>
      <trkpt lat="55.424408" lon="-2.96747">
        <ele>272.2</ele>
      </trkpt>
      <trkpt lat="55.424423" lon="-2.967338">
        <ele>272.2</ele>
      </trkpt>
      <trkpt lat="55.424435" lon="-2.967185">
        <ele>272.4</ele>
      </trkpt>
      <trkpt lat="55.424446" lon="-2.967092">
        <ele>272.6</ele>
      </trkpt>
      <trkpt lat="55.424458" lon="-2.966976">
        <ele>272.6</ele>
      </trkpt>
      <trkpt lat="55.424465" lon="-2.966861">
        <ele>272.8</ele>
      </trkpt>
      <trkpt lat="55.424473" lon="-2.966748">
        <ele>272.8</ele>
      </trkpt>
      <trkpt lat="55.424477" lon="-2.966639">
        <ele>273.2</ele>
      </trkpt>
      <trkpt lat="55.424484" lon="-2.966528">
        <ele>273.4</ele>
      </trkpt>
      <trkpt lat="55.4245" lon="-2.966421">
        <ele>273.6</ele>
      </trkpt>
      <trkpt lat="55.424511" lon="-2.966317">
        <ele>274.0</ele>
      </trkpt>
      <trkpt lat="55.424526" lon="-2.966215">
        <ele>274.4</ele>
      </trkpt>
      <trkpt lat="55.424541" lon="-2.966111">
        <ele>274.8</ele>
      </trkpt>
      <trkpt lat="55.424553" lon="-2.966002">
        <ele>275.4</ele>
      </trkpt>
      <trkpt lat="55.424564" lon="-2.965887">
        <ele>275.6</ele>
      </trkpt>
      <trkpt lat="55.424576" lon="-2.965775">
        <ele>276.2</ele>
      </trkpt>
      <trkpt lat="55.424587" lon="-2.96566">
        <ele>276.4</ele>
      </trkpt>
      <trkpt lat="55.424599" lon="-2.965544">
        <ele>276.6</ele>
      </trkpt>
      <trkpt lat="55.424606" lon="-2.965426">
        <ele>276.8</ele>
      </trkpt>
      <trkpt lat="55.424614" lon="-2.965306">
        <ele>277.2</ele>
      </trkpt>
      <trkpt lat="55.424618" lon="-2.965186">
        <ele>277.8</ele>
      </trkpt>
      <trkpt lat="55.424622" lon="-2.965067">
        <ele>278.0</ele>
      </trkpt>
      <trkpt lat="55.424622" lon="-2.964947">
        <ele>278.2</ele>
      </trkpt>
      <trkpt lat="55.424618" lon="-2.964825">
        <ele>278.4</ele>
      </trkpt>
      <trkpt lat="55.424603" lon="-2.964702">
        <ele>278.6</ele>
      </trkpt>
      <trkpt lat="55.424587" lon="-2.964582">
        <ele>278.8</ele>
      </trkpt>
      <trkpt lat="55.424557" lon="-2.964467">
        <ele>278.8</ele>
      </trkpt>
      <trkpt lat="55.424519" lon="-2.964356">
        <ele>278.8</ele>
      </trkpt>
      <trkpt lat="55.424477" lon="-2.964249">
        <ele>278.8</ele>
      </trkpt>
      <trkpt lat="55.424435" lon="-2.964139">
        <ele>278.8</ele>
      </trkpt>
      <trkpt lat="55.424393" lon="-2.964026">
        <ele>279.0</ele>
      </trkpt>
      <trkpt lat="55.424351" lon="-2.963911">
        <ele>279.0</ele>
      </trkpt>
      <trkpt lat="55.424313" lon="-2.963793">
        <ele>279.0</ele>
      </trkpt>
      <trkpt lat="55.424271" lon="-2.963675">
        <ele>279.0</ele>
      </trkpt>
      <trkpt lat="55.424229" lon="-2.963557">
        <ele>279.0</ele>
      </trkpt>
      <trkpt lat="55.424187" lon="-2.963442">
        <ele>279.0</ele>
      </trkpt>
      <trkpt lat="55.424145" lon="-2.963325">
        <ele>279.0</ele>
      </trkpt>
      <trkpt lat="55.42411" lon="-2.96321">
        <ele>279.2</ele>
      </trkpt>
      <trkpt lat="55.42408" lon="-2.9631">
        <ele>279.2</ele>
      </trkpt>
      <trkpt lat="55.424049" lon="-2.962977">
        <ele>279.2</ele>
      </trkpt>
      <trkpt lat="55.424034" lon="-2.962896">
        <ele>279.4</ele>
      </trkpt>
      <trkpt lat="55.424015" lon="-2.962788">
        <ele>279.4</ele>
      </trkpt>
      <trkpt lat="55.423996" lon="-2.96265">
        <ele>279.4</ele>
      </trkpt>
      <trkpt lat="55.423988" lon="-2.962552">
        <ele>279.4</ele>
      </trkpt>
      <trkpt lat="55.423981" lon="-2.962426">
        <ele>279.8</ele>
      </trkpt>
      <trkpt lat="55.423977" lon="-2.962298">
        <ele>279.8</ele>
      </trkpt>
      <trkpt lat="55.423977" lon="-2.96217">
        <ele>280.0</ele>
      </trkpt>
      <trkpt lat="55.423973" lon="-2.962039">
        <ele>280.0</ele>
      </trkpt>
      <trkpt lat="55.423973" lon="-2.961905">
        <ele>280.0</ele>
      </trkpt>
      <trkpt lat="55.423973" lon="-2.961769">
        <ele>280.0</ele>
      </trkpt>
      <trkpt lat="55.423969" lon="-2.961631">
        <ele>280.0</ele>
      </trkpt>
      <trkpt lat="55.423965" lon="-2.961489">
        <ele>280.0</ele>
      </trkpt>
      <trkpt lat="55.423962" lon="-2.961343">
        <ele>280.0</ele>
      </trkpt>
      <trkpt lat="55.423962" lon="-2.961163">
        <ele>279.8</ele>
      </trkpt>
      <trkpt lat="55.423958" lon="-2.96104">
        <ele>279.6</ele>
      </trkpt>
      <trkpt lat="55.423958" lon="-2.960888">
        <ele>279.6</ele>
      </trkpt>
      <trkpt lat="55.423962" lon="-2.960706">
        <ele>279.4</ele>
      </trkpt>
      <trkpt lat="55.423965" lon="-2.960584">
        <ele>279.0</ele>
      </trkpt>
      <trkpt lat="55.423969" lon="-2.960434">
        <ele>278.6</ele>
      </trkpt>
      <trkpt lat="55.423977" lon="-2.960284">
        <ele>278.6</ele>
      </trkpt>
      <trkpt lat="55.423996" lon="-2.960103">
        <ele>278.4</ele>
      </trkpt>
      <trkpt lat="55.424011" lon="-2.959982">
        <ele>278.4</ele>
      </trkpt>
      <trkpt lat="55.424034" lon="-2.959801">
        <ele>278.4</ele>
      </trkpt>
      <trkpt lat="55.424057" lon="-2.959681">
        <ele>278.0</ele>
      </trkpt>
      <trkpt lat="55.424088" lon="-2.959533">
        <ele>278.0</ele>
      </trkpt>
      <trkpt lat="55.424126" lon="-2.959386">
        <ele>277.8</ele>
      </trkpt>
      <trkpt lat="55.424168" lon="-2.95924">
        <ele>277.8</ele>
      </trkpt>
      <trkpt lat="55.424255" lon="-2.958986">
        <ele>277.8</ele>
      </trkpt>
      <trkpt lat="55.424297" lon="-2.958875">
        <ele>277.8</ele>
      </trkpt>
      <trkpt lat="55.424297" lon="-2.958875">
        <ele>277.8</ele>
      </trkpt>
      <trkpt lat="55.424389" lon="-2.958649">
        <ele>277.6</ele>
      </trkpt>
      <trkpt lat="55.424438" lon="-2.958534">
        <ele>277.6</ele>
      </trkpt>
      <trkpt lat="55.424496" lon="-2.958389">
        <ele>277.4</ele>
      </trkpt>
      <trkpt lat="55.424553" lon="-2.958242">
        <ele>277.0</ele>
      </trkpt>
      <trkpt lat="55.424622" lon="-2.958057">
        <ele>276.8</ele>
      </trkpt>
      <trkpt lat="55.424656" lon="-2.957926">
        <ele>276.6</ele>
      </trkpt>
      <trkpt lat="55.424694" lon="-2.957754">
        <ele>276.6</ele>
      </trkpt>
      <trkpt lat="55.424725" lon="-2.957575">
        <ele>276.4</ele>
      </trkpt>
      <trkpt lat="55.42474" lon="-2.957393">
        <ele>276.2</ele>
      </trkpt>
      <trkpt lat="55.424747" lon="-2.957206">
        <ele>276.0</ele>
      </trkpt>
      <trkpt lat="55.42474" lon="-2.956983">
        <ele>275.2</ele>
      </trkpt>
      <trkpt lat="55.424725" lon="-2.956837">
        <ele>275.0</ele>
      </trkpt>
      <trkpt lat="55.424698" lon="-2.956659">
        <ele>275.0</ele>
      </trkpt>
      <trkpt lat="55.424671" lon="-2.95648">
        <ele>274.8</ele>
      </trkpt>
      <trkpt lat="55.424641" lon="-2.956307">
        <ele>274.6</ele>
      </trkpt>
      <trkpt lat="55.424606" lon="-2.95614">
        <ele>274.4</ele>
      </trkpt>
      <trkpt lat="55.424576" lon="-2.95597">
        <ele>274.2</ele>
      </trkpt>
      <trkpt lat="55.424541" lon="-2.955801">
        <ele>274.2</ele>
      </trkpt>
      <trkpt lat="55.424507" lon="-2.955639">
        <ele>274.0</ele>
      </trkpt>
      <trkpt lat="55.424469" lon="-2.955446">
        <ele>273.4</ele>
      </trkpt>
      <trkpt lat="55.424442" lon="-2.955322">
        <ele>273.2</ele>
      </trkpt>
      <trkpt lat="55.424408" lon="-2.955165">
        <ele>273.0</ele>
      </trkpt>
      <trkpt lat="55.424374" lon="-2.955008">
        <ele>272.8</ele>
      </trkpt>
      <trkpt lat="55.424343" lon="-2.954855">
        <ele>272.8</ele>
      </trkpt>
      <trkpt lat="55.424305" lon="-2.954706">
        <ele>272.6</ele>
      </trkpt>
      <trkpt lat="55.424271" lon="-2.954559">
        <ele>272.6</ele>
      </trkpt>
      <trkpt lat="55.424236" lon="-2.954411">
        <ele>272.4</ele>
      </trkpt>
      <trkpt lat="55.424202" lon="-2.954263">
        <ele>272.4</ele>
      </trkpt>
      <trkpt lat="55.424171" lon="-2.954114">
        <ele>272.4</ele>
      </trkpt>
      <trkpt lat="55.424133" lon="-2.953937">
        <ele>272.2</ele>
      </trkpt>
      <trkpt lat="55.42411" lon="-2.953817">
        <ele>272.2</ele>
      </trkpt>
      <trkpt lat="55.424084" lon="-2.953667">
        <ele>272.2</ele>
      </trkpt>
      <trkpt lat="55.424061" lon="-2.953517">
        <ele>272.0</ele>
      </trkpt>
      <trkpt lat="55.424042" lon="-2.953368">
        <ele>272.0</ele>
      </trkpt>
      <trkpt lat="55.424026" lon="-2.95322">
        <ele>272.0</ele>
      </trkpt>
      <trkpt lat="55.424015" lon="-2.953079">
        <ele>272.0</ele>
      </trkpt>
      <trkpt lat="55.424011" lon="-2.952948">
        <ele>272.0</ele>
      </trkpt>
      <trkpt lat="55.424015" lon="-2.952827">
        <ele>272.0</ele>
      </trkpt>
      <trkpt lat="55.424023" lon="-2.952716">
        <ele>272.0</ele>
      </trkpt>
      <trkpt lat="55.424042" lon="-2.952602">
        <ele>272.0</ele>
      </trkpt>
      <trkpt lat="55.424065" lon="-2.952487">
        <ele>272.2</ele>
      </trkpt>
      <trkpt lat="55.424095" lon="-2.952377">
        <ele>272.8</ele>
      </trkpt>
      <trkpt lat="55.424126" lon="-2.952269">
        <ele>273.0</ele>
      </trkpt>
      <trkpt lat="55.424156" lon="-2.95216">
        <ele>273.4</ele>
      </trkpt>
      <trkpt lat="55.424187" lon="-2.952043">
        <ele>273.6</ele>
      </trkpt>
      <trkpt lat="55.424217" lon="-2.951925">
        <ele>273.8</ele>
      </trkpt>
      <trkpt lat="55.424248" lon="-2.951806">
        <ele>273.8</ele>
      </trkpt>
      <trkpt lat="55.424274" lon="-2.951683">
        <ele>274.0</ele>
      </trkpt>
      <trkpt lat="55.424297" lon="-2.951555">
        <ele>274.0</ele>
      </trkpt>
      <trkpt lat="55.42432" lon="-2.951427">
        <ele>274.0</ele>
      </trkpt>
      <trkpt lat="55.424339" lon="-2.951294">
        <ele>274.0</ele>
      </trkpt>
      <trkpt lat="55.424358" lon="-2.95116">
        <ele>274.0</ele>
      </trkpt>
      <trkpt lat="55.424381" lon="-2.951025">
        <ele>274.0</ele>
      </trkpt>
      <trkpt lat="55.424397" lon="-2.950886">
        <ele>274.0</ele>
      </trkpt>
      <trkpt lat="55.424412" lon="-2.950746">
        <ele>274.0</ele>
      </trkpt>
      <trkpt lat="55.424431" lon="-2.950602">
        <ele>274.0</ele>
      </trkpt>
      <trkpt lat="55.42445" lon="-2.950454">
        <ele>274.0</ele>
      </trkpt>
      <trkpt lat="55.424484" lon="-2.9502">
        <ele>274.0</ele>
      </trkpt>
      <trkpt lat="55.4245" lon="-2.950089">
        <ele>274.0</ele>
      </trkpt>
      <trkpt lat="55.4245" lon="-2.950089">
        <ele>274.0</ele>
      </trkpt>
      <trkpt lat="55.42453" lon="-2.949865">
        <ele>274.0</ele>
      </trkpt>
      <trkpt lat="55.424545" lon="-2.949752">
        <ele>274.0</ele>
      </trkpt>
      <trkpt lat="55.424564" lon="-2.949614">
        <ele>273.8</ele>
      </trkpt>
      <trkpt lat="55.424583" lon="-2.949479">
        <ele>273.8</ele>
      </trkpt>
      <trkpt lat="55.424603" lon="-2.949347">
        <ele>273.8</ele>
      </trkpt>
      <trkpt lat="55.424622" lon="-2.949219">
        <ele>273.8</ele>
      </trkpt>
      <trkpt lat="55.424637" lon="-2.949092">
        <ele>273.8</ele>
      </trkpt>
      <trkpt lat="55.424656" lon="-2.948967">
        <ele>273.8</ele>
      </trkpt>
      <trkpt lat="55.424675" lon="-2.948843">
        <ele>274.2</ele>
      </trkpt>
      <trkpt lat="55.424698" lon="-2.948693">
        <ele>274.2</ele>
      </trkpt>
      <trkpt lat="55.424717" lon="-2.948599">
        <ele>274.2</ele>
      </trkpt>
      <trkpt lat="55.424744" lon="-2.948488">
        <ele>274.2</ele>
      </trkpt>
      <trkpt lat="55.424782" lon="-2.948359">
        <ele>274.4</ele>
      </trkpt>
      <trkpt lat="55.424805" lon="-2.948276">
        <ele>274.6</ele>
      </trkpt>
      <trkpt lat="55.424839" lon="-2.948178">
        <ele>274.6</ele>
      </trkpt>
      <trkpt lat="55.424873" lon="-2.948081">
        <ele>274.8</ele>
      </trkpt>
      <trkpt lat="55.424904" lon="-2.947981">
        <ele>274.8</ele>
      </trkpt>
      <trkpt lat="55.424931" lon="-2.947881">
        <ele>275.2</ele>
      </trkpt>
      <trkpt lat="55.424961" lon="-2.947766">
        <ele>275.2</ele>
      </trkpt>
      <trkpt lat="55.424984" lon="-2.947688">
        <ele>275.8</ele>
      </trkpt>
      <trkpt lat="55.425007" lon="-2.94759">
        <ele>276.2</ele>
      </trkpt>
      <trkpt lat="55.42503" lon="-2.94747">
        <ele>276.4</ele>
      </trkpt>
      <trkpt lat="55.425049" lon="-2.947389">
        <ele>276.6</ele>
      </trkpt>
      <trkpt lat="55.425072" lon="-2.947289">
        <ele>276.8</ele>
      </trkpt>
      <trkpt lat="55.425091" lon="-2.94719">
        <ele>277.2</ele>
      </trkpt>
      <trkpt lat="55.42511" lon="-2.947092">
        <ele>277.4</ele>
      </trkpt>
      <trkpt lat="55.425129" lon="-2.946992">
        <ele>277.8</ele>
      </trkpt>
      <trkpt lat="55.425156" lon="-2.946873">
        <ele>278.0</ele>
      </trkpt>
      <trkpt lat="55.425171" lon="-2.946795">
        <ele>278.0</ele>
      </trkpt>
      <trkpt lat="55.425194" lon="-2.946697">
        <ele>278.6</ele>
      </trkpt>
      <trkpt lat="55.425217" lon="-2.9466">
        <ele>278.8</ele>
      </trkpt>
      <trkpt lat="55.425236" lon="-2.946501">
        <ele>279.2</ele>
      </trkpt>
      <trkpt lat="55.425255" lon="-2.946401">
        <ele>279.8</ele>
      </trkpt>
      <trkpt lat="55.425274" lon="-2.946302">
        <ele>280.0</ele>
      </trkpt>
      <trkpt lat="55.425297" lon="-2.946207">
        <ele>280.4</ele>
      </trkpt>
      <trkpt lat="55.42532" lon="-2.94611">
        <ele>280.6</ele>
      </trkpt>
      <trkpt lat="55.425343" lon="-2.946014">
        <ele>281.2</ele>
      </trkpt>
      <trkpt lat="55.425373" lon="-2.945922">
        <ele>281.4</ele>
      </trkpt>
      <trkpt lat="55.4254" lon="-2.945835">
        <ele>281.8</ele>
      </trkpt>
      <trkpt lat="55.425434" lon="-2.945751">
        <ele>282.2</ele>
      </trkpt>
      <trkpt lat="55.425468" lon="-2.94567">
        <ele>282.4</ele>
      </trkpt>
      <trkpt lat="55.425507" lon="-2.945592">
        <ele>282.8</ele>
      </trkpt>
      <trkpt lat="55.425545" lon="-2.945517">
        <ele>283.0</ele>
      </trkpt>
      <trkpt lat="55.425583" lon="-2.945442">
        <ele>283.4</ele>
      </trkpt>
      <trkpt lat="55.425617" lon="-2.945366">
        <ele>283.8</ele>
      </trkpt>
      <trkpt lat="55.425659" lon="-2.945286">
        <ele>284.0</ele>
      </trkpt>
      <trkpt lat="55.425686" lon="-2.945233">
        <ele>284.6</ele>
      </trkpt>
      <trkpt lat="55.425716" lon="-2.945161">
        <ele>284.8</ele>
      </trkpt>
      <trkpt lat="55.425751" lon="-2.94507">
        <ele>285.4</ele>
      </trkpt>
      <trkpt lat="55.425774" lon="-2.945005">
        <ele>285.6</ele>
      </trkpt>
      <trkpt lat="55.425797" lon="-2.944921">
        <ele>286.0</ele>
      </trkpt>
      <trkpt lat="55.425816" lon="-2.944832">
        <ele>286.6</ele>
      </trkpt>
      <trkpt lat="55.425838" lon="-2.944742">
        <ele>286.8</ele>
      </trkpt>
      <trkpt lat="55.425854" lon="-2.944648">
        <ele>287.0</ele>
      </trkpt>
      <trkpt lat="55.425873" lon="-2.944551">
        <ele>287.0</ele>
      </trkpt>
      <trkpt lat="55.425888" lon="-2.944453">
        <ele>287.6</ele>
      </trkpt>
      <trkpt lat="55.4259" lon="-2.944352">
        <ele>287.8</ele>
      </trkpt>
      <trkpt lat="55.425919" lon="-2.944175">
        <ele>288.0</ele>
      </trkpt>
      <trkpt lat="55.425926" lon="-2.944098">
        <ele>288.4</ele>
      </trkpt>
      <trkpt lat="55.425926" lon="-2.944098">
        <ele>288.8</ele>
      </trkpt>
      <trkpt lat="55.42593" lon="-2.943943">
        <ele>289.4</ele>
      </trkpt>
      <trkpt lat="55.42593" lon="-2.943866">
        <ele>289.6</ele>
      </trkpt>
      <trkpt lat="55.425926" lon="-2.943768">
        <ele>290.0</ele>
      </trkpt>
      <trkpt lat="55.425919" lon="-2.943671">
        <ele>290.4</ele>
      </trkpt>
      <trkpt lat="55.425911" lon="-2.943575">
        <ele>290.8</ele>
      </trkpt>
      <trkpt lat="55.425896" lon="-2.943478">
        <ele>291.4</ele>
      </trkpt>
      <trkpt lat="55.425884" lon="-2.943378">
        <ele>291.8</ele>
      </trkpt>
      <trkpt lat="55.425869" lon="-2.943276">
        <ele>292.4</ele>
      </trkpt>
      <trkpt lat="55.425858" lon="-2.943175">
        <ele>292.4</ele>
      </trkpt>
      <trkpt lat="55.425842" lon="-2.943075">
        <ele>292.8</ele>
      </trkpt>
      <trkpt lat="55.425827" lon="-2.942978">
        <ele>293.2</ele>
      </trkpt>
      <trkpt lat="55.425816" lon="-2.942883">
        <ele>293.4</ele>
      </trkpt>
      <trkpt lat="55.425804" lon="-2.942789">
        <ele>293.8</ele>
      </trkpt>
      <trkpt lat="55.425789" lon="-2.942678">
        <ele>293.8</ele>
      </trkpt>
      <trkpt lat="55.425774" lon="-2.942606">
        <ele>294.0</ele>
      </trkpt>
      <trkpt lat="55.425755" lon="-2.94252">
        <ele>294.2</ele>
      </trkpt>
      <trkpt lat="55.425732" lon="-2.942437">
        <ele>294.4</ele>
      </trkpt>
      <trkpt lat="55.425705" lon="-2.942364">
        <ele>295.0</ele>
      </trkpt>
      <trkpt lat="55.425671" lon="-2.942301">
        <ele>295.2</ele>
      </trkpt>
      <trkpt lat="55.425632" lon="-2.94225">
        <ele>295.8</ele>
      </trkpt>
      <trkpt lat="55.425591" lon="-2.942204">
        <ele>296.0</ele>
      </trkpt>
      <trkpt lat="55.425549" lon="-2.942163">
        <ele>296.4</ele>
      </trkpt>
      <trkpt lat="55.425503" lon="-2.942123">
        <ele>297.0</ele>
      </trkpt>
      <trkpt lat="55.425453" lon="-2.942077">
        <ele>297.4</ele>
      </trkpt>
      <trkpt lat="55.425411" lon="-2.942029">
        <ele>297.6</ele>
      </trkpt>
      <trkpt lat="55.425365" lon="-2.941978">
        <ele>297.8</ele>
      </trkpt>
      <trkpt lat="55.42532" lon="-2.941921">
        <ele>298.4</ele>
      </trkpt>
      <trkpt lat="55.425278" lon="-2.94186">
        <ele>299.0</ele>
      </trkpt>
      <trkpt lat="55.42524" lon="-2.941793">
        <ele>299.2</ele>
      </trkpt>
      <trkpt lat="55.425205" lon="-2.941719">
        <ele>299.8</ele>
      </trkpt>
      <trkpt lat="55.425167" lon="-2.941643">
        <ele>300.0</ele>
      </trkpt>
      <trkpt lat="55.425133" lon="-2.94157">
        <ele>300.4</ele>
      </trkpt>
      <trkpt lat="55.425098" lon="-2.9415">
        <ele>300.6</ele>
      </trkpt>
      <trkpt lat="55.42506" lon="-2.941433">
        <ele>301.2</ele>
      </trkpt>
      <trkpt lat="55.425018" lon="-2.94137">
        <ele>301.8</ele>
      </trkpt>
      <trkpt lat="55.424969" lon="-2.94132">
        <ele>302.2</ele>
      </trkpt>
      <trkpt lat="55.424915" lon="-2.941286">
        <ele>302.6</ele>
      </trkpt>
      <trkpt lat="55.424862" lon="-2.941264">
        <ele>303.0</ele>
      </trkpt>
      <trkpt lat="55.424805" lon="-2.941254">
        <ele>303.6</ele>
      </trkpt>
      <trkpt lat="55.424747" lon="-2.941257">
        <ele>304.0</ele>
      </trkpt>
      <trkpt lat="55.42469" lon="-2.94127">
        <ele>304.4</ele>
      </trkpt>
      <trkpt lat="55.424633" lon="-2.941292">
        <ele>304.6</ele>
      </trkpt>
      <trkpt lat="55.42458" lon="-2.941328">
        <ele>304.8</ele>
      </trkpt>
      <trkpt lat="55.424526" lon="-2.941374">
        <ele>305.4</ele>
      </trkpt>
      <trkpt lat="55.424473" lon="-2.941428">
        <ele>305.8</ele>
      </trkpt>
      <trkpt lat="55.424419" lon="-2.941485">
        <ele>306.4</ele>
      </trkpt>
      <trkpt lat="55.42437" lon="-2.941549">
        <ele>306.8</ele>
      </trkpt>
      <trkpt lat="55.42432" lon="-2.941617">
        <ele>307.0</ele>
      </trkpt>
      <trkpt lat="55.424274" lon="-2.941685">
        <ele>307.4</ele>
      </trkpt>
      <trkpt lat="55.424229" lon="-2.941757">
        <ele>307.8</ele>
      </trkpt>
      <trkpt lat="55.424183" lon="-2.941829">
        <ele>308.0</ele>
      </trkpt>
      <trkpt lat="55.424137" lon="-2.941896">
        <ele>308.4</ele>
      </trkpt>
      <trkpt lat="55.424091" lon="-2.941963">
        <ele>308.4</ele>
      </trkpt>
      <trkpt lat="55.424046" lon="-2.94203">
        <ele>308.8</ele>
      </trkpt>
      <trkpt lat="55.424" lon="-2.942094">
        <ele>309.0</ele>
      </trkpt>
      <trkpt lat="55.423954" lon="-2.942153">
        <ele>309.4</ele>
      </trkpt>
      <trkpt lat="55.423908" lon="-2.94221">
        <ele>309.4</ele>
      </trkpt>
      <trkpt lat="55.423859" lon="-2.942261">
        <ele>309.6</ele>
      </trkpt>
      <trkpt lat="55.423805" lon="-2.942305">
        <ele>309.8</ele>
      </trkpt>
      <trkpt lat="55.423756" lon="-2.942341">
        <ele>309.8</ele>
      </trkpt>
      <trkpt lat="55.423702" lon="-2.942368">
        <ele>310.0</ele>
      </trkpt>
      <trkpt lat="55.423649" lon="-2.942384">
        <ele>310.2</ele>
      </trkpt>
      <trkpt lat="55.423595" lon="-2.942394">
        <ele>310.4</ele>
      </trkpt>
      <trkpt lat="55.423542" lon="-2.9424">
        <ele>310.8</ele>
      </trkpt>
      <trkpt lat="55.423489" lon="-2.942402">
        <ele>310.8</ele>
      </trkpt>
      <trkpt lat="55.423435" lon="-2.942402">
        <ele>311.0</ele>
      </trkpt>
      <trkpt lat="55.423386" lon="-2.942398">
        <ele>311.2</ele>
      </trkpt>
      <trkpt lat="55.423328" lon="-2.942388">
        <ele>311.4</ele>
      </trkpt>
      <trkpt lat="55.423275" lon="-2.942368">
        <ele>311.4</ele>
      </trkpt>
      <trkpt lat="55.423225" lon="-2.942342">
        <ele>311.8</ele>
      </trkpt>
      <trkpt lat="55.423172" lon="-2.942316">
        <ele>312.2</ele>
      </trkpt>
      <trkpt lat="55.423122" lon="-2.942291">
        <ele>312.6</ele>
      </trkpt>
      <trkpt lat="55.423069" lon="-2.94227">
        <ele>312.8</ele>
      </trkpt>
      <trkpt lat="55.423016" lon="-2.942244">
        <ele>313.0</ele>
      </trkpt>
      <trkpt lat="55.422958" lon="-2.942225">
        <ele>313.2</ele>
      </trkpt>
      <trkpt lat="55.422905" lon="-2.942212">
        <ele>313.6</ele>
      </trkpt>
      <trkpt lat="55.422848" lon="-2.942199">
        <ele>314.0</ele>
      </trkpt>
      <trkpt lat="55.422794" lon="-2.942182">
        <ele>314.2</ele>
      </trkpt>
      <trkpt lat="55.422737" lon="-2.942165">
        <ele>314.2</ele>
      </trkpt>
      <trkpt lat="55.422684" lon="-2.942145">
        <ele>314.6</ele>
      </trkpt>
      <trkpt lat="55.422626" lon="-2.94212">
        <ele>314.8</ele>
      </trkpt>
      <trkpt lat="55.422573" lon="-2.942085">
        <ele>315.2</ele>
      </trkpt>
      <trkpt lat="55.42252" lon="-2.942042">
        <ele>315.6</ele>
      </trkpt>
      <trkpt lat="55.42247" lon="-2.941998">
        <ele>315.6</ele>
      </trkpt>
      <trkpt lat="55.422421" lon="-2.941948">
        <ele>316.0</ele>
      </trkpt>
      <trkpt lat="55.422375" lon="-2.941897">
        <ele>316.2</ele>
      </trkpt>
      <trkpt lat="55.422329" lon="-2.941847">
        <ele>316.6</ele>
      </trkpt>
      <trkpt lat="55.422249" lon="-2.941777">
        <ele>316.8</ele>
      </trkpt>
      <trkpt lat="55.422199" lon="-2.941741">
        <ele>317.2</ele>
      </trkpt>
      <trkpt lat="55.422199" lon="-2.941741">
        <ele>317.6</ele>
      </trkpt>
      <trkpt lat="55.422119" lon="-2.941684">
        <ele>317.8</ele>
      </trkpt>
      <trkpt lat="55.422073" lon="-2.941656">
        <ele>318.2</ele>
      </trkpt>
      <trkpt lat="55.42202" lon="-2.941622">
        <ele>318.4</ele>
      </trkpt>
      <trkpt lat="55.42197" lon="-2.941583">
        <ele>318.8</ele>
      </trkpt>
      <trkpt lat="55.421921" lon="-2.941542">
        <ele>319.0</ele>
      </trkpt>
      <trkpt lat="55.421867" lon="-2.9415">
        <ele>319.2</ele>
      </trkpt>
      <trkpt lat="55.421822" lon="-2.941455">
        <ele>319.6</ele>
      </trkpt>
      <trkpt lat="55.421772" lon="-2.941404">
        <ele>319.8</ele>
      </trkpt>
      <trkpt lat="55.421726" lon="-2.941348">
        <ele>320.2</ele>
      </trkpt>
      <trkpt lat="55.421684" lon="-2.94129">
        <ele>320.4</ele>
      </trkpt>
      <trkpt lat="55.421642" lon="-2.941226">
        <ele>320.8</ele>
      </trkpt>
      <trkpt lat="55.421608" lon="-2.941155">
        <ele>321.4</ele>
      </trkpt>
      <trkpt lat="55.421577" lon="-2.941079">
        <ele>321.6</ele>
      </trkpt>
      <trkpt lat="55.421543" lon="-2.940988">
        <ele>321.8</ele>
      </trkpt>
      <trkpt lat="55.421516" lon="-2.940928">
        <ele>322.2</ele>
      </trkpt>
      <trkpt lat="55.421482" lon="-2.940854">
        <ele>322.8</ele>
      </trkpt>
      <trkpt lat="55.421452" lon="-2.940782">
        <ele>323.2</ele>
      </trkpt>
      <trkpt lat="55.421417" lon="-2.940701">
        <ele>323.4</ele>
      </trkpt>
      <trkpt lat="55.421387" lon="-2.940622">
        <ele>323.8</ele>
      </trkpt>
      <trkpt lat="55.421356" lon="-2.940545">
        <ele>324.0</ele>
      </trkpt>
      <trkpt lat="55.421318" lon="-2.94047">
        <ele>324.6</ele>
      </trkpt>
      <trkpt lat="55.42128" lon="-2.940398">
        <ele>324.8</ele>
      </trkpt>
      <trkpt lat="55.421238" lon="-2.940329">
        <ele>325.2</ele>
      </trkpt>
      <trkpt lat="55.421192" lon="-2.940267">
        <ele>325.6</ele>
      </trkpt>
      <trkpt lat="55.421146" lon="-2.940211">
        <ele>325.8</ele>
      </trkpt>
      <trkpt lat="55.421097" lon="-2.940156">
        <ele>326.0</ele>
      </trkpt>
      <trkpt lat="55.421051" lon="-2.940104">
        <ele>326.0</ele>
      </trkpt>
      <trkpt lat="55.420998" lon="-2.940056">
        <ele>326.4</ele>
      </trkpt>
      <trkpt lat="55.420948" lon="-2.940007">
        <ele>326.4</ele>
      </trkpt>
      <trkpt lat="55.420898" lon="-2.939959">
        <ele>326.8</ele>
      </trkpt>
      <trkpt lat="55.420853" lon="-2.939907">
        <ele>327.2</ele>
      </trkpt>
      <trkpt lat="55.420803" lon="-2.939855">
        <ele>327.4</ele>
      </trkpt>
      <trkpt lat="55.420757" lon="-2.939806">
        <ele>327.8</ele>
      </trkpt>
      <trkpt lat="55.420708" lon="-2.939755">
        <ele>327.8</ele>
      </trkpt>
      <trkpt lat="55.420662" lon="-2.939699">
        <ele>328.0</ele>
      </trkpt>
      <trkpt lat="55.420616" lon="-2.939641">
        <ele>328.2</ele>
      </trkpt>
      <trkpt lat="55.42057" lon="-2.939577">
        <ele>328.4</ele>
      </trkpt>
      <trkpt lat="55.420525" lon="-2.939504">
        <ele>328.6</ele>
      </trkpt>
      <trkpt lat="55.420479" lon="-2.93942">
        <ele>328.6</ele>
      </trkpt>
      <trkpt lat="55.420433" lon="-2.939329">
        <ele>328.8</ele>
      </trkpt>
      <trkpt lat="55.420391" lon="-2.939231">
        <ele>329.0</ele>
      </trkpt>
      <trkpt lat="55.420353" lon="-2.939124">
        <ele>329.2</ele>
      </trkpt>
      <trkpt lat="55.420319" lon="-2.939009">
        <ele>329.2</ele>
      </trkpt>
      <trkpt lat="55.420288" lon="-2.938884">
        <ele>329.2</ele>
      </trkpt>
      <trkpt lat="55.420269" lon="-2.938718">
        <ele>329.2</ele>
      </trkpt>
      <trkpt lat="55.420265" lon="-2.938596">
        <ele>329.0</ele>
      </trkpt>
      <trkpt lat="55.420273" lon="-2.93844">
        <ele>328.8</ele>
      </trkpt>
      <trkpt lat="55.420292" lon="-2.938248">
        <ele>328.4</ele>
      </trkpt>
      <trkpt lat="55.420311" lon="-2.938079">
        <ele>328.2</ele>
      </trkpt>
      <trkpt lat="55.42033" lon="-2.937908">
        <ele>327.6</ele>
      </trkpt>
      <trkpt lat="55.420345" lon="-2.937771">
        <ele>327.4</ele>
      </trkpt>
      <trkpt lat="55.420364" lon="-2.937574">
        <ele>326.8</ele>
      </trkpt>
      <trkpt lat="55.420364" lon="-2.93741">
        <ele>326.4</ele>
      </trkpt>
      <trkpt lat="55.420345" lon="-2.937254">
        <ele>325.4</ele>
      </trkpt>
      <trkpt lat="55.4203" lon="-2.937116">
        <ele>324.8</ele>
      </trkpt>
      <trkpt lat="55.42025" lon="-2.937025">
        <ele>324.4</ele>
      </trkpt>
      <trkpt lat="55.42017" lon="-2.936944">
        <ele>323.6</ele>
      </trkpt>
      <trkpt lat="55.419994" lon="-2.936869">
        <ele>323.0</ele>
      </trkpt>
      <trkpt lat="55.41991" lon="-2.936839">
        <ele>322.0</ele>
      </trkpt>
      <trkpt lat="55.41991" lon="-2.936839">
        <ele>321.0</ele>
      </trkpt>
      <trkpt lat="55.419743" lon="-2.936722">
        <ele>320.0</ele>
      </trkpt>
      <trkpt lat="55.419662" lon="-2.936638">
        <ele>318.4</ele>
      </trkpt>
      <trkpt lat="55.419544" lon="-2.936499">
        <ele>318.0</ele>
      </trkpt>
      <trkpt lat="55.419449" lon="-2.936363">
        <ele>316.8</ele>
      </trkpt>
      <trkpt lat="55.419353" lon="-2.936213">
        <ele>316.0</ele>
      </trkpt>
      <trkpt lat="55.419281" lon="-2.936087">
        <ele>314.8</ele>
      </trkpt>
      <trkpt lat="55.419193" lon="-2.935918">
        <ele>313.8</ele>
      </trkpt>
      <trkpt lat="55.419113" lon="-2.935733">
        <ele>313.2</ele>
      </trkpt>
      <trkpt lat="55.419029" lon="-2.935491">
        <ele>312.2</ele>
      </trkpt>
      <trkpt lat="55.41898" lon="-2.935264">
        <ele>311.6</ele>
      </trkpt>
      <trkpt lat="55.418941" lon="-2.935025">
        <ele>310.0</ele>
      </trkpt>
      <trkpt lat="55.418919" lon="-2.934778">
        <ele>308.2</ele>
      </trkpt>
      <trkpt lat="55.4189" lon="-2.934576">
        <ele>306.2</ele>
      </trkpt>
      <trkpt lat="55.418869" lon="-2.934271">
        <ele>304.4</ele>
      </trkpt>
      <trkpt lat="55.418842" lon="-2.934016">
        <ele>303.8</ele>
      </trkpt>
      <trkpt lat="55.418816" lon="-2.93376">
        <ele>303.4</ele>
      </trkpt>
      <trkpt lat="55.418797" lon="-2.933555">
        <ele>302.6</ele>
      </trkpt>
      <trkpt lat="55.418758" lon="-2.933301">
        <ele>301.2</ele>
      </trkpt>
      <trkpt lat="55.418709" lon="-2.933004">
        <ele>299.4</ele>
      </trkpt>
      <trkpt lat="55.418655" lon="-2.932763">
        <ele>298.8</ele>
      </trkpt>
      <trkpt lat="55.418594" lon="-2.932528">
        <ele>297.8</ele>
      </trkpt>
      <trkpt lat="55.418537" lon="-2.932304">
        <ele>296.8</ele>
      </trkpt>
      <trkpt lat="55.41848" lon="-2.932085">
        <ele>294.2</ele>
      </trkpt>
      <trkpt lat="55.41843" lon="-2.931865">
        <ele>293.2</ele>
      </trkpt>
      <trkpt lat="55.418396" lon="-2.93164">
        <ele>291.8</ele>
      </trkpt>
      <trkpt lat="55.418377" lon="-2.931412">
        <ele>291.0</ele>
      </trkpt>
      <trkpt lat="55.418358" lon="-2.931184">
        <ele>290.8</ele>
      </trkpt>
      <trkpt lat="55.418335" lon="-2.930958">
        <ele>289.4</ele>
      </trkpt>
      <trkpt lat="55.418304" lon="-2.930738">
        <ele>288.4</ele>
      </trkpt>
      <trkpt lat="55.418266" lon="-2.930522">
        <ele>287.0</ele>
      </trkpt>
      <trkpt lat="55.418224" lon="-2.930308">
        <ele>286.2</ele>
      </trkpt>
      <trkpt lat="55.418186" lon="-2.93009">
        <ele>285.8</ele>
      </trkpt>
      <trkpt lat="55.418152" lon="-2.929861">
        <ele>285.2</ele>
      </trkpt>
      <trkpt lat="55.418125" lon="-2.929626">
        <ele>284.4</ele>
      </trkpt>
      <trkpt lat="55.418114" lon="-2.929393">
        <ele>283.2</ele>
      </trkpt>
      <trkpt lat="55.418102" lon="-2.929155">
        <ele>282.8</ele>
      </trkpt>
      <trkpt lat="55.418091" lon="-2.928919">
        <ele>281.6</ele>
      </trkpt>
      <trkpt lat="55.418076" lon="-2.928678">
        <ele>280.8</ele>
      </trkpt>
      <trkpt lat="55.418064" lon="-2.928431">
        <ele>280.4</ele>
      </trkpt>
      <trkpt lat="55.41806" lon="-2.928174">
        <ele>279.4</ele>
      </trkpt>
      <trkpt lat="55.418064" lon="-2.927914">
        <ele>278.6</ele>
      </trkpt>
      <trkpt lat="55.418076" lon="-2.927657">
        <ele>277.6</ele>
      </trkpt>
      <trkpt lat="55.418095" lon="-2.927395">
        <ele>276.0</ele>
      </trkpt>
      <trkpt lat="55.418114" lon="-2.92713">
        <ele>275.2</ele>
      </trkpt>
      <trkpt lat="55.418133" lon="-2.926864">
        <ele>273.6</ele>
      </trkpt>
      <trkpt lat="55.418148" lon="-2.926605">
        <ele>272.6</ele>
      </trkpt>
      <trkpt lat="55.418159" lon="-2.926366">
        <ele>271.2</ele>
      </trkpt>
      <trkpt lat="55.418159" lon="-2.926151">
        <ele>270.4</ele>
      </trkpt>
      <trkpt lat="55.418148" lon="-2.925952">
        <ele>269.0</ele>
      </trkpt>
      <trkpt lat="55.41811" lon="-2.925763">
        <ele>267.6</ele>
      </trkpt>
      <trkpt lat="55.418049" lon="-2.925585">
        <ele>266.8</ele>
      </trkpt>
      <trkpt lat="55.417976" lon="-2.925419">
        <ele>265.4</ele>
      </trkpt>
      <trkpt lat="55.417892" lon="-2.925257">
        <ele>264.4</ele>
      </trkpt>
      <trkpt lat="55.417816" lon="-2.925086">
        <ele>263.2</ele>
      </trkpt>
      <trkpt lat="55.41774" lon="-2.924909">
        <ele>262.0</ele>
      </trkpt>
      <trkpt lat="55.417667" lon="-2.92473">
        <ele>260.0</ele>
      </trkpt>
      <trkpt lat="55.417599" lon="-2.924543">
        <ele>258.6</ele>
      </trkpt>
      <trkpt lat="55.417534" lon="-2.924348">
        <ele>257.4</ele>
      </trkpt>
      <trkpt lat="55.417477" lon="-2.924146">
        <ele>255.8</ele>
      </trkpt>
      <trkpt lat="55.417431" lon="-2.923938">
        <ele>255.4</ele>
      </trkpt>
      <trkpt lat="55.417393" lon="-2.923731">
        <ele>254.2</ele>
      </trkpt>
      <trkpt lat="55.417351" lon="-2.923536">
        <ele>253.0</ele>
      </trkpt>
      <trkpt lat="55.417297" lon="-2.923355">
        <ele>252.4</ele>
      </trkpt>
      <trkpt lat="55.41724" lon="-2.923185">
        <ele>251.6</ele>
      </trkpt>
      <trkpt lat="55.417179" lon="-2.923024">
        <ele>251.2</ele>
      </trkpt>
      <trkpt lat="55.417118" lon="-2.922867">
        <ele>250.6</ele>
      </trkpt>
      <trkpt lat="55.417061" lon="-2.922713">
        <ele>250.4</ele>
      </trkpt>
      <trkpt lat="55.417004" lon="-2.922569">
        <ele>250.0</ele>
      </trkpt>
      <trkpt lat="55.416954" lon="-2.922434">
        <ele>250.0</ele>
      </trkpt>
      <trkpt lat="55.416908" lon="-2.922303">
        <ele>249.8</ele>
      </trkpt>
      <trkpt lat="55.416862" lon="-2.922177">
        <ele>250.0</ele>
      </trkpt>
      <trkpt lat="55.416813" lon="-2.922057">
        <ele>250.0</ele>
      </trkpt>
      <trkpt lat="55.416767" lon="-2.921945">
        <ele>250.2</ele>
      </trkpt>
      <trkpt lat="55.416714" lon="-2.921838">
        <ele>250.2</ele>
      </trkpt>
      <trkpt lat="55.41666" lon="-2.921736">
        <ele>250.2</ele>
      </trkpt>
      <trkpt lat="55.416599" lon="-2.921635">
        <ele>250.4</ele>
      </trkpt>
      <trkpt lat="55.416534" lon="-2.92153">
        <ele>250.6</ele>
      </trkpt>
      <trkpt lat="55.416458" lon="-2.921428">
        <ele>250.6</ele>
      </trkpt>
      <trkpt lat="55.416374" lon="-2.921327">
        <ele>250.6</ele>
      </trkpt>
      <trkpt lat="55.41629" lon="-2.921228">
        <ele>250.6</ele>
      </trkpt>
      <trkpt lat="55.416203" lon="-2.921136">
        <ele>250.6</ele>
      </trkpt>
      <trkpt lat="55.416111" lon="-2.921051">
        <ele>250.6</ele>
      </trkpt>
      <trkpt lat="55.416019" lon="-2.920954">
        <ele>250.2</ele>
      </trkpt>
      <trkpt lat="55.415932" lon="-2.920837">
        <ele>250.2</ele>
      </trkpt>
      <trkpt lat="55.415867" lon="-2.920732">
        <ele>249.6</ele>
      </trkpt>
      <trkpt lat="55.415783" lon="-2.920563">
        <ele>248.6</ele>
      </trkpt>
      <trkpt lat="55.415726" lon="-2.920407">
        <ele>248.4</ele>
      </trkpt>
      <trkpt lat="55.415665" lon="-2.920127">
        <ele>247.6</ele>
      </trkpt>
      <trkpt lat="55.415638" lon="-2.91996">
        <ele>247.0</ele>
      </trkpt>
      <trkpt lat="55.415638" lon="-2.91996">
        <ele>246.0</ele>
      </trkpt>
      <trkpt lat="55.415604" lon="-2.919752">
        <ele>245.8</ele>
      </trkpt>
      <trkpt lat="55.415596" lon="-2.919616">
        <ele>245.2</ele>
      </trkpt>
      <trkpt lat="55.415607" lon="-2.91948">
        <ele>244.2</ele>
      </trkpt>
      <trkpt lat="55.415634" lon="-2.919386">
        <ele>243.8</ele>
      </trkpt>
      <trkpt lat="55.415695" lon="-2.919266">
        <ele>243.2</ele>
      </trkpt>
      <trkpt lat="55.41576" lon="-2.9192">
        <ele>243.0</ele>
      </trkpt>
      <trkpt lat="55.415829" lon="-2.919144">
        <ele>242.4</ele>
      </trkpt>
      <trkpt lat="55.415901" lon="-2.919088">
        <ele>242.2</ele>
      </trkpt>
      <trkpt lat="55.415958" lon="-2.919041">
        <ele>241.4</ele>
      </trkpt>
      <trkpt lat="55.416039" lon="-2.918957">
        <ele>240.2</ele>
      </trkpt>
      <trkpt lat="55.4161" lon="-2.918878">
        <ele>239.8</ele>
      </trkpt>
      <trkpt lat="55.416161" lon="-2.918784">
        <ele>239.4</ele>
      </trkpt>
      <trkpt lat="55.416218" lon="-2.91868">
        <ele>239.4</ele>
      </trkpt>
      <trkpt lat="55.416279" lon="-2.918574">
        <ele>239.2</ele>
      </trkpt>
      <trkpt lat="55.41634" lon="-2.918466">
        <ele>239.0</ele>
      </trkpt>
      <trkpt lat="55.416405" lon="-2.91836">
        <ele>239.0</ele>
      </trkpt>
      <trkpt lat="55.416473" lon="-2.918254">
        <ele>238.6</ele>
      </trkpt>
      <trkpt lat="55.416542" lon="-2.91815">
        <ele>238.6</ele>
      </trkpt>
      <trkpt lat="55.416611" lon="-2.918047">
        <ele>238.6</ele>
      </trkpt>
      <trkpt lat="55.416679" lon="-2.917947">
        <ele>238.4</ele>
      </trkpt>
      <trkpt lat="55.416756" lon="-2.917845">
        <ele>238.4</ele>
      </trkpt>
      <trkpt lat="55.416813" lon="-2.917763">
        <ele>238.2</ele>
      </trkpt>
      <trkpt lat="55.416904" lon="-2.917638">
        <ele>238.0</ele>
      </trkpt>
      <trkpt lat="55.416985" lon="-2.917527">
        <ele>237.8</ele>
      </trkpt>
      <trkpt lat="55.417061" lon="-2.917417">
        <ele>237.4</ele>
      </trkpt>
      <trkpt lat="55.417145" lon="-2.917311">
        <ele>237.2</ele>
      </trkpt>
      <trkpt lat="55.417233" lon="-2.917216">
        <ele>236.4</ele>
      </trkpt>
      <trkpt lat="55.41732" lon="-2.917138">
        <ele>236.4</ele>
      </trkpt>
      <trkpt lat="55.417408" lon="-2.917073">
        <ele>235.8</ele>
      </trkpt>
      <trkpt lat="55.417496" lon="-2.917014">
        <ele>235.4</ele>
      </trkpt>
      <trkpt lat="55.41758" lon="-2.916956">
        <ele>234.8</ele>
      </trkpt>
      <trkpt lat="55.41766" lon="-2.916899">
        <ele>234.8</ele>
      </trkpt>
      <trkpt lat="55.41774" lon="-2.916843">
        <ele>234.8</ele>
      </trkpt>
      <trkpt lat="55.41782" lon="-2.916787">
        <ele>234.4</ele>
      </trkpt>
      <trkpt lat="55.417896" lon="-2.916729">
        <ele>234.4</ele>
      </trkpt>
      <trkpt lat="55.417973" lon="-2.916667">
        <ele>234.4</ele>
      </trkpt>
      <trkpt lat="55.418045" lon="-2.916596">
        <ele>234.6</ele>
      </trkpt>
      <trkpt lat="55.418118" lon="-2.916514">
        <ele>234.6</ele>
      </trkpt>
      <trkpt lat="55.418182" lon="-2.916416">
        <ele>234.6</ele>
      </trkpt>
      <trkpt lat="55.418251" lon="-2.9163">
        <ele>234.6</ele>
      </trkpt>
      <trkpt lat="55.41832" lon="-2.91617">
        <ele>234.6</ele>
      </trkpt>
      <trkpt lat="55.418385" lon="-2.916032">
        <ele>234.6</ele>
      </trkpt>
      <trkpt lat="55.418442" lon="-2.915886">
        <ele>234.4</ele>
      </trkpt>
      <trkpt lat="55.418488" lon="-2.915735">
        <ele>234.2</ele>
      </trkpt>
      <trkpt lat="55.418526" lon="-2.915585">
        <ele>234.2</ele>
      </trkpt>
      <trkpt lat="55.418549" lon="-2.915435">
        <ele>234.2</ele>
      </trkpt>
      <trkpt lat="55.418552" lon="-2.915277">
        <ele>233.6</ele>
      </trkpt>
      <trkpt lat="55.418545" lon="-2.915147">
        <ele>233.2</ele>
      </trkpt>
      <trkpt lat="55.418522" lon="-2.914945">
        <ele>233.2</ele>
      </trkpt>
      <trkpt lat="55.418495" lon="-2.914779">
        <ele>232.8</ele>
      </trkpt>
      <trkpt lat="55.418465" lon="-2.914612">
        <ele>232.6</ele>
      </trkpt>
      <trkpt lat="55.418442" lon="-2.914436">
        <ele>232.6</ele>
      </trkpt>
      <trkpt lat="55.418442" lon="-2.914283">
        <ele>232.4</ele>
      </trkpt>
      <trkpt lat="55.418449" lon="-2.914055">
        <ele>232.4</ele>
      </trkpt>
      <trkpt lat="55.418461" lon="-2.91387">
        <ele>231.8</ele>
      </trkpt>
      <trkpt lat="55.41848" lon="-2.913685">
        <ele>231.4</ele>
      </trkpt>
      <trkpt lat="55.418499" lon="-2.913496">
        <ele>230.6</ele>
      </trkpt>
      <trkpt lat="55.418522" lon="-2.913302">
        <ele>229.4</ele>
      </trkpt>
      <trkpt lat="55.418541" lon="-2.913102">
        <ele>229.0</ele>
      </trkpt>
      <trkpt lat="55.418556" lon="-2.912898">
        <ele>228.2</ele>
      </trkpt>
      <trkpt lat="55.418571" lon="-2.912692">
        <ele>227.8</ele>
      </trkpt>
      <trkpt lat="55.418579" lon="-2.912483">
        <ele>227.0</ele>
      </trkpt>
      <trkpt lat="55.418587" lon="-2.912277">
        <ele>226.4</ele>
      </trkpt>
      <trkpt lat="55.418591" lon="-2.912072">
        <ele>226.0</ele>
      </trkpt>
      <trkpt lat="55.418591" lon="-2.911869">
        <ele>225.0</ele>
      </trkpt>
      <trkpt lat="55.418602" lon="-2.911666">
        <ele>224.4</ele>
      </trkpt>
      <trkpt lat="55.418625" lon="-2.911462">
        <ele>223.2</ele>
      </trkpt>
      <trkpt lat="55.418659" lon="-2.911264">
        <ele>222.8</ele>
      </trkpt>
      <trkpt lat="55.418709" lon="-2.911069">
        <ele>221.6</ele>
      </trkpt>
      <trkpt lat="55.41877" lon="-2.910882">
        <ele>220.8</ele>
      </trkpt>
      <trkpt lat="55.418831" lon="-2.910693">
        <ele>220.6</ele>
      </trkpt>
      <trkpt lat="55.418896" lon="-2.910499">
        <ele>219.0</ele>
      </trkpt>
      <trkpt lat="55.418957" lon="-2.910305">
        <ele>218.8</ele>
      </trkpt>
      <trkpt lat="55.419014" lon="-2.910111">
        <ele>218.0</ele>
      </trkpt>
      <trkpt lat="55.419067" lon="-2.909916">
        <ele>217.2</ele>
      </trkpt>
      <trkpt lat="55.419121" lon="-2.909719">
        <ele>216.6</ele>
      </trkpt>
      <trkpt lat="55.41917" lon="-2.909522">
        <ele>215.2</ele>
      </trkpt>
      <trkpt lat="55.419216" lon="-2.909328">
        <ele>214.6</ele>
      </trkpt>
      <trkpt lat="55.419262" lon="-2.909134">
        <ele>213.8</ele>
      </trkpt>
      <trkpt lat="55.419308" lon="-2.908933">
        <ele>213.4</ele>
      </trkpt>
      <trkpt lat="55.41935" lon="-2.908727">
        <ele>212.6</ele>
      </trkpt>
      <trkpt lat="55.419388" lon="-2.908518">
        <ele>212.0</ele>
      </trkpt>
      <trkpt lat="55.419426" lon="-2.908303">
        <ele>211.8</ele>
      </trkpt>
      <trkpt lat="55.41946" lon="-2.908087">
        <ele>211.2</ele>
      </trkpt>
      <trkpt lat="55.419495" lon="-2.907866">
        <ele>210.8</ele>
      </trkpt>
      <trkpt lat="55.419537" lon="-2.907645">
        <ele>210.0</ele>
      </trkpt>
      <trkpt lat="55.419582" lon="-2.907427">
        <ele>209.2</ele>
      </trkpt>
      <trkpt lat="55.419674" lon="-2.907079">
        <ele>208.8</ele>
      </trkpt>
      <trkpt lat="55.419735" lon="-2.906857">
        <ele>207.6</ele>
      </trkpt>
      <trkpt lat="55.419735" lon="-2.906857">
        <ele>207.0</ele>
      </trkpt>
      <trkpt lat="55.419796" lon="-2.906527">
        <ele>206.2</ele>
      </trkpt>
      <trkpt lat="55.419834" lon="-2.906284">
        <ele>205.6</ele>
      </trkpt>
      <trkpt lat="55.419861" lon="-2.906085">
        <ele>204.2</ele>
      </trkpt>
      <trkpt lat="55.419888" lon="-2.905779">
        <ele>203.2</ele>
      </trkpt>
      <trkpt lat="55.419891" lon="-2.905518">
        <ele>202.4</ele>
      </trkpt>
      <trkpt lat="55.41988" lon="-2.90531">
        <ele>201.0</ele>
      </trkpt>
      <trkpt lat="55.419861" lon="-2.905051">
        <ele>200.2</ele>
      </trkpt>
      <trkpt lat="55.419838" lon="-2.90479">
        <ele>198.6</ele>
      </trkpt>
      <trkpt lat="55.419819" lon="-2.904521">
        <ele>196.2</ele>
      </trkpt>
      <trkpt lat="55.4198" lon="-2.904195">
        <ele>195.4</ele>
      </trkpt>
      <trkpt lat="55.419781" lon="-2.903977">
        <ele>194.2</ele>
      </trkpt>
      <trkpt lat="55.419758" lon="-2.903705">
        <ele>193.4</ele>
      </trkpt>
      <trkpt lat="55.419735" lon="-2.903387">
        <ele>191.8</ele>
      </trkpt>
      <trkpt lat="55.419724" lon="-2.903125">
        <ele>190.6</ele>
      </trkpt>
      <trkpt lat="55.41972" lon="-2.902915">
        <ele>188.6</ele>
      </trkpt>
      <trkpt lat="55.419716" lon="-2.902651">
        <ele>187.6</ele>
      </trkpt>
      <trkpt lat="55.419708" lon="-2.902389">
        <ele>187.2</ele>
      </trkpt>
      <trkpt lat="55.419693" lon="-2.902131">
        <ele>186.2</ele>
      </trkpt>
      <trkpt lat="55.419662" lon="-2.901826">
        <ele>185.6</ele>
      </trkpt>
      <trkpt lat="55.41964" lon="-2.901627">
        <ele>184.6</ele>
      </trkpt>
      <trkpt lat="55.419605" lon="-2.901386">
        <ele>183.4</ele>
      </trkpt>
      <trkpt lat="55.419571" lon="-2.901148">
        <ele>182.8</ele>
      </trkpt>
      <trkpt lat="55.419533" lon="-2.900868">
        <ele>182.0</ele>
      </trkpt>
      <trkpt lat="55.419498" lon="-2.900635">
        <ele>181.2</ele>
      </trkpt>
      <trkpt lat="55.41946" lon="-2.900403">
        <ele>179.6</ele>
      </trkpt>
      <trkpt lat="55.419434" lon="-2.900222">
        <ele>179.2</ele>
      </trkpt>
      <trkpt lat="55.419399" lon="-2.899999">
        <ele>178.2</ele>
      </trkpt>
      <trkpt lat="55.419365" lon="-2.899734">
        <ele>177.6</ele>
      </trkpt>
      <trkpt lat="55.41935" lon="-2.899512">
        <ele>177.4</ele>
      </trkpt>
      <trkpt lat="55.41935" lon="-2.899333">
        <ele>176.4</ele>
      </trkpt>
      <trkpt lat="55.419353" lon="-2.899066">
        <ele>175.8</ele>
      </trkpt>
      <trkpt lat="55.419357" lon="-2.898843">
        <ele>175.0</ele>
      </trkpt>
      <trkpt lat="55.419353" lon="-2.898617">
        <ele>174.4</ele>
      </trkpt>
      <trkpt lat="55.419338" lon="-2.898434">
        <ele>174.4</ele>
      </trkpt>
      <trkpt lat="55.419308" lon="-2.898204">
        <ele>174.2</ele>
      </trkpt>
      <trkpt lat="55.41925" lon="-2.897933">
        <ele>173.8</ele>
      </trkpt>
      <trkpt lat="55.419197" lon="-2.897712">
        <ele>173.0</ele>
      </trkpt>
      <trkpt lat="55.419151" lon="-2.89754">
        <ele>172.4</ele>
      </trkpt>
      <trkpt lat="55.419094" lon="-2.897333">
        <ele>171.4</ele>
      </trkpt>
      <trkpt lat="55.419025" lon="-2.897104">
        <ele>169.6</ele>
      </trkpt>
      <trkpt lat="55.418983" lon="-2.896919">
        <ele>168.8</ele>
      </trkpt>
      <trkpt lat="55.418953" lon="-2.896735">
        <ele>167.0</ele>
      </trkpt>
      <trkpt lat="55.418934" lon="-2.896589">
        <ele>166.6</ele>
      </trkpt>
      <trkpt lat="55.418911" lon="-2.896411">
        <ele>166.0</ele>
      </trkpt>
      <trkpt lat="55.418884" lon="-2.8962">
        <ele>166.0</ele>
      </trkpt>
      <trkpt lat="55.418861" lon="-2.896025">
        <ele>165.8</ele>
      </trkpt>
      <trkpt lat="55.418846" lon="-2.895882">
        <ele>165.8</ele>
      </trkpt>
      <trkpt lat="55.418823" lon="-2.895704">
        <ele>165.8</ele>
      </trkpt>
      <trkpt lat="55.418793" lon="-2.895497">
        <ele>165.6</ele>
      </trkpt>
      <trkpt lat="55.418774" lon="-2.895366">
        <ele>165.8</ele>
      </trkpt>
      <trkpt lat="55.418743" lon="-2.895175">
        <ele>165.8</ele>
      </trkpt>
      <trkpt lat="55.418728" lon="-2.895049">
        <ele>166.2</ele>
      </trkpt>
      <trkpt lat="55.418705" lon="-2.894892">
        <ele>166.2</ele>
      </trkpt>
      <trkpt lat="55.418678" lon="-2.894705">
        <ele>166.4</ele>
      </trkpt>
      <trkpt lat="55.418652" lon="-2.894551">
        <ele>166.6</ele>
      </trkpt>
      <trkpt lat="55.418633" lon="-2.89443">
        <ele>166.8</ele>
      </trkpt>
      <trkpt lat="55.418606" lon="-2.894281">
        <ele>167.0</ele>
      </trkpt>
      <trkpt lat="55.418579" lon="-2.894132">
        <ele>167.2</ele>
      </trkpt>
      <trkpt lat="55.418545" lon="-2.893955">
        <ele>167.4</ele>
      </trkpt>
      <trkpt lat="55.41851" lon="-2.893813">
        <ele>167.6</ele>
      </trkpt>
      <trkpt lat="55.418488" lon="-2.893703">
        <ele>167.8</ele>
      </trkpt>
      <trkpt lat="55.418453" lon="-2.893564">
        <ele>167.8</ele>
      </trkpt>
      <trkpt lat="55.418419" lon="-2.89342">
        <ele>168.0</ele>
      </trkpt>
      <trkpt lat="55.418377" lon="-2.893242">
        <ele>168.0</ele>
      </trkpt>
      <trkpt lat="55.41835" lon="-2.893124">
        <ele>168.0</ele>
      </trkpt>
      <trkpt lat="55.418316" lon="-2.892965">
        <ele>168.2</ele>
      </trkpt>
      <trkpt lat="55.418278" lon="-2.892763">
        <ele>168.2</ele>
      </trkpt>
      <trkpt lat="55.418255" lon="-2.892622">
        <ele>168.0</ele>
      </trkpt>
      <trkpt lat="55.418228" lon="-2.892409">
        <ele>168.0</ele>
      </trkpt>
      <trkpt lat="55.418209" lon="-2.892262">
        <ele>168.0</ele>
      </trkpt>
      <trkpt lat="55.418186" lon="-2.892077">
        <ele>167.6</ele>
      </trkpt>
      <trkpt lat="55.418159" lon="-2.891855">
        <ele>167.4</ele>
      </trkpt>
      <trkpt lat="55.41814" lon="-2.891674">
        <ele>166.8</ele>
      </trkpt>
      <trkpt lat="55.418121" lon="-2.891534">
        <ele>166.6</ele>
      </trkpt>
      <trkpt lat="55.418102" lon="-2.891359">
        <ele>166.2</ele>
      </trkpt>
      <trkpt lat="55.418087" lon="-2.891184">
        <ele>166.0</ele>
      </trkpt>
      <trkpt lat="55.418072" lon="-2.891012">
        <ele>166.0</ele>
      </trkpt>
      <trkpt lat="55.418056" lon="-2.890839">
        <ele>165.8</ele>
      </trkpt>
      <trkpt lat="55.418041" lon="-2.890671">
        <ele>165.8</ele>
      </trkpt>
      <trkpt lat="55.418026" lon="-2.890504">
        <ele>165.8</ele>
      </trkpt>
      <trkpt lat="55.418015" lon="-2.890339">
        <ele>165.8</ele>
      </trkpt>
      <trkpt lat="55.417999" lon="-2.890136">
        <ele>165.8</ele>
      </trkpt>
      <trkpt lat="55.417988" lon="-2.89">
        <ele>165.8</ele>
      </trkpt>
      <trkpt lat="55.41798" lon="-2.889829">
        <ele>166.0</ele>
      </trkpt>
      <trkpt lat="55.417973" lon="-2.889658">
        <ele>166.0</ele>
      </trkpt>
      <trkpt lat="55.417973" lon="-2.889488">
        <ele>166.0</ele>
      </trkpt>
      <trkpt lat="55.417984" lon="-2.889322">
        <ele>166.0</ele>
      </trkpt>
      <trkpt lat="55.418018" lon="-2.889072">
        <ele>166.2</ele>
      </trkpt>
      <trkpt lat="55.418045" lon="-2.888927">
        <ele>166.2</ele>
      </trkpt>
      <trkpt lat="55.418045" lon="-2.888927">
        <ele>166.2</ele>
      </trkpt>
      <trkpt lat="55.418091" lon="-2.888709">
        <ele>166.4</ele>
      </trkpt>
      <trkpt lat="55.418114" lon="-2.888601">
        <ele>166.4</ele>
      </trkpt>
      <trkpt lat="55.41814" lon="-2.888461">
        <ele>166.6</ele>
      </trkpt>
      <trkpt lat="55.418163" lon="-2.88828">
        <ele>166.8</ele>
      </trkpt>
      <trkpt lat="55.418175" lon="-2.888153">
        <ele>167.4</ele>
      </trkpt>
      <trkpt lat="55.418179" lon="-2.887951">
        <ele>167.6</ele>
      </trkpt>
      <trkpt lat="55.418175" lon="-2.887815">
        <ele>167.8</ele>
      </trkpt>
      <trkpt lat="55.418167" lon="-2.887645">
        <ele>168.0</ele>
      </trkpt>
      <trkpt lat="55.418156" lon="-2.887439">
        <ele>168.2</ele>
      </trkpt>
      <trkpt lat="55.418156" lon="-2.887261">
        <ele>168.2</ele>
      </trkpt>
      <trkpt lat="55.418159" lon="-2.887114">
        <ele>168.2</ele>
      </trkpt>
      <trkpt lat="55.418167" lon="-2.886923">
        <ele>168.2</ele>
      </trkpt>
      <trkpt lat="55.418175" lon="-2.886727">
        <ele>168.0</ele>
      </trkpt>
      <trkpt lat="55.41819" lon="-2.886525">
        <ele>168.0</ele>
      </trkpt>
      <trkpt lat="55.418205" lon="-2.88632">
        <ele>167.8</ele>
      </trkpt>
      <trkpt lat="55.418217" lon="-2.886119">
        <ele>167.6</ele>
      </trkpt>
      <trkpt lat="55.418232" lon="-2.885918">
        <ele>167.2</ele>
      </trkpt>
      <trkpt lat="55.418251" lon="-2.885721">
        <ele>166.8</ele>
      </trkpt>
      <trkpt lat="55.418274" lon="-2.885491">
        <ele>166.0</ele>
      </trkpt>
      <trkpt lat="55.418297" lon="-2.885306">
        <ele>165.8</ele>
      </trkpt>
      <trkpt lat="55.41832" lon="-2.885159">
        <ele>165.4</ele>
      </trkpt>
      <trkpt lat="55.41835" lon="-2.884942">
        <ele>165.2</ele>
      </trkpt>
      <trkpt lat="55.418377" lon="-2.884766">
        <ele>165.2</ele>
      </trkpt>
      <trkpt lat="55.4184" lon="-2.884628">
        <ele>165.2</ele>
      </trkpt>
      <trkpt lat="55.418423" lon="-2.88446">
        <ele>165.2</ele>
      </trkpt>
      <trkpt lat="55.418442" lon="-2.884298">
        <ele>165.2</ele>
      </trkpt>
      <trkpt lat="55.418461" lon="-2.884148">
        <ele>165.2</ele>
      </trkpt>
      <trkpt lat="55.418484" lon="-2.883984">
        <ele>165.2</ele>
      </trkpt>
      <trkpt lat="55.418499" lon="-2.883857">
        <ele>165.2</ele>
      </trkpt>
      <trkpt lat="55.418514" lon="-2.883759">
        <ele>165.6</ele>
      </trkpt>
      <trkpt lat="55.418541" lon="-2.883614">
        <ele>166.0</ele>
      </trkpt>
      <trkpt lat="55.418564" lon="-2.883493">
        <ele>166.2</ele>
      </trkpt>
      <trkpt lat="55.418587" lon="-2.883365">
        <ele>166.6</ele>
      </trkpt>
      <trkpt lat="55.41861" lon="-2.883237">
        <ele>167.4</ele>
      </trkpt>
      <trkpt lat="55.418629" lon="-2.883132">
        <ele>168.0</ele>
      </trkpt>
      <trkpt lat="55.418652" lon="-2.883001">
        <ele>169.2</ele>
      </trkpt>
      <trkpt lat="55.418686" lon="-2.882839">
        <ele>169.4</ele>
      </trkpt>
      <trkpt lat="55.418713" lon="-2.882729">
        <ele>170.0</ele>
      </trkpt>
      <trkpt lat="55.418743" lon="-2.882585">
        <ele>170.4</ele>
      </trkpt>
      <trkpt lat="55.418781" lon="-2.882411">
        <ele>170.8</ele>
      </trkpt>
      <trkpt lat="55.418808" lon="-2.882268">
        <ele>170.8</ele>
      </trkpt>
      <trkpt lat="55.418827" lon="-2.882152">
        <ele>171.0</ele>
      </trkpt>
      <trkpt lat="55.41885" lon="-2.882008">
        <ele>171.0</ele>
      </trkpt>
      <trkpt lat="55.418873" lon="-2.881864">
        <ele>171.0</ele>
      </trkpt>
      <trkpt lat="55.418896" lon="-2.881721">
        <ele>171.2</ele>
      </trkpt>
      <trkpt lat="55.418919" lon="-2.881551">
        <ele>171.4</ele>
      </trkpt>
      <trkpt lat="55.418938" lon="-2.881412">
        <ele>171.4</ele>
      </trkpt>
      <trkpt lat="55.418953" lon="-2.881302">
        <ele>171.6</ele>
      </trkpt>
      <trkpt lat="55.418976" lon="-2.881135">
        <ele>171.6</ele>
      </trkpt>
      <trkpt lat="55.418991" lon="-2.880996">
        <ele>171.8</ele>
      </trkpt>
      <trkpt lat="55.419003" lon="-2.880882">
        <ele>171.8</ele>
      </trkpt>
      <trkpt lat="55.419018" lon="-2.88074">
        <ele>172.0</ele>
      </trkpt>
      <trkpt lat="55.419029" lon="-2.880598">
        <ele>172.4</ele>
      </trkpt>
      <trkpt lat="55.419033" lon="-2.880455">
        <ele>172.4</ele>
      </trkpt>
      <trkpt lat="55.419037" lon="-2.880281">
        <ele>172.6</ele>
      </trkpt>
      <trkpt lat="55.419033" lon="-2.880133">
        <ele>172.8</ele>
      </trkpt>
      <trkpt lat="55.419033" lon="-2.880012">
        <ele>172.8</ele>
      </trkpt>
      <trkpt lat="55.419033" lon="-2.879829">
        <ele>173.0</ele>
      </trkpt>
      <trkpt lat="55.419033" lon="-2.87967">
        <ele>173.0</ele>
      </trkpt>
      <trkpt lat="55.419033" lon="-2.879544">
        <ele>173.2</ele>
      </trkpt>
      <trkpt lat="55.419037" lon="-2.879386">
        <ele>173.2</ele>
      </trkpt>
      <trkpt lat="55.419041" lon="-2.879224">
        <ele>173.2</ele>
      </trkpt>
      <trkpt lat="55.419037" lon="-2.87906">
        <ele>173.2</ele>
      </trkpt>
      <trkpt lat="55.419029" lon="-2.878853">
        <ele>173.2</ele>
      </trkpt>
      <trkpt lat="55.419022" lon="-2.87867">
        <ele>173.2</ele>
      </trkpt>
      <trkpt lat="55.419014" lon="-2.878515">
        <ele>173.2</ele>
      </trkpt>
      <trkpt lat="55.419003" lon="-2.878314">
        <ele>173.0</ele>
      </trkpt>
      <trkpt lat="55.418991" lon="-2.878068">
        <ele>173.0</ele>
      </trkpt>
      <trkpt lat="55.418983" lon="-2.8779">
        <ele>172.8</ele>
      </trkpt>
      <trkpt lat="55.418968" lon="-2.877687">
        <ele>172.4</ele>
      </trkpt>
      <trkpt lat="55.418957" lon="-2.877474">
        <ele>171.8</ele>
      </trkpt>
      <trkpt lat="55.418938" lon="-2.877264">
        <ele>171.0</ele>
      </trkpt>
      <trkpt lat="55.418915" lon="-2.877016">
        <ele>170.8</ele>
      </trkpt>
      <trkpt lat="55.4189" lon="-2.876814">
        <ele>170.0</ele>
      </trkpt>
      <trkpt lat="55.418884" lon="-2.876657">
        <ele>169.6</ele>
      </trkpt>
      <trkpt lat="55.418865" lon="-2.876431">
        <ele>168.6</ele>
      </trkpt>
      <trkpt lat="55.41885" lon="-2.876247">
        <ele>168.4</ele>
      </trkpt>
      <trkpt lat="55.418839" lon="-2.876104">
        <ele>168.2</ele>
      </trkpt>
      <trkpt lat="55.418819" lon="-2.875894">
        <ele>168.0</ele>
      </trkpt>
      <trkpt lat="55.418808" lon="-2.875751">
        <ele>168.0</ele>
      </trkpt>
      <trkpt lat="55.418793" lon="-2.875574">
        <ele>167.8</ele>
      </trkpt>
      <trkpt lat="55.418777" lon="-2.875397">
        <ele>167.8</ele>
      </trkpt>
      <trkpt lat="55.418758" lon="-2.875188">
        <ele>167.6</ele>
      </trkpt>
      <trkpt lat="55.418747" lon="-2.875044">
        <ele>167.6</ele>
      </trkpt>
      <trkpt lat="55.418728" lon="-2.87482">
        <ele>167.6</ele>
      </trkpt>
      <trkpt lat="55.418694" lon="-2.87451">
        <ele>167.6</ele>
      </trkpt>
      <trkpt lat="55.418674" lon="-2.87435">
        <ele>167.4</ele>
      </trkpt>
      <trkpt lat="55.418674" lon="-2.87435">
        <ele>167.4</ele>
      </trkpt>
      <trkpt lat="55.418636" lon="-2.87403">
        <ele>167.2</ele>
      </trkpt>
      <trkpt lat="55.418613" lon="-2.873831">
        <ele>167.2</ele>
      </trkpt>
      <trkpt lat="55.418594" lon="-2.873676">
        <ele>167.0</ele>
      </trkpt>
      <trkpt lat="55.418568" lon="-2.873481">
        <ele>166.8</ele>
      </trkpt>
      <trkpt lat="55.418545" lon="-2.873287">
        <ele>166.4</ele>
      </trkpt>
      <trkpt lat="55.418514" lon="-2.873097">
        <ele>166.0</ele>
      </trkpt>
      <trkpt lat="55.418484" lon="-2.872907">
        <ele>165.8</ele>
      </trkpt>
      <trkpt lat="55.418446" lon="-2.872681">
        <ele>165.2</ele>
      </trkpt>
      <trkpt lat="55.418415" lon="-2.872528">
        <ele>165.0</ele>
      </trkpt>
      <trkpt lat="55.418381" lon="-2.87234">
        <ele>164.4</ele>
      </trkpt>
      <trkpt lat="55.418327" lon="-2.872115">
        <ele>164.2</ele>
      </trkpt>
      <trkpt lat="55.418285" lon="-2.871924">
        <ele>163.6</ele>
      </trkpt>
      <trkpt lat="55.418259" lon="-2.871775">
        <ele>163.0</ele>
      </trkpt>
      <trkpt lat="55.418232" lon="-2.871587">
        <ele>162.4</ele>
      </trkpt>
      <trkpt lat="55.418205" lon="-2.871388">
        <ele>161.8</ele>
      </trkpt>
      <trkpt lat="55.41819" lon="-2.871194">
        <ele>161.6</ele>
      </trkpt>
      <trkpt lat="55.418175" lon="-2.870955">
        <ele>160.2</ele>
      </trkpt>
      <trkpt lat="55.418175" lon="-2.870766">
        <ele>159.6</ele>
      </trkpt>
      <trkpt lat="55.418175" lon="-2.870519">
        <ele>158.4</ele>
      </trkpt>
      <trkpt lat="55.418182" lon="-2.870226">
        <ele>156.8</ele>
      </trkpt>
      <trkpt lat="55.41819" lon="-2.869984">
        <ele>156.2</ele>
      </trkpt>
      <trkpt lat="55.41819" lon="-2.869742">
        <ele>154.8</ele>
      </trkpt>
      <trkpt lat="55.41819" lon="-2.869494">
        <ele>154.4</ele>
      </trkpt>
      <trkpt lat="55.418186" lon="-2.86929">
        <ele>154.0</ele>
      </trkpt>
      <trkpt lat="55.418167" lon="-2.869039">
        <ele>152.2</ele>
      </trkpt>
      <trkpt lat="55.418125" lon="-2.868748">
        <ele>151.2</ele>
      </trkpt>
      <trkpt lat="55.418095" lon="-2.868564">
        <ele>149.6</ele>
      </trkpt>
      <trkpt lat="55.418056" lon="-2.868339">
        <ele>149.0</ele>
      </trkpt>
      <trkpt lat="55.418022" lon="-2.868075">
        <ele>148.2</ele>
      </trkpt>
      <trkpt lat="55.418007" lon="-2.867859">
        <ele>147.4</ele>
      </trkpt>
      <trkpt lat="55.418003" lon="-2.867693">
        <ele>146.2</ele>
      </trkpt>
      <trkpt lat="55.418007" lon="-2.867488">
        <ele>145.8</ele>
      </trkpt>
      <trkpt lat="55.418022" lon="-2.867259">
        <ele>145.8</ele>
      </trkpt>
      <trkpt lat="55.418034" lon="-2.867115">
        <ele>145.6</ele>
      </trkpt>
      <trkpt lat="55.418053" lon="-2.866902">
        <ele>145.6</ele>
      </trkpt>
      <trkpt lat="55.41806" lon="-2.866764">
        <ele>145.6</ele>
      </trkpt>
      <trkpt lat="55.418072" lon="-2.866597">
        <ele>145.8</ele>
      </trkpt>
      <trkpt lat="55.418087" lon="-2.866393">
        <ele>146.0</ele>
      </trkpt>
      <trkpt lat="55.418098" lon="-2.866217">
        <ele>146.6</ele>
      </trkpt>
      <trkpt lat="55.41811" lon="-2.866071">
        <ele>146.8</ele>
      </trkpt>
      <trkpt lat="55.418121" lon="-2.865902">
        <ele>148.0</ele>
      </trkpt>
      <trkpt lat="55.418137" lon="-2.865739">
        <ele>148.2</ele>
      </trkpt>
      <trkpt lat="55.41814" lon="-2.865576">
        <ele>149.0</ele>
      </trkpt>
      <trkpt lat="55.418148" lon="-2.86541">
        <ele>149.4</ele>
      </trkpt>
      <trkpt lat="55.418152" lon="-2.86525">
        <ele>149.6</ele>
      </trkpt>
      <trkpt lat="55.418148" lon="-2.865087">
        <ele>149.8</ele>
      </trkpt>
      <trkpt lat="55.418144" lon="-2.864922">
        <ele>150.0</ele>
      </trkpt>
      <trkpt lat="55.418133" lon="-2.864754">
        <ele>150.2</ele>
      </trkpt>
      <trkpt lat="55.418114" lon="-2.864587">
        <ele>150.4</ele>
      </trkpt>
      <trkpt lat="55.418087" lon="-2.86442">
        <ele>150.6</ele>
      </trkpt>
      <trkpt lat="55.418056" lon="-2.864255">
        <ele>150.8</ele>
      </trkpt>
      <trkpt lat="55.418022" lon="-2.864091">
        <ele>151.0</ele>
      </trkpt>
      <trkpt lat="55.417976" lon="-2.863893">
        <ele>151.2</ele>
      </trkpt>
      <trkpt lat="55.417946" lon="-2.86376">
        <ele>151.4</ele>
      </trkpt>
      <trkpt lat="55.417904" lon="-2.863595">
        <ele>151.4</ele>
      </trkpt>
      <trkpt lat="55.417862" lon="-2.863396">
        <ele>151.6</ele>
      </trkpt>
      <trkpt lat="55.417831" lon="-2.863263">
        <ele>151.6</ele>
      </trkpt>
      <trkpt lat="55.417797" lon="-2.863098">
        <ele>151.6</ele>
      </trkpt>
      <trkpt lat="55.417759" lon="-2.862932">
        <ele>151.6</ele>
      </trkpt>
      <trkpt lat="55.417698" lon="-2.862633">
        <ele>151.6</ele>
      </trkpt>
      <trkpt lat="55.417671" lon="-2.862497">
        <ele>151.6</ele>
      </trkpt>
      <trkpt lat="55.417671" lon="-2.862497">
        <ele>151.6</ele>
      </trkpt>
      <trkpt lat="55.417622" lon="-2.862226">
        <ele>151.6</ele>
      </trkpt>
      <trkpt lat="55.417595" lon="-2.862092">
        <ele>151.6</ele>
      </trkpt>
      <trkpt lat="55.417561" lon="-2.861888">
        <ele>151.6</ele>
      </trkpt>
      <trkpt lat="55.417538" lon="-2.861716">
        <ele>151.6</ele>
      </trkpt>
      <trkpt lat="55.417522" lon="-2.86158">
        <ele>151.6</ele>
      </trkpt>
      <trkpt lat="55.417503" lon="-2.861414">
        <ele>151.6</ele>
      </trkpt>
      <trkpt lat="55.417492" lon="-2.861246">
        <ele>151.6</ele>
      </trkpt>
      <trkpt lat="55.417484" lon="-2.861073">
        <ele>151.6</ele>
      </trkpt>
      <trkpt lat="55.417473" lon="-2.86086">
        <ele>151.6</ele>
      </trkpt>
      <trkpt lat="55.417461" lon="-2.86068">
        <ele>151.4</ele>
      </trkpt>
      <trkpt lat="55.417454" lon="-2.860534">
        <ele>151.4</ele>
      </trkpt>
      <trkpt lat="55.417442" lon="-2.860321">
        <ele>151.2</ele>
      </trkpt>
      <trkpt lat="55.417431" lon="-2.860148">
        <ele>151.0</ele>
      </trkpt>
      <trkpt lat="55.417423" lon="-2.860016">
        <ele>151.0</ele>
      </trkpt>
      <trkpt lat="55.417412" lon="-2.859853">
        <ele>151.0</ele>
      </trkpt>
      <trkpt lat="55.4174" lon="-2.859695">
        <ele>151.0</ele>
      </trkpt>
      <trkpt lat="55.417393" lon="-2.85954">
        <ele>150.8</ele>
      </trkpt>
      <trkpt lat="55.417381" lon="-2.859391">
        <ele>150.6</ele>
      </trkpt>
      <trkpt lat="55.417355" lon="-2.85922">
        <ele>150.6</ele>
      </trkpt>
      <trkpt lat="55.417336" lon="-2.859106">
        <ele>151.0</ele>
      </trkpt>
      <trkpt lat="55.417313" lon="-2.858964">
        <ele>151.0</ele>
      </trkpt>
      <trkpt lat="55.41729" lon="-2.858819">
        <ele>151.2</ele>
      </trkpt>
      <trkpt lat="55.417267" lon="-2.858665">
        <ele>151.2</ele>
      </trkpt>
      <trkpt lat="55.417244" lon="-2.85849">
        <ele>151.4</ele>
      </trkpt>
      <trkpt lat="55.417217" lon="-2.858347">
        <ele>151.8</ele>
      </trkpt>
      <trkpt lat="55.417198" lon="-2.858235">
        <ele>152.0</ele>
      </trkpt>
      <trkpt lat="55.417168" lon="-2.858072">
        <ele>152.2</ele>
      </trkpt>
      <trkpt lat="55.417141" lon="-2.857931">
        <ele>152.2</ele>
      </trkpt>
      <trkpt lat="55.417122" lon="-2.857817">
        <ele>152.4</ele>
      </trkpt>
      <trkpt lat="55.417099" lon="-2.857671">
        <ele>152.4</ele>
      </trkpt>
      <trkpt lat="55.417076" lon="-2.857494">
        <ele>152.6</ele>
      </trkpt>
      <trkpt lat="55.417065" lon="-2.85734">
        <ele>152.6</ele>
      </trkpt>
      <trkpt lat="55.417065" lon="-2.857181">
        <ele>152.8</ele>
      </trkpt>
      <trkpt lat="55.417072" lon="-2.857023">
        <ele>152.8</ele>
      </trkpt>
      <trkpt lat="55.41708" lon="-2.856859">
        <ele>152.8</ele>
      </trkpt>
      <trkpt lat="55.417088" lon="-2.856689">
        <ele>152.6</ele>
      </trkpt>
      <trkpt lat="55.417099" lon="-2.856513">
        <ele>152.6</ele>
      </trkpt>
      <trkpt lat="55.417103" lon="-2.85637">
        <ele>152.6</ele>
      </trkpt>
      <trkpt lat="55.417103" lon="-2.856189">
        <ele>152.4</ele>
      </trkpt>
      <trkpt lat="55.417099" lon="-2.855973">
        <ele>152.4</ele>
      </trkpt>
      <trkpt lat="55.417091" lon="-2.855795">
        <ele>152.2</ele>
      </trkpt>
      <trkpt lat="55.417084" lon="-2.855616">
        <ele>152.0</ele>
      </trkpt>
      <trkpt lat="55.417068" lon="-2.855436">
        <ele>151.8</ele>
      </trkpt>
      <trkpt lat="55.417049" lon="-2.855254">
        <ele>151.4</ele>
      </trkpt>
      <trkpt lat="55.417027" lon="-2.855075">
        <ele>151.2</ele>
      </trkpt>
      <trkpt lat="55.416996" lon="-2.854902">
        <ele>150.8</ele>
      </trkpt>
      <trkpt lat="55.416973" lon="-2.854765">
        <ele>150.6</ele>
      </trkpt>
      <trkpt lat="55.416935" lon="-2.854565">
        <ele>150.4</ele>
      </trkpt>
      <trkpt lat="55.416901" lon="-2.8544">
        <ele>150.2</ele>
      </trkpt>
      <trkpt lat="55.416866" lon="-2.854244">
        <ele>150.0</ele>
      </trkpt>
      <trkpt lat="55.416828" lon="-2.854093">
        <ele>149.6</ele>
      </trkpt>
      <trkpt lat="55.416786" lon="-2.853944">
        <ele>149.6</ele>
      </trkpt>
      <trkpt lat="55.416748" lon="-2.853796">
        <ele>149.4</ele>
      </trkpt>
      <trkpt lat="55.41671" lon="-2.853649">
        <ele>149.2</ele>
      </trkpt>
      <trkpt lat="55.416672" lon="-2.853504">
        <ele>149.0</ele>
      </trkpt>
      <trkpt lat="55.416637" lon="-2.853385">
        <ele>148.8</ele>
      </trkpt>
      <trkpt lat="55.416584" lon="-2.853208">
        <ele>148.8</ele>
      </trkpt>
      <trkpt lat="55.416542" lon="-2.853057">
        <ele>148.8</ele>
      </trkpt>
      <trkpt lat="55.4165" lon="-2.852906">
        <ele>148.8</ele>
      </trkpt>
      <trkpt lat="55.416462" lon="-2.852788">
        <ele>148.4</ele>
      </trkpt>
      <trkpt lat="55.416416" lon="-2.852642">
        <ele>148.2</ele>
      </trkpt>
      <trkpt lat="55.416374" lon="-2.852495">
        <ele>148.0</ele>
      </trkpt>
      <trkpt lat="55.416317" lon="-2.852326">
        <ele>148.0</ele>
      </trkpt>
      <trkpt lat="55.416267" lon="-2.852192">
        <ele>147.8</ele>
      </trkpt>
      <trkpt lat="55.416229" lon="-2.852086">
        <ele>147.6</ele>
      </trkpt>
      <trkpt lat="55.416168" lon="-2.851928">
        <ele>147.6</ele>
      </trkpt>
      <trkpt lat="55.416107" lon="-2.851804">
        <ele>147.4</ele>
      </trkpt>
      <trkpt lat="55.416058" lon="-2.851708">
        <ele>147.4</ele>
      </trkpt>
      <trkpt lat="55.415989" lon="-2.851595">
        <ele>147.4</ele>
      </trkpt>
      <trkpt lat="55.415916" lon="-2.85149">
        <ele>147.2</ele>
      </trkpt>
      <trkpt lat="55.415821" lon="-2.851379">
        <ele>147.2</ele>
      </trkpt>
      <trkpt lat="55.415741" lon="-2.851303">
        <ele>147.2</ele>
      </trkpt>
      <trkpt lat="55.415653" lon="-2.851246">
        <ele>147.2</ele>
      </trkpt>
      <trkpt lat="55.415562" lon="-2.851197">
        <ele>147.2</ele>
      </trkpt>
      <trkpt lat="55.415478" lon="-2.851155">
        <ele>147.2</ele>
      </trkpt>
      <trkpt lat="55.41539" lon="-2.85112">
        <ele>147.2</ele>
      </trkpt>
      <trkpt lat="55.415306" lon="-2.851083">
        <ele>147.2</ele>
      </trkpt>
      <trkpt lat="55.415218" lon="-2.851052">
        <ele>147.2</ele>
      </trkpt>
      <trkpt lat="55.41515" lon="-2.851034">
        <ele>147.4</ele>
      </trkpt>
      <trkpt lat="55.415047" lon="-2.851004">
        <ele>147.4</ele>
      </trkpt>
      <trkpt lat="55.414963" lon="-2.85097">
        <ele>147.4</ele>
      </trkpt>
      <trkpt lat="55.414875" lon="-2.850929">
        <ele>147.4</ele>
      </trkpt>
      <trkpt lat="55.41481" lon="-2.850892">
        <ele>147.4</ele>
      </trkpt>
      <trkpt lat="55.414711" lon="-2.850831">
        <ele>147.6</ele>
      </trkpt>
      <trkpt lat="55.414631" lon="-2.850776">
        <ele>147.4</ele>
      </trkpt>
      <trkpt lat="55.414551" lon="-2.85072">
        <ele>147.2</ele>
      </trkpt>
      <trkpt lat="55.414474" lon="-2.850653">
        <ele>147.0</ele>
      </trkpt>
      <trkpt lat="55.414368" lon="-2.850554">
        <ele>146.8</ele>
      </trkpt>
      <trkpt lat="55.414284" lon="-2.850477">
        <ele>146.4</ele>
      </trkpt>
      <trkpt lat="55.414284" lon="-2.850477">
        <ele>146.2</ele>
      </trkpt>
      <trkpt lat="55.414154" lon="-2.850345">
        <ele>145.8</ele>
      </trkpt>
      <trkpt lat="55.414089" lon="-2.850269">
        <ele>145.6</ele>
      </trkpt>
      <trkpt lat="55.413994" lon="-2.850157">
        <ele>145.6</ele>
      </trkpt>
      <trkpt lat="55.41391" lon="-2.85007">
        <ele>145.2</ele>
      </trkpt>
      <trkpt lat="55.41383" lon="-2.849983">
        <ele>145.2</ele>
      </trkpt>
      <trkpt lat="55.413765" lon="-2.849913">
        <ele>145.2</ele>
      </trkpt>
      <trkpt lat="55.413666" lon="-2.849798">
        <ele>144.8</ele>
      </trkpt>
      <trkpt lat="55.413582" lon="-2.84969">
        <ele>144.6</ele>
      </trkpt>
      <trkpt lat="55.413498" lon="-2.84957">
        <ele>143.8</ele>
      </trkpt>
      <trkpt lat="55.413418" lon="-2.849438">
        <ele>143.8</ele>
      </trkpt>
      <trkpt lat="55.413357" lon="-2.849316">
        <ele>142.6</ele>
      </trkpt>
      <trkpt lat="55.413269" lon="-2.849105">
        <ele>142.4</ele>
      </trkpt>
      <trkpt lat="55.413212" lon="-2.848954">
        <ele>141.8</ele>
      </trkpt>
      <trkpt lat="55.413143" lon="-2.848726">
        <ele>141.4</ele>
      </trkpt>
      <trkpt lat="55.413097" lon="-2.848571">
        <ele>141.4</ele>
      </trkpt>
      <trkpt lat="55.413025" lon="-2.848329">
        <ele>141.2</ele>
      </trkpt>
      <trkpt lat="55.412971" lon="-2.848129">
        <ele>140.8</ele>
      </trkpt>
      <trkpt lat="55.41293" lon="-2.847922">
        <ele>140.0</ele>
      </trkpt>
      <trkpt lat="55.412899" lon="-2.847711">
        <ele>139.4</ele>
      </trkpt>
      <trkpt lat="55.412884" lon="-2.847538">
        <ele>138.4</ele>
      </trkpt>
      <trkpt lat="55.412865" lon="-2.847268">
        <ele>137.8</ele>
      </trkpt>
      <trkpt lat="55.412849" lon="-2.847039">
        <ele>137.2</ele>
      </trkpt>
      <trkpt lat="55.412834" lon="-2.846809">
        <ele>136.4</ele>
      </trkpt>
      <trkpt lat="55.412815" lon="-2.846574">
        <ele>135.8</ele>
      </trkpt>
      <trkpt lat="55.412796" lon="-2.846339">
        <ele>135.0</ele>
      </trkpt>
      <trkpt lat="55.412766" lon="-2.846101">
        <ele>133.6</ele>
      </trkpt>
      <trkpt lat="55.412735" lon="-2.84586">
        <ele>133.0</ele>
      </trkpt>
      <trkpt lat="55.412697" lon="-2.84562">
        <ele>132.2</ele>
      </trkpt>
      <trkpt lat="55.412659" lon="-2.84543">
        <ele>131.6</ele>
      </trkpt>
      <trkpt lat="55.412605" lon="-2.84514">
        <ele>130.4</ele>
      </trkpt>
      <trkpt lat="55.412556" lon="-2.844898">
        <ele>129.8</ele>
      </trkpt>
      <trkpt lat="55.41251" lon="-2.844656">
        <ele>128.6</ele>
      </trkpt>
      <trkpt lat="55.412464" lon="-2.844417">
        <ele>127.8</ele>
      </trkpt>
      <trkpt lat="55.412422" lon="-2.844228">
        <ele>127.4</ele>
      </trkpt>
      <trkpt lat="55.412369" lon="-2.843996">
        <ele>126.0</ele>
      </trkpt>
      <trkpt lat="55.412304" lon="-2.843728">
        <ele>125.6</ele>
      </trkpt>
      <trkpt lat="55.412251" lon="-2.843506">
        <ele>124.4</ele>
      </trkpt>
      <trkpt lat="55.412209" lon="-2.843331">
        <ele>123.8</ele>
      </trkpt>
      <trkpt lat="55.412155" lon="-2.843074">
        <ele>123.2</ele>
      </trkpt>
      <trkpt lat="55.412117" lon="-2.84286">
        <ele>122.4</ele>
      </trkpt>
      <trkpt lat="55.412083" lon="-2.842649">
        <ele>122.0</ele>
      </trkpt>
      <trkpt lat="55.412052" lon="-2.842438">
        <ele>121.4</ele>
      </trkpt>
      <trkpt lat="55.412025" lon="-2.842227">
        <ele>121.2</ele>
      </trkpt>
      <trkpt lat="55.411999" lon="-2.842021">
        <ele>121.0</ele>
      </trkpt>
      <trkpt lat="55.411976" lon="-2.841821">
        <ele>121.0</ele>
      </trkpt>
      <trkpt lat="55.411957" lon="-2.841666">
        <ele>121.0</ele>
      </trkpt>
      <trkpt lat="55.411934" lon="-2.841478">
        <ele>121.0</ele>
      </trkpt>
      <trkpt lat="55.411915" lon="-2.841251">
        <ele>121.0</ele>
      </trkpt>
      <trkpt lat="55.4119" lon="-2.841066">
        <ele>121.0</ele>
      </trkpt>
      <trkpt lat="55.411888" lon="-2.840881">
        <ele>121.0</ele>
      </trkpt>
      <trkpt lat="55.411873" lon="-2.840697">
        <ele>121.0</ele>
      </trkpt>
      <trkpt lat="55.411858" lon="-2.840511">
        <ele>121.2</ele>
      </trkpt>
      <trkpt lat="55.411839" lon="-2.840327">
        <ele>121.2</ele>
      </trkpt>
      <trkpt lat="55.411816" lon="-2.84014">
        <ele>121.2</ele>
      </trkpt>
      <trkpt lat="55.411777" lon="-2.839954">
        <ele>121.2</ele>
      </trkpt>
      <trkpt lat="55.411743" lon="-2.83981">
        <ele>121.2</ele>
      </trkpt>
      <trkpt lat="55.41169" lon="-2.839595">
        <ele>121.2</ele>
      </trkpt>
      <trkpt lat="55.411602" lon="-2.839317">
        <ele>121.2</ele>
      </trkpt>
      <trkpt lat="55.411552" lon="-2.839178">
        <ele>121.0</ele>
      </trkpt>
      <trkpt lat="55.411552" lon="-2.839178">
        <ele>121.0</ele>
      </trkpt>
      <trkpt lat="55.411461" lon="-2.8389">
        <ele>120.8</ele>
      </trkpt>
      <trkpt lat="55.411404" lon="-2.838719">
        <ele>120.6</ele>
      </trkpt>
      <trkpt lat="55.411346" lon="-2.838536">
        <ele>120.4</ele>
      </trkpt>
      <trkpt lat="55.411301" lon="-2.838348">
        <ele>120.2</ele>
      </trkpt>
      <trkpt lat="55.411266" lon="-2.838191">
        <ele>120.0</ele>
      </trkpt>
      <trkpt lat="55.411217" lon="-2.837952">
        <ele>119.8</ele>
      </trkpt>
      <trkpt lat="55.411179" lon="-2.837752">
        <ele>119.6</ele>
      </trkpt>
      <trkpt lat="55.411148" lon="-2.837549">
        <ele>119.2</ele>
      </trkpt>
      <trkpt lat="55.411121" lon="-2.837344">
        <ele>119.0</ele>
      </trkpt>
      <trkpt lat="55.411098" lon="-2.83714">
        <ele>119.0</ele>
      </trkpt>
      <trkpt lat="55.411079" lon="-2.836938">
        <ele>118.6</ele>
      </trkpt>
      <trkpt lat="55.411064" lon="-2.836744">
        <ele>118.6</ele>
      </trkpt>
      <trkpt lat="55.411053" lon="-2.836553">
        <ele>118.2</ele>
      </trkpt>
      <trkpt lat="55.411049" lon="-2.836402">
        <ele>118.2</ele>
      </trkpt>
      <trkpt lat="55.411041" lon="-2.836176">
        <ele>118.0</ele>
      </trkpt>
      <trkpt lat="55.41103" lon="-2.835987">
        <ele>118.0</ele>
      </trkpt>
      <trkpt lat="55.411026" lon="-2.835839">
        <ele>117.8</ele>
      </trkpt>
      <trkpt lat="55.411015" lon="-2.835654">
        <ele>117.8</ele>
      </trkpt>
      <trkpt lat="55.411003" lon="-2.835472">
        <ele>117.8</ele>
      </trkpt>
      <trkpt lat="55.410992" lon="-2.835256">
        <ele>117.8</ele>
      </trkpt>
      <trkpt lat="55.410976" lon="-2.835078">
        <ele>117.6</ele>
      </trkpt>
      <trkpt lat="55.410965" lon="-2.834898">
        <ele>117.6</ele>
      </trkpt>
      <trkpt lat="55.410957" lon="-2.834752">
        <ele>117.4</ele>
      </trkpt>
      <trkpt lat="55.410946" lon="-2.834531">
        <ele>117.4</ele>
      </trkpt>
      <trkpt lat="55.410938" lon="-2.834341">
        <ele>117.4</ele>
      </trkpt>
      <trkpt lat="55.410934" lon="-2.834144">
        <ele>117.4</ele>
      </trkpt>
      <trkpt lat="55.410934" lon="-2.833946">
        <ele>117.2</ele>
      </trkpt>
      <trkpt lat="55.410942" lon="-2.833748">
        <ele>117.0</ele>
      </trkpt>
      <trkpt lat="55.410957" lon="-2.833551">
        <ele>117.0</ele>
      </trkpt>
      <trkpt lat="55.410984" lon="-2.833358">
        <ele>116.6</ele>
      </trkpt>
      <trkpt lat="55.411011" lon="-2.833169">
        <ele>116.6</ele>
      </trkpt>
      <trkpt lat="55.411037" lon="-2.833019">
        <ele>116.0</ele>
      </trkpt>
      <trkpt lat="55.411068" lon="-2.832802">
        <ele>115.8</ele>
      </trkpt>
      <trkpt lat="55.411095" lon="-2.832622">
        <ele>115.6</ele>
      </trkpt>
      <trkpt lat="55.411125" lon="-2.832441">
        <ele>115.2</ele>
      </trkpt>
      <trkpt lat="55.411152" lon="-2.83226">
        <ele>115.2</ele>
      </trkpt>
      <trkpt lat="55.411171" lon="-2.832114">
        <ele>115.2</ele>
      </trkpt>
      <trkpt lat="55.411198" lon="-2.831932">
        <ele>115.2</ele>
      </trkpt>
      <trkpt lat="55.411224" lon="-2.83175">
        <ele>115.0</ele>
      </trkpt>
      <trkpt lat="55.411259" lon="-2.831531">
        <ele>114.8</ele>
      </trkpt>
      <trkpt lat="55.411282" lon="-2.831387">
        <ele>114.8</ele>
      </trkpt>
      <trkpt lat="55.411312" lon="-2.831166">
        <ele>114.8</ele>
      </trkpt>
      <trkpt lat="55.411339" lon="-2.830984">
        <ele>114.6</ele>
      </trkpt>
      <trkpt lat="55.411369" lon="-2.830802">
        <ele>114.4</ele>
      </trkpt>
      <trkpt lat="55.411388" lon="-2.830656">
        <ele>114.4</ele>
      </trkpt>
      <trkpt lat="55.411415" lon="-2.830474">
        <ele>114.4</ele>
      </trkpt>
      <trkpt lat="55.411438" lon="-2.830293">
        <ele>114.4</ele>
      </trkpt>
      <trkpt lat="55.411476" lon="-2.830079">
        <ele>114.4</ele>
      </trkpt>
      <trkpt lat="55.411503" lon="-2.829941">
        <ele>114.4</ele>
      </trkpt>
      <trkpt lat="55.411541" lon="-2.829771">
        <ele>114.2</ele>
      </trkpt>
      <trkpt lat="55.411583" lon="-2.829568">
        <ele>114.2</ele>
      </trkpt>
      <trkpt lat="55.411617" lon="-2.829395">
        <ele>114.2</ele>
      </trkpt>
      <trkpt lat="55.411655" lon="-2.829223">
        <ele>114.2</ele>
      </trkpt>
      <trkpt lat="55.411682" lon="-2.829085">
        <ele>114.0</ele>
      </trkpt>
      <trkpt lat="55.41172" lon="-2.828881">
        <ele>114.0</ele>
      </trkpt>
      <trkpt lat="55.411747" lon="-2.828746">
        <ele>113.8</ele>
      </trkpt>
      <trkpt lat="55.411793" lon="-2.828543">
        <ele>113.8</ele>
      </trkpt>
      <trkpt lat="55.411858" lon="-2.828283">
        <ele>113.6</ele>
      </trkpt>
      <trkpt lat="55.411892" lon="-2.828158">
        <ele>113.6</ele>
      </trkpt>
      <trkpt lat="55.411892" lon="-2.828158">
        <ele>113.6</ele>
      </trkpt>
      <trkpt lat="55.411961" lon="-2.827916">
        <ele>113.6</ele>
      </trkpt>
      <trkpt lat="55.411995" lon="-2.827797">
        <ele>113.8</ele>
      </trkpt>
      <trkpt lat="55.412045" lon="-2.82762">
        <ele>113.8</ele>
      </trkpt>
      <trkpt lat="55.412075" lon="-2.827503">
        <ele>113.8</ele>
      </trkpt>
      <trkpt lat="55.412113" lon="-2.827356">
        <ele>113.8</ele>
      </trkpt>
      <trkpt lat="55.412163" lon="-2.827179">
        <ele>113.8</ele>
      </trkpt>
      <trkpt lat="55.412197" lon="-2.827064">
        <ele>113.8</ele>
      </trkpt>
      <trkpt lat="55.412239" lon="-2.82692">
        <ele>114.0</ele>
      </trkpt>
      <trkpt lat="55.412292" lon="-2.826745">
        <ele>114.0</ele>
      </trkpt>
      <trkpt lat="55.412334" lon="-2.826595">
        <ele>114.0</ele>
      </trkpt>
      <trkpt lat="55.412373" lon="-2.826446">
        <ele>114.2</ele>
      </trkpt>
      <trkpt lat="55.412415" lon="-2.826297">
        <ele>114.2</ele>
      </trkpt>
      <trkpt lat="55.412457" lon="-2.826147">
        <ele>114.0</ele>
      </trkpt>
      <trkpt lat="55.412498" lon="-2.825997">
        <ele>114.0</ele>
      </trkpt>
      <trkpt lat="55.41254" lon="-2.825846">
        <ele>113.8</ele>
      </trkpt>
      <trkpt lat="55.412575" lon="-2.825724">
        <ele>113.8</ele>
      </trkpt>
      <trkpt lat="55.412617" lon="-2.825571">
        <ele>113.8</ele>
      </trkpt>
      <trkpt lat="55.41267" lon="-2.825387">
        <ele>113.6</ele>
      </trkpt>
      <trkpt lat="55.412712" lon="-2.825228">
        <ele>113.6</ele>
      </trkpt>
      <trkpt lat="55.412754" lon="-2.82507">
        <ele>113.4</ele>
      </trkpt>
      <trkpt lat="55.412796" lon="-2.824908">
        <ele>113.4</ele>
      </trkpt>
      <trkpt lat="55.41283" lon="-2.824776">
        <ele>113.4</ele>
      </trkpt>
      <trkpt lat="55.41288" lon="-2.824576">
        <ele>113.2</ele>
      </trkpt>
      <trkpt lat="55.412914" lon="-2.824407">
        <ele>113.0</ele>
      </trkpt>
      <trkpt lat="55.412941" lon="-2.824233">
        <ele>113.0</ele>
      </trkpt>
      <trkpt lat="55.412956" lon="-2.82409">
        <ele>112.8</ele>
      </trkpt>
      <trkpt lat="55.412968" lon="-2.823872">
        <ele>112.8</ele>
      </trkpt>
      <trkpt lat="55.412964" lon="-2.823686">
        <ele>112.6</ele>
      </trkpt>
      <trkpt lat="55.412952" lon="-2.823502">
        <ele>112.6</ele>
      </trkpt>
      <trkpt lat="55.412926" lon="-2.823324">
        <ele>112.4</ele>
      </trkpt>
      <trkpt lat="55.412899" lon="-2.823154">
        <ele>112.4</ele>
      </trkpt>
      <trkpt lat="55.412868" lon="-2.822987">
        <ele>112.4</ele>
      </trkpt>
      <trkpt lat="55.412834" lon="-2.822822">
        <ele>112.2</ele>
      </trkpt>
      <trkpt lat="55.412804" lon="-2.822663">
        <ele>112.2</ele>
      </trkpt>
      <trkpt lat="55.412777" lon="-2.822537">
        <ele>112.0</ele>
      </trkpt>
      <trkpt lat="55.412739" lon="-2.822352">
        <ele>111.8</ele>
      </trkpt>
      <trkpt lat="55.412708" lon="-2.822194">
        <ele>111.8</ele>
      </trkpt>
      <trkpt lat="55.412678" lon="-2.822037">
        <ele>111.6</ele>
      </trkpt>
      <trkpt lat="55.412643" lon="-2.821884">
        <ele>111.6</ele>
      </trkpt>
      <trkpt lat="55.412609" lon="-2.821735">
        <ele>111.6</ele>
      </trkpt>
      <trkpt lat="55.412571" lon="-2.821592">
        <ele>111.6</ele>
      </trkpt>
      <trkpt lat="55.412525" lon="-2.821458">
        <ele>111.4</ele>
      </trkpt>
      <trkpt lat="55.412491" lon="-2.821358">
        <ele>111.4</ele>
      </trkpt>
      <trkpt lat="55.412453" lon="-2.821236">
        <ele>111.2</ele>
      </trkpt>
      <trkpt lat="55.41243" lon="-2.821097">
        <ele>111.0</ele>
      </trkpt>
      <trkpt lat="55.412437" lon="-2.820988">
        <ele>111.0</ele>
      </trkpt>
      <trkpt lat="55.412464" lon="-2.820896">
        <ele>110.8</ele>
      </trkpt>
      <trkpt lat="55.412518" lon="-2.82082">
        <ele>110.8</ele>
      </trkpt>
      <trkpt lat="55.412586" lon="-2.820752">
        <ele>110.6</ele>
      </trkpt>
      <trkpt lat="55.412659" lon="-2.820685">
        <ele>110.8</ele>
      </trkpt>
      <trkpt lat="55.412731" lon="-2.820618">
        <ele>110.4</ele>
      </trkpt>
      <trkpt lat="55.412811" lon="-2.820549">
        <ele>110.2</ele>
      </trkpt>
      <trkpt lat="55.412876" lon="-2.820494">
        <ele>109.8</ele>
      </trkpt>
      <trkpt lat="55.412975" lon="-2.820417">
        <ele>109.4</ele>
      </trkpt>
      <trkpt lat="55.413067" lon="-2.820353">
        <ele>109.2</ele>
      </trkpt>
      <trkpt lat="55.413143" lon="-2.820302">
        <ele>109.2</ele>
      </trkpt>
      <trkpt lat="55.413239" lon="-2.820235">
        <ele>109.0</ele>
      </trkpt>
      <trkpt lat="55.413345" lon="-2.820153">
        <ele>109.0</ele>
      </trkpt>
      <trkpt lat="55.413441" lon="-2.820087">
        <ele>108.8</ele>
      </trkpt>
      <trkpt lat="55.413536" lon="-2.820025">
        <ele>108.8</ele>
      </trkpt>
      <trkpt lat="55.413631" lon="-2.819961">
        <ele>108.8</ele>
      </trkpt>
      <trkpt lat="55.413708" lon="-2.819911">
        <ele>109.0</ele>
      </trkpt>
      <trkpt lat="55.413822" lon="-2.81983">
        <ele>108.8</ele>
      </trkpt>
      <trkpt lat="55.413918" lon="-2.81976">
        <ele>108.8</ele>
      </trkpt>
      <trkpt lat="55.413994" lon="-2.819701">
        <ele>108.6</ele>
      </trkpt>
      <trkpt lat="55.414104" lon="-2.819609">
        <ele>108.6</ele>
      </trkpt>
      <trkpt lat="55.414196" lon="-2.819522">
        <ele>108.6</ele>
      </trkpt>
      <trkpt lat="55.41428" lon="-2.819422">
        <ele>108.6</ele>
      </trkpt>
      <trkpt lat="55.41436" lon="-2.819299">
        <ele>108.6</ele>
      </trkpt>
      <trkpt lat="55.414433" lon="-2.819169">
        <ele>108.4</ele>
      </trkpt>
      <trkpt lat="55.414505" lon="-2.819039">
        <ele>108.4</ele>
      </trkpt>
      <trkpt lat="55.41457" lon="-2.818907">
        <ele>108.2</ele>
      </trkpt>
      <trkpt lat="55.414635" lon="-2.818783">
        <ele>108.2</ele>
      </trkpt>
      <trkpt lat="55.414696" lon="-2.818675">
        <ele>108.2</ele>
      </trkpt>
      <trkpt lat="55.414745" lon="-2.818585">
        <ele>108.2</ele>
      </trkpt>
      <trkpt lat="55.414822" lon="-2.818445">
        <ele>108.2</ele>
      </trkpt>
      <trkpt lat="55.414883" lon="-2.818335">
        <ele>108.2</ele>
      </trkpt>
      <trkpt lat="55.414948" lon="-2.818233">
        <ele>108.2</ele>
      </trkpt>
      <trkpt lat="55.415012" lon="-2.818129">
        <ele>108.2</ele>
      </trkpt>
      <trkpt lat="55.415077" lon="-2.818022">
        <ele>108.2</ele>
      </trkpt>
      <trkpt lat="55.415146" lon="-2.817919">
        <ele>108.2</ele>
      </trkpt>
      <trkpt lat="55.415215" lon="-2.817821">
        <ele>108.2</ele>
      </trkpt>
      <trkpt lat="55.415283" lon="-2.817728">
        <ele>108.2</ele>
      </trkpt>
      <trkpt lat="55.415352" lon="-2.817644">
        <ele>108.2</ele>
      </trkpt>
      <trkpt lat="55.415421" lon="-2.817567">
        <ele>108.2</ele>
      </trkpt>
      <trkpt lat="55.415489" lon="-2.817492">
        <ele>108.2</ele>
      </trkpt>
      <trkpt lat="55.415543" lon="-2.817439">
        <ele>108.2</ele>
      </trkpt>
      <trkpt lat="55.415619" lon="-2.817366">
        <ele>108.2</ele>
      </trkpt>
      <trkpt lat="55.415688" lon="-2.817314">
        <ele>108.2</ele>
      </trkpt>
      <trkpt lat="55.41576" lon="-2.817262">
        <ele>108.2</ele>
      </trkpt>
      <trkpt lat="55.415833" lon="-2.817209">
        <ele>108.2</ele>
      </trkpt>
      <trkpt lat="55.415905" lon="-2.817159">
        <ele>108.2</ele>
      </trkpt>
      <trkpt lat="55.415977" lon="-2.817107">
        <ele>108.2</ele>
      </trkpt>
      <trkpt lat="55.416042" lon="-2.817046">
        <ele>108.4</ele>
      </trkpt>
      <trkpt lat="55.416115" lon="-2.81698">
        <ele>108.6</ele>
      </trkpt>
      <trkpt lat="55.416183" lon="-2.816912">
        <ele>108.8</ele>
      </trkpt>
      <trkpt lat="55.41626" lon="-2.81684">
        <ele>109.0</ele>
      </trkpt>
      <trkpt lat="55.416328" lon="-2.816765">
        <ele>109.2</ele>
      </trkpt>
      <trkpt lat="55.416401" lon="-2.816688">
        <ele>109.2</ele>
      </trkpt>
      <trkpt lat="55.41647" lon="-2.816603">
        <ele>109.2</ele>
      </trkpt>
      <trkpt lat="55.416527" lon="-2.816536">
        <ele>109.2</ele>
      </trkpt>
      <trkpt lat="55.416592" lon="-2.816457">
        <ele>109.2</ele>
      </trkpt>
      <trkpt lat="55.416672" lon="-2.816359">
        <ele>109.2</ele>
      </trkpt>
      <trkpt lat="55.416737" lon="-2.816281">
        <ele>109.0</ele>
      </trkpt>
      <trkpt lat="55.416805" lon="-2.816201">
        <ele>109.0</ele>
      </trkpt>
      <trkpt lat="55.416874" lon="-2.816124">
        <ele>108.8</ele>
      </trkpt>
      <trkpt lat="55.416939" lon="-2.816048">
        <ele>108.8</ele>
      </trkpt>
      <trkpt lat="55.416992" lon="-2.815988">
        <ele>108.8</ele>
      </trkpt>
      <trkpt lat="55.417076" lon="-2.815902">
        <ele>108.6</ele>
      </trkpt>
      <trkpt lat="55.417145" lon="-2.815832">
        <ele>108.6</ele>
      </trkpt>
      <trkpt lat="55.417198" lon="-2.815773">
        <ele>108.4</ele>
      </trkpt>
      <trkpt lat="55.417267" lon="-2.815699">
        <ele>108.2</ele>
      </trkpt>
      <trkpt lat="55.417316" lon="-2.815645">
        <ele>108.2</ele>
      </trkpt>
      <trkpt lat="55.417366" lon="-2.815583">
        <ele>108.2</ele>
      </trkpt>
      <trkpt lat="55.417419" lon="-2.815527">
        <ele>108.2</ele>
      </trkpt>
      <trkpt lat="55.417469" lon="-2.815474">
        <ele>108.4</ele>
      </trkpt>
      <trkpt lat="55.417507" lon="-2.815402">
        <ele>108.4</ele>
      </trkpt>
      <trkpt lat="55.417557" lon="-2.815316">
        <ele>108.4</ele>
      </trkpt>
      <trkpt lat="55.417599" lon="-2.815232">
        <ele>108.2</ele>
      </trkpt>
      <trkpt lat="55.417648" lon="-2.815124">
        <ele>108.2</ele>
      </trkpt>
      <trkpt lat="55.417683" lon="-2.815003">
        <ele>108.2</ele>
      </trkpt>
      <trkpt lat="55.41769" lon="-2.814891">
        <ele>108.2</ele>
      </trkpt>
      <trkpt lat="55.417683" lon="-2.814761">
        <ele>108.2</ele>
      </trkpt>
      <trkpt lat="55.417667" lon="-2.814647">
        <ele>108.2</ele>
      </trkpt>
      <trkpt lat="55.41766" lon="-2.814534">
        <ele>108.2</ele>
      </trkpt>
      <trkpt lat="55.417645" lon="-2.81443">
        <ele>108.0</ele>
      </trkpt>
      <trkpt lat="55.417633" lon="-2.814319">
        <ele>108.0</ele>
      </trkpt>
      <trkpt lat="55.417614" lon="-2.814211">
        <ele>107.8</ele>
      </trkpt>
      <trkpt lat="55.417595" lon="-2.814112">
        <ele>107.8</ele>
      </trkpt>
      <trkpt lat="55.417561" lon="-2.813959">
        <ele>107.8</ele>
      </trkpt>
      <trkpt lat="55.41753" lon="-2.813837">
        <ele>107.8</ele>
      </trkpt>
      <trkpt lat="55.417488" lon="-2.813713">
        <ele>107.6</ele>
      </trkpt>
      <trkpt lat="55.41745" lon="-2.813575">
        <ele>107.4</ele>
      </trkpt>
      <trkpt lat="55.417404" lon="-2.813442">
        <ele>107.4</ele>
      </trkpt>
      <trkpt lat="55.417358" lon="-2.813308">
        <ele>107.4</ele>
      </trkpt>
      <trkpt lat="55.417316" lon="-2.813164">
        <ele>107.4</ele>
      </trkpt>
      <trkpt lat="55.417274" lon="-2.813017">
        <ele>107.4</ele>
      </trkpt>
      <trkpt lat="55.417244" lon="-2.812901">
        <ele>107.4</ele>
      </trkpt>
      <trkpt lat="55.417198" lon="-2.812752">
        <ele>107.0</ele>
      </trkpt>
      <trkpt lat="55.41716" lon="-2.812602">
        <ele>106.6</ele>
      </trkpt>
      <trkpt lat="55.417118" lon="-2.812461">
        <ele>106.4</ele>
      </trkpt>
      <trkpt lat="55.417088" lon="-2.81234">
        <ele>106.2</ele>
      </trkpt>
      <trkpt lat="55.417068" lon="-2.812234">
        <ele>106.2</ele>
      </trkpt>
      <trkpt lat="55.417042" lon="-2.81207">
        <ele>106.0</ele>
      </trkpt>
      <trkpt lat="55.417038" lon="-2.811986">
        <ele>106.0</ele>
      </trkpt>
      <trkpt lat="55.417038" lon="-2.811986">
        <ele>106.0</ele>
      </trkpt>
      <trkpt lat="55.417038" lon="-2.811807">
        <ele>106.0</ele>
      </trkpt>
      <trkpt lat="55.417046" lon="-2.811719">
        <ele>106.0</ele>
      </trkpt>
      <trkpt lat="55.417061" lon="-2.811589">
        <ele>106.2</ele>
      </trkpt>
      <trkpt lat="55.417084" lon="-2.811486">
        <ele>106.2</ele>
      </trkpt>
      <trkpt lat="55.417103" lon="-2.811412">
        <ele>106.6</ele>
      </trkpt>
      <trkpt lat="55.417133" lon="-2.811323">
        <ele>106.8</ele>
      </trkpt>
      <trkpt lat="55.417175" lon="-2.811225">
        <ele>107.0</ele>
      </trkpt>
      <trkpt lat="55.417213" lon="-2.811142">
        <ele>107.2</ele>
      </trkpt>
      <trkpt lat="55.417248" lon="-2.811063">
        <ele>107.2</ele>
      </trkpt>
      <trkpt lat="55.417282" lon="-2.810987">
        <ele>107.6</ele>
      </trkpt>
      <trkpt lat="55.417313" lon="-2.810925">
        <ele>107.6</ele>
      </trkpt>
      <trkpt lat="55.417351" lon="-2.810845">
        <ele>108.2</ele>
      </trkpt>
      <trkpt lat="55.417389" lon="-2.810754">
        <ele>108.6</ele>
      </trkpt>
      <trkpt lat="55.417416" lon="-2.810693">
        <ele>108.8</ele>
      </trkpt>
      <trkpt lat="55.41745" lon="-2.810622">
        <ele>109.4</ele>
      </trkpt>
      <trkpt lat="55.417488" lon="-2.810544">
        <ele>109.6</ele>
      </trkpt>
      <trkpt lat="55.417522" lon="-2.810469">
        <ele>110.0</ele>
      </trkpt>
      <trkpt lat="55.417553" lon="-2.810411">
        <ele>110.4</ele>
      </trkpt>
      <trkpt lat="55.417595" lon="-2.810341">
        <ele>110.6</ele>
      </trkpt>
      <trkpt lat="55.417641" lon="-2.810266">
        <ele>110.8</ele>
      </trkpt>
      <trkpt lat="55.417698" lon="-2.810172">
        <ele>111.0</ele>
      </trkpt>
      <trkpt lat="55.417732" lon="-2.810107">
        <ele>111.4</ele>
      </trkpt>
      <trkpt lat="55.417782" lon="-2.810016">
        <ele>111.4</ele>
      </trkpt>
      <trkpt lat="55.417835" lon="-2.809922">
        <ele>111.6</ele>
      </trkpt>
      <trkpt lat="55.417892" lon="-2.809808">
        <ele>111.8</ele>
      </trkpt>
      <trkpt lat="55.417942" lon="-2.809708">
        <ele>112.0</ele>
      </trkpt>
      <trkpt lat="55.41798" lon="-2.809627">
        <ele>112.2</ele>
      </trkpt>
      <trkpt lat="55.418022" lon="-2.809529">
        <ele>112.2</ele>
      </trkpt>
      <trkpt lat="55.418064" lon="-2.809415">
        <ele>112.2</ele>
      </trkpt>
      <trkpt lat="55.418087" lon="-2.809342">
        <ele>112.4</ele>
      </trkpt>
      <trkpt lat="55.418121" lon="-2.809236">
        <ele>112.4</ele>
      </trkpt>
      <trkpt lat="55.418144" lon="-2.809165">
        <ele>112.6</ele>
      </trkpt>
      <trkpt lat="55.418167" lon="-2.80908">
        <ele>112.6</ele>
      </trkpt>
      <trkpt lat="55.41819" lon="-2.80899">
        <ele>112.6</ele>
      </trkpt>
      <trkpt lat="55.418213" lon="-2.808888">
        <ele>112.6</ele>
      </trkpt>
      <trkpt lat="55.418228" lon="-2.808805">
        <ele>112.6</ele>
      </trkpt>
      <trkpt lat="55.41824" lon="-2.808742">
        <ele>112.8</ele>
      </trkpt>
      <trkpt lat="55.418251" lon="-2.808662">
        <ele>112.8</ele>
      </trkpt>
      <trkpt lat="55.418262" lon="-2.808575">
        <ele>113.0</ele>
      </trkpt>
      <trkpt lat="55.418266" lon="-2.80852">
        <ele>113.0</ele>
      </trkpt>
      <trkpt lat="55.418274" lon="-2.808442">
        <ele>113.2</ele>
      </trkpt>
      <trkpt lat="55.418282" lon="-2.808381">
        <ele>113.2</ele>
      </trkpt>
      <trkpt lat="55.418285" lon="-2.808327">
        <ele>113.2</ele>
      </trkpt>
      <trkpt lat="55.418293" lon="-2.808248">
        <ele>113.2</ele>
      </trkpt>
      <trkpt lat="55.418297" lon="-2.808176">
        <ele>113.4</ele>
      </trkpt>
      <trkpt lat="55.418297" lon="-2.808113">
        <ele>113.4</ele>
      </trkpt>
      <trkpt lat="55.418301" lon="-2.808015">
        <ele>113.4</ele>
      </trkpt>
      <trkpt lat="55.418304" lon="-2.807944">
        <ele>113.6</ele>
      </trkpt>
      <trkpt lat="55.41832" lon="-2.80785">
        <ele>113.6</ele>
      </trkpt>
      <trkpt lat="55.418339" lon="-2.807759">
        <ele>113.6</ele>
      </trkpt>
      <trkpt lat="55.418369" lon="-2.80767">
        <ele>113.4</ele>
      </trkpt>
      <trkpt lat="55.418407" lon="-2.807552">
        <ele>113.2</ele>
      </trkpt>
      <trkpt lat="55.418442" lon="-2.80746">
        <ele>113.2</ele>
      </trkpt>
      <trkpt lat="55.418472" lon="-2.807382">
        <ele>113.0</ele>
      </trkpt>
      <trkpt lat="55.418499" lon="-2.807326">
        <ele>113.0</ele>
      </trkpt>
      <trkpt lat="55.418541" lon="-2.807238">
        <ele>113.0</ele>
      </trkpt>
      <trkpt lat="55.418575" lon="-2.807167">
        <ele>113.0</ele>
      </trkpt>
      <trkpt lat="55.418606" lon="-2.807102">
        <ele>113.0</ele>
      </trkpt>
      <trkpt lat="55.418644" lon="-2.80702">
        <ele>113.0</ele>
      </trkpt>
      <trkpt lat="55.418686" lon="-2.806942">
        <ele>112.8</ele>
      </trkpt>
      <trkpt lat="55.418736" lon="-2.806851">
        <ele>112.8</ele>
      </trkpt>
      <trkpt lat="55.418774" lon="-2.806786">
        <ele>113.0</ele>
      </trkpt>
      <trkpt lat="55.418823" lon="-2.806718">
        <ele>113.0</ele>
      </trkpt>
      <trkpt lat="55.418858" lon="-2.806675">
        <ele>113.0</ele>
      </trkpt>
      <trkpt lat="55.418915" lon="-2.806605">
        <ele>113.2</ele>
      </trkpt>
      <trkpt lat="55.418961" lon="-2.80654">
        <ele>113.2</ele>
      </trkpt>
      <trkpt lat="55.419003" lon="-2.806477">
        <ele>113.2</ele>
      </trkpt>
      <trkpt lat="55.419041" lon="-2.806419">
        <ele>113.4</ele>
      </trkpt>
      <trkpt lat="55.41909" lon="-2.806362">
        <ele>113.4</ele>
      </trkpt>
      <trkpt lat="55.41914" lon="-2.806305">
        <ele>113.4</ele>
      </trkpt>
      <trkpt lat="55.419197" lon="-2.806231">
        <ele>113.4</ele>
      </trkpt>
      <trkpt lat="55.41925" lon="-2.806177">
        <ele>113.4</ele>
      </trkpt>
      <trkpt lat="55.4193" lon="-2.806124">
        <ele>113.6</ele>
      </trkpt>
      <trkpt lat="55.419342" lon="-2.806075">
        <ele>113.6</ele>
      </trkpt>
      <trkpt lat="55.419388" lon="-2.806024">
        <ele>113.6</ele>
      </trkpt>
      <trkpt lat="55.41943" lon="-2.805969">
        <ele>113.6</ele>
      </trkpt>
      <trkpt lat="55.419479" lon="-2.805902">
        <ele>113.6</ele>
      </trkpt>
      <trkpt lat="55.419529" lon="-2.805842">
        <ele>113.6</ele>
      </trkpt>
      <trkpt lat="55.419582" lon="-2.805784">
        <ele>113.8</ele>
      </trkpt>
      <trkpt lat="55.419632" lon="-2.805728">
        <ele>113.8</ele>
      </trkpt>
      <trkpt lat="55.419682" lon="-2.805672">
        <ele>113.8</ele>
      </trkpt>
      <trkpt lat="55.419731" lon="-2.805618">
        <ele>114.0</ele>
      </trkpt>
      <trkpt lat="55.419781" lon="-2.80557">
        <ele>114.0</ele>
      </trkpt>
      <trkpt lat="55.419815" lon="-2.805535">
        <ele>114.0</ele>
      </trkpt>
      <trkpt lat="55.419842" lon="-2.805511">
        <ele>114.2</ele>
      </trkpt>
      <trkpt lat="55.419861" lon="-2.805494">
        <ele>114.2</ele>
      </trkpt>
      <trkpt lat="55.41988" lon="-2.805482">
        <ele>114.2</ele>
      </trkpt>
      <trkpt lat="55.419895" lon="-2.805467">
        <ele>114.2</ele>
      </trkpt>
      <trkpt lat="55.419914" lon="-2.805446">
        <ele>114.2</ele>
      </trkpt>
      <trkpt lat="55.41993" lon="-2.805425">
        <ele>114.4</ele>
      </trkpt>
      <trkpt lat="55.419956" lon="-2.805397">
        <ele>114.4</ele>
      </trkpt>
      <trkpt lat="55.420002" lon="-2.805352">
        <ele>114.4</ele>
      </trkpt>
      <trkpt lat="55.420029" lon="-2.805327">
        <ele>114.4</ele>
      </trkpt>
      <trkpt lat="55.420029" lon="-2.805327">
        <ele>114.4</ele>
      </trkpt>
      <trkpt lat="55.420094" lon="-2.805279">
        <ele>114.4</ele>
      </trkpt>
      <trkpt lat="55.420139" lon="-2.805251">
        <ele>114.4</ele>
      </trkpt>
      <trkpt lat="55.420208" lon="-2.805208">
        <ele>114.6</ele>
      </trkpt>
      <trkpt lat="55.420269" lon="-2.805168">
        <ele>114.6</ele>
      </trkpt>
      <trkpt lat="55.420326" lon="-2.80512">
        <ele>114.6</ele>
      </trkpt>
      <trkpt lat="55.420376" lon="-2.805082">
        <ele>114.6</ele>
      </trkpt>
      <trkpt lat="55.420437" lon="-2.805024">
        <ele>114.6</ele>
      </trkpt>
      <trkpt lat="55.42049" lon="-2.804976">
        <ele>114.8</ele>
      </trkpt>
      <trkpt lat="55.420532" lon="-2.804937">
        <ele>114.8</ele>
      </trkpt>
      <trkpt lat="55.420567" lon="-2.804904">
        <ele>115.0</ele>
      </trkpt>
      <trkpt lat="55.420586" lon="-2.804879">
        <ele>115.2</ele>
      </trkpt>
      <trkpt lat="55.420609" lon="-2.804848">
        <ele>115.4</ele>
      </trkpt>
      <trkpt lat="55.42062" lon="-2.804838">
        <ele>115.6</ele>
      </trkpt>
      <trkpt lat="55.420647" lon="-2.80482">
        <ele>115.8</ele>
      </trkpt>
      <trkpt lat="55.420677" lon="-2.804796">
        <ele>115.8</ele>
      </trkpt>
      <trkpt lat="55.420719" lon="-2.804737">
        <ele>116.0</ele>
      </trkpt>
      <trkpt lat="55.420773" lon="-2.804665">
        <ele>116.0</ele>
      </trkpt>
      <trkpt lat="55.420822" lon="-2.804604">
        <ele>116.0</ele>
      </trkpt>
      <trkpt lat="55.420879" lon="-2.804536">
        <ele>116.0</ele>
      </trkpt>
      <trkpt lat="55.420959" lon="-2.80445">
        <ele>116.0</ele>
      </trkpt>
      <trkpt lat="55.421036" lon="-2.804364">
        <ele>116.0</ele>
      </trkpt>
      <trkpt lat="55.421127" lon="-2.804272">
        <ele>116.0</ele>
      </trkpt>
      <trkpt lat="55.421219" lon="-2.80419">
        <ele>116.0</ele>
      </trkpt>
      <trkpt lat="55.421314" lon="-2.804115">
        <ele>115.8</ele>
      </trkpt>
      <trkpt lat="55.421413" lon="-2.804044">
        <ele>115.6</ele>
      </trkpt>
      <trkpt lat="55.421513" lon="-2.803972">
        <ele>115.4</ele>
      </trkpt>
      <trkpt lat="55.4216" lon="-2.803903">
        <ele>115.2</ele>
      </trkpt>
      <trkpt lat="55.421684" lon="-2.803825">
        <ele>114.2</ele>
      </trkpt>
      <trkpt lat="55.421772" lon="-2.803746">
        <ele>113.6</ele>
      </trkpt>
      <trkpt lat="55.421848" lon="-2.803662">
        <ele>113.2</ele>
      </trkpt>
      <trkpt lat="55.421928" lon="-2.803597">
        <ele>112.4</ele>
      </trkpt>
      <trkpt lat="55.422009" lon="-2.803543">
        <ele>112.2</ele>
      </trkpt>
      <trkpt lat="55.422089" lon="-2.8035">
        <ele>112.0</ele>
      </trkpt>
      <trkpt lat="55.422161" lon="-2.803463">
        <ele>112.0</ele>
      </trkpt>
      <trkpt lat="55.422234" lon="-2.803442">
        <ele>112.0</ele>
      </trkpt>
      <trkpt lat="55.42231" lon="-2.803443">
        <ele>112.0</ele>
      </trkpt>
      <trkpt lat="55.422379" lon="-2.803476">
        <ele>112.0</ele>
      </trkpt>
      <trkpt lat="55.422436" lon="-2.803532">
        <ele>112.0</ele>
      </trkpt>
      <trkpt lat="55.422489" lon="-2.803597">
        <ele>112.2</ele>
      </trkpt>
      <trkpt lat="55.422531" lon="-2.803663">
        <ele>112.4</ele>
      </trkpt>
      <trkpt lat="55.422573" lon="-2.803729">
        <ele>112.4</ele>
      </trkpt>
      <trkpt lat="55.422611" lon="-2.803785">
        <ele>112.6</ele>
      </trkpt>
      <trkpt lat="55.422653" lon="-2.803836">
        <ele>112.6</ele>
      </trkpt>
      <trkpt lat="55.422699" lon="-2.803884">
        <ele>113.0</ele>
      </trkpt>
      <trkpt lat="55.422749" lon="-2.803932">
        <ele>113.4</ele>
      </trkpt>
      <trkpt lat="55.422798" lon="-2.803977">
        <ele>113.8</ele>
      </trkpt>
      <trkpt lat="55.422844" lon="-2.804029">
        <ele>114.4</ele>
      </trkpt>
      <trkpt lat="55.422886" lon="-2.804081">
        <ele>115.0</ele>
      </trkpt>
      <trkpt lat="55.422928" lon="-2.804118">
        <ele>115.4</ele>
      </trkpt>
      <trkpt lat="55.422958" lon="-2.804116">
        <ele>115.8</ele>
      </trkpt>
      <trkpt lat="55.422993" lon="-2.804088">
        <ele>116.0</ele>
      </trkpt>
      <trkpt lat="55.423031" lon="-2.804034">
        <ele>116.2</ele>
      </trkpt>
      <trkpt lat="55.423042" lon="-2.803981">
        <ele>116.2</ele>
      </trkpt>
      <trkpt lat="55.423046" lon="-2.803889">
        <ele>116.4</ele>
      </trkpt>
      <trkpt lat="55.423061" lon="-2.803748">
        <ele>116.4</ele>
      </trkpt>
      <trkpt lat="55.423077" lon="-2.803598">
        <ele>116.2</ele>
      </trkpt>
      <trkpt lat="55.423088" lon="-2.803451">
        <ele>116.2</ele>
      </trkpt>
      <trkpt lat="55.423107" lon="-2.803301">
        <ele>116.0</ele>
      </trkpt>
      <trkpt lat="55.423119" lon="-2.803154">
        <ele>115.6</ele>
      </trkpt>
      <trkpt lat="55.423122" lon="-2.803012">
        <ele>115.0</ele>
      </trkpt>
      <trkpt lat="55.42313" lon="-2.802886">
        <ele>114.8</ele>
      </trkpt>
      <trkpt lat="55.423138" lon="-2.802771">
        <ele>114.6</ele>
      </trkpt>
      <trkpt lat="55.42313" lon="-2.802657">
        <ele>114.4</ele>
      </trkpt>
      <trkpt lat="55.423122" lon="-2.802546">
        <ele>114.4</ele>
      </trkpt>
      <trkpt lat="55.423115" lon="-2.802441">
        <ele>114.4</ele>
      </trkpt>
      <trkpt lat="55.423103" lon="-2.802275">
        <ele>114.4</ele>
      </trkpt>
      <trkpt lat="55.423092" lon="-2.80217">
        <ele>114.4</ele>
      </trkpt>
      <trkpt lat="55.423092" lon="-2.80217">
        <ele>114.6</ele>
      </trkpt>
      <trkpt lat="55.42308" lon="-2.802065">
        <ele>114.6</ele>
      </trkpt>
      <trkpt lat="55.423061" lon="-2.801905">
        <ele>114.8</ele>
      </trkpt>
      <trkpt lat="55.423054" lon="-2.801779">
        <ele>115.2</ele>
      </trkpt>
      <trkpt lat="55.423046" lon="-2.801652">
        <ele>115.8</ele>
      </trkpt>
      <trkpt lat="55.423054" lon="-2.80152">
        <ele>115.8</ele>
      </trkpt>
      <trkpt lat="55.423065" lon="-2.801383">
        <ele>116.2</ele>
      </trkpt>
      <trkpt lat="55.423084" lon="-2.801246">
        <ele>116.2</ele>
      </trkpt>
      <trkpt lat="55.423107" lon="-2.801104">
        <ele>116.4</ele>
      </trkpt>
      <trkpt lat="55.42313" lon="-2.800956">
        <ele>116.4</ele>
      </trkpt>
      <trkpt lat="55.423153" lon="-2.800806">
        <ele>116.6</ele>
      </trkpt>
      <trkpt lat="55.423176" lon="-2.800656">
        <ele>116.6</ele>
      </trkpt>
      <trkpt lat="55.423199" lon="-2.800511">
        <ele>116.6</ele>
      </trkpt>
      <trkpt lat="55.423225" lon="-2.800369">
        <ele>116.6</ele>
      </trkpt>
      <trkpt lat="55.423241" lon="-2.800257">
        <ele>116.6</ele>
      </trkpt>
      <trkpt lat="55.423264" lon="-2.800089">
        <ele>116.4</ele>
      </trkpt>
      <trkpt lat="55.423286" lon="-2.799955">
        <ele>116.4</ele>
      </trkpt>
      <trkpt lat="55.423309" lon="-2.79983">
        <ele>116.2</ele>
      </trkpt>
      <trkpt lat="55.423328" lon="-2.799709">
        <ele>116.2</ele>
      </trkpt>
      <trkpt lat="55.42334" lon="-2.799602">
        <ele>116.2</ele>
      </trkpt>
      <trkpt lat="55.423351" lon="-2.799495">
        <ele>116.4</ele>
      </trkpt>
      <trkpt lat="55.423363" lon="-2.799387">
        <ele>116.4</ele>
      </trkpt>
      <trkpt lat="55.423378" lon="-2.79928">
        <ele>116.4</ele>
      </trkpt>
      <trkpt lat="55.423386" lon="-2.799191">
        <ele>116.4</ele>
      </trkpt>
      <trkpt lat="55.423397" lon="-2.799057">
        <ele>116.4</ele>
      </trkpt>
      <trkpt lat="55.423405" lon="-2.798941">
        <ele>116.6</ele>
      </trkpt>
      <trkpt lat="55.423405" lon="-2.798824">
        <ele>116.8</ele>
      </trkpt>
      <trkpt lat="55.423405" lon="-2.798731">
        <ele>117.4</ele>
      </trkpt>
      <trkpt lat="55.423393" lon="-2.798587">
        <ele>117.6</ele>
      </trkpt>
      <trkpt lat="55.423386" lon="-2.798461">
        <ele>117.8</ele>
      </trkpt>
      <trkpt lat="55.423378" lon="-2.798334">
        <ele>117.8</ele>
      </trkpt>
      <trkpt lat="55.423367" lon="-2.7982">
        <ele>118.0</ele>
      </trkpt>
      <trkpt lat="55.423359" lon="-2.79806">
        <ele>118.0</ele>
      </trkpt>
      <trkpt lat="55.423351" lon="-2.797916">
        <ele>118.0</ele>
      </trkpt>
      <trkpt lat="55.423344" lon="-2.79777">
        <ele>117.8</ele>
      </trkpt>
      <trkpt lat="55.423332" lon="-2.797621">
        <ele>117.6</ele>
      </trkpt>
      <trkpt lat="55.423321" lon="-2.797499">
        <ele>117.6</ele>
      </trkpt>
      <trkpt lat="55.423306" lon="-2.797319">
        <ele>117.0</ele>
      </trkpt>
      <trkpt lat="55.42329" lon="-2.79717">
        <ele>116.6</ele>
      </trkpt>
      <trkpt lat="55.423271" lon="-2.797021">
        <ele>115.8</ele>
      </trkpt>
      <trkpt lat="55.42326" lon="-2.796874">
        <ele>115.6</ele>
      </trkpt>
      <trkpt lat="55.423244" lon="-2.796725">
        <ele>115.0</ele>
      </trkpt>
      <trkpt lat="55.423233" lon="-2.796572">
        <ele>114.6</ele>
      </trkpt>
      <trkpt lat="55.423222" lon="-2.796417">
        <ele>114.4</ele>
      </trkpt>
      <trkpt lat="55.42321" lon="-2.796266">
        <ele>114.0</ele>
      </trkpt>
      <trkpt lat="55.423195" lon="-2.796123">
        <ele>113.8</ele>
      </trkpt>
      <trkpt lat="55.423183" lon="-2.795987">
        <ele>113.4</ele>
      </trkpt>
      <trkpt lat="55.423176" lon="-2.795868">
        <ele>113.2</ele>
      </trkpt>
      <trkpt lat="55.423168" lon="-2.795756">
        <ele>112.6</ele>
      </trkpt>
      <trkpt lat="55.423172" lon="-2.795653">
        <ele>111.6</ele>
      </trkpt>
      <trkpt lat="55.423183" lon="-2.795568">
        <ele>111.2</ele>
      </trkpt>
      <trkpt lat="55.423203" lon="-2.795501">
        <ele>109.6</ele>
      </trkpt>
      <trkpt lat="55.423222" lon="-2.795457">
        <ele>109.2</ele>
      </trkpt>
      <trkpt lat="55.423237" lon="-2.795419">
        <ele>108.0</ele>
      </trkpt>
      <trkpt lat="55.423237" lon="-2.795372">
        <ele>107.4</ele>
      </trkpt>
      <trkpt lat="55.423218" lon="-2.79531">
        <ele>107.0</ele>
      </trkpt>
      <trkpt lat="55.423183" lon="-2.795244">
        <ele>106.4</ele>
      </trkpt>
      <trkpt lat="55.423145" lon="-2.79517">
        <ele>106.4</ele>
      </trkpt>
      <trkpt lat="55.423103" lon="-2.795081">
        <ele>105.6</ele>
      </trkpt>
      <trkpt lat="55.423073" lon="-2.794969">
        <ele>105.4</ele>
      </trkpt>
      <trkpt lat="55.42305" lon="-2.794841">
        <ele>104.8</ele>
      </trkpt>
      <trkpt lat="55.423042" lon="-2.79471">
        <ele>104.4</ele>
      </trkpt>
      <trkpt lat="55.423038" lon="-2.794575">
        <ele>104.4</ele>
      </trkpt>
      <trkpt lat="55.423038" lon="-2.794439">
        <ele>103.8</ele>
      </trkpt>
      <trkpt lat="55.423042" lon="-2.794301">
        <ele>103.6</ele>
      </trkpt>
      <trkpt lat="55.42305" lon="-2.794161">
        <ele>103.4</ele>
      </trkpt>
      <trkpt lat="55.423054" lon="-2.794018">
        <ele>103.2</ele>
      </trkpt>
      <trkpt lat="55.423061" lon="-2.79387">
        <ele>103.0</ele>
      </trkpt>
      <trkpt lat="55.423069" lon="-2.793718">
        <ele>102.6</ele>
      </trkpt>
      <trkpt lat="55.42308" lon="-2.793563">
        <ele>102.4</ele>
      </trkpt>
      <trkpt lat="55.423096" lon="-2.793404">
        <ele>102.2</ele>
      </trkpt>
      <trkpt lat="55.423111" lon="-2.793246">
        <ele>102.0</ele>
      </trkpt>
      <trkpt lat="55.423126" lon="-2.793085">
        <ele>102.0</ele>
      </trkpt>
      <trkpt lat="55.423141" lon="-2.792928">
        <ele>101.8</ele>
      </trkpt>
      <trkpt lat="55.423153" lon="-2.792771">
        <ele>101.6</ele>
      </trkpt>
      <trkpt lat="55.423168" lon="-2.792615">
        <ele>101.4</ele>
      </trkpt>
      <trkpt lat="55.423176" lon="-2.792459">
        <ele>101.4</ele>
      </trkpt>
      <trkpt lat="55.423191" lon="-2.792309">
        <ele>101.2</ele>
      </trkpt>
      <trkpt lat="55.423203" lon="-2.792162">
        <ele>101.2</ele>
      </trkpt>
      <trkpt lat="55.423218" lon="-2.792021">
        <ele>101.2</ele>
      </trkpt>
      <trkpt lat="55.423241" lon="-2.791801">
        <ele>101.0</ele>
      </trkpt>
      <trkpt lat="55.423252" lon="-2.791695">
        <ele>100.8</ele>
      </trkpt>
      <trkpt lat="55.423252" lon="-2.791695">
        <ele>100.6</ele>
      </trkpt>
      <trkpt lat="55.423283" lon="-2.791487">
        <ele>100.6</ele>
      </trkpt>
      <trkpt lat="55.423306" lon="-2.791358">
        <ele>100.6</ele>
      </trkpt>
      <trkpt lat="55.423321" lon="-2.791259">
        <ele>100.2</ele>
      </trkpt>
      <trkpt lat="55.423344" lon="-2.791113">
        <ele>100.2</ele>
      </trkpt>
      <trkpt lat="55.423367" lon="-2.790992">
        <ele>100.2</ele>
      </trkpt>
      <trkpt lat="55.423382" lon="-2.790895">
        <ele>100.0</ele>
      </trkpt>
      <trkpt lat="55.423401" lon="-2.790772">
        <ele>100.0</ele>
      </trkpt>
      <trkpt lat="55.423416" lon="-2.790655">
        <ele>100.0</ele>
      </trkpt>
      <trkpt lat="55.423431" lon="-2.79056">
        <ele>100.0</ele>
      </trkpt>
      <trkpt lat="55.423454" lon="-2.790478">
        <ele>99.8</ele>
      </trkpt>
      <trkpt lat="55.423481" lon="-2.790447">
        <ele>99.8</ele>
      </trkpt>
      <trkpt lat="55.423527" lon="-2.790431">
        <ele>99.8</ele>
      </trkpt>
      <trkpt lat="55.423584" lon="-2.790442">
        <ele>99.6</ele>
      </trkpt>
      <trkpt lat="55.423641" lon="-2.790468">
        <ele>99.4</ele>
      </trkpt>
      <trkpt lat="55.423702" lon="-2.790492">
        <ele>99.4</ele>
      </trkpt>
      <trkpt lat="55.423767" lon="-2.79051">
        <ele>99.2</ele>
      </trkpt>
      <trkpt lat="55.42382" lon="-2.790499">
        <ele>99.2</ele>
      </trkpt>
      <trkpt lat="55.423882" lon="-2.790458">
        <ele>99.0</ele>
      </trkpt>
      <trkpt lat="55.423931" lon="-2.79038">
        <ele>99.0</ele>
      </trkpt>
      <trkpt lat="55.423977" lon="-2.79028">
        <ele>98.8</ele>
      </trkpt>
      <trkpt lat="55.424023" lon="-2.790178">
        <ele>98.8</ele>
      </trkpt>
      <trkpt lat="55.424084" lon="-2.790094">
        <ele>98.8</ele>
      </trkpt>
      <trkpt lat="55.424152" lon="-2.790027">
        <ele>98.8</ele>
      </trkpt>
      <trkpt lat="55.424225" lon="-2.789969">
        <ele>98.6</ele>
      </trkpt>
      <trkpt lat="55.424297" lon="-2.789921">
        <ele>98.6</ele>
      </trkpt>
      <trkpt lat="55.424374" lon="-2.78987">
        <ele>98.4</ele>
      </trkpt>
      <trkpt lat="55.424442" lon="-2.789813">
        <ele>98.2</ele>
      </trkpt>
      <trkpt lat="55.424515" lon="-2.789755">
        <ele>98.0</ele>
      </trkpt>
      <trkpt lat="55.424587" lon="-2.789697">
        <ele>97.8</ele>
      </trkpt>
      <trkpt lat="55.42466" lon="-2.789635">
        <ele>98.0</ele>
      </trkpt>
      <trkpt lat="55.424728" lon="-2.78957">
        <ele>97.8</ele>
      </trkpt>
      <trkpt lat="55.424801" lon="-2.789505">
        <ele>97.8</ele>
      </trkpt>
      <trkpt lat="55.424889" lon="-2.789428">
        <ele>97.6</ele>
      </trkpt>
      <trkpt lat="55.424942" lon="-2.78938">
        <ele>97.6</ele>
      </trkpt>
      <trkpt lat="55.425014" lon="-2.789321">
        <ele>97.8</ele>
      </trkpt>
      <trkpt lat="55.425102" lon="-2.789255">
        <ele>97.8</ele>
      </trkpt>
      <trkpt lat="55.425175" lon="-2.7892">
        <ele>97.8</ele>
      </trkpt>
      <trkpt lat="55.425224" lon="-2.789159">
        <ele>97.8</ele>
      </trkpt>
      <trkpt lat="55.425282" lon="-2.789103">
        <ele>97.8</ele>
      </trkpt>
      <trkpt lat="55.42532" lon="-2.789024">
        <ele>97.8</ele>
      </trkpt>
      <trkpt lat="55.425331" lon="-2.788911">
        <ele>97.8</ele>
      </trkpt>
      <trkpt lat="55.425316" lon="-2.788807">
        <ele>97.8</ele>
      </trkpt>
      <trkpt lat="55.425293" lon="-2.788694">
        <ele>97.8</ele>
      </trkpt>
      <trkpt lat="55.425278" lon="-2.788604">
        <ele>97.8</ele>
      </trkpt>
      <trkpt lat="55.425251" lon="-2.788474">
        <ele>97.8</ele>
      </trkpt>
      <trkpt lat="55.425232" lon="-2.788369">
        <ele>97.8</ele>
      </trkpt>
      <trkpt lat="55.425217" lon="-2.788292">
        <ele>97.8</ele>
      </trkpt>
      <trkpt lat="55.425209" lon="-2.78822">
        <ele>97.8</ele>
      </trkpt>
      <trkpt lat="55.425201" lon="-2.788178">
        <ele>97.8</ele>
      </trkpt>
      <trkpt lat="55.425201" lon="-2.788152">
        <ele>97.8</ele>
      </trkpt>
      <trkpt lat="55.425209" lon="-2.788126">
        <ele>97.8</ele>
      </trkpt>
      <trkpt lat="55.425224" lon="-2.788102">
        <ele>97.8</ele>
      </trkpt>
      <trkpt lat="55.425243" lon="-2.788082">
        <ele>97.8</ele>
      </trkpt>
      <trkpt lat="55.425278" lon="-2.788065">
        <ele>97.8</ele>
      </trkpt>
      <trkpt lat="55.425327" lon="-2.788049">
        <ele>97.8</ele>
      </trkpt>
      <trkpt lat="55.425369" lon="-2.788039">
        <ele>97.8</ele>
      </trkpt>
      <trkpt lat="55.425426" lon="-2.788031">
        <ele>97.8</ele>
      </trkpt>
      <trkpt lat="55.425488" lon="-2.788018">
        <ele>97.8</ele>
      </trkpt>
      <trkpt lat="55.425552" lon="-2.788005">
        <ele>97.8</ele>
      </trkpt>
      <trkpt lat="55.425621" lon="-2.787986">
        <ele>97.6</ele>
      </trkpt>
      <trkpt lat="55.42569" lon="-2.787965">
        <ele>97.6</ele>
      </trkpt>
      <trkpt lat="55.425762" lon="-2.787939">
        <ele>97.6</ele>
      </trkpt>
      <trkpt lat="55.42585" lon="-2.787899">
        <ele>97.6</ele>
      </trkpt>
      <trkpt lat="55.425926" lon="-2.78786">
        <ele>97.4</ele>
      </trkpt>
      <trkpt lat="55.425983" lon="-2.787827">
        <ele>97.4</ele>
      </trkpt>
      <trkpt lat="55.42606" lon="-2.787781">
        <ele>97.4</ele>
      </trkpt>
      <trkpt lat="55.426136" lon="-2.787728">
        <ele>97.4</ele>
      </trkpt>
      <trkpt lat="55.426205" lon="-2.787671">
        <ele>97.4</ele>
      </trkpt>
      <trkpt lat="55.426292" lon="-2.787603">
        <ele>97.4</ele>
      </trkpt>
      <trkpt lat="55.42635" lon="-2.787559">
        <ele>97.4</ele>
      </trkpt>
      <trkpt lat="55.426422" lon="-2.787497">
        <ele>97.4</ele>
      </trkpt>
      <trkpt lat="55.426506" lon="-2.787416">
        <ele>97.4</ele>
      </trkpt>
      <trkpt lat="55.426571" lon="-2.787343">
        <ele>97.4</ele>
      </trkpt>
      <trkpt lat="55.426624" lon="-2.787283">
        <ele>97.4</ele>
      </trkpt>
      <trkpt lat="55.426693" lon="-2.787206">
        <ele>97.4</ele>
      </trkpt>
      <trkpt lat="55.426762" lon="-2.787129">
        <ele>97.4</ele>
      </trkpt>
      <trkpt lat="55.42683" lon="-2.787053">
        <ele>97.4</ele>
      </trkpt>
      <trkpt lat="55.42691" lon="-2.786963">
        <ele>97.4</ele>
      </trkpt>
      <trkpt lat="55.426979" lon="-2.786892">
        <ele>97.4</ele>
      </trkpt>
      <trkpt lat="55.427032" lon="-2.786834">
        <ele>97.4</ele>
      </trkpt>
      <trkpt lat="55.427097" lon="-2.786762">
        <ele>97.4</ele>
      </trkpt>
      <trkpt lat="55.427162" lon="-2.78669">
        <ele>97.4</ele>
      </trkpt>
      <trkpt lat="55.427223" lon="-2.786615">
        <ele>97.4</ele>
      </trkpt>
      <trkpt lat="55.427284" lon="-2.786535">
        <ele>97.4</ele>
      </trkpt>
      <trkpt lat="55.427341" lon="-2.786452">
        <ele>97.4</ele>
      </trkpt>
      <trkpt lat="55.427452" lon="-2.786294">
        <ele>97.4</ele>
      </trkpt>
      <trkpt lat="55.427502" lon="-2.786221">
        <ele>97.4</ele>
      </trkpt>
      <trkpt lat="55.427502" lon="-2.786221">
        <ele>97.4</ele>
      </trkpt>
      <trkpt lat="55.427593" lon="-2.786063">
        <ele>97.6</ele>
      </trkpt>
      <trkpt lat="55.427639" lon="-2.785982">
        <ele>97.6</ele>
      </trkpt>
      <trkpt lat="55.427692" lon="-2.78588">
        <ele>97.6</ele>
      </trkpt>
      <trkpt lat="55.427757" lon="-2.785755">
        <ele>97.6</ele>
      </trkpt>
      <trkpt lat="55.427795" lon="-2.785672">
        <ele>97.6</ele>
      </trkpt>
      <trkpt lat="55.427841" lon="-2.785563">
        <ele>97.8</ele>
      </trkpt>
      <trkpt lat="55.427883" lon="-2.78545">
        <ele>97.8</ele>
      </trkpt>
      <trkpt lat="55.427921" lon="-2.785335">
        <ele>98.0</ele>
      </trkpt>
      <trkpt lat="55.427948" lon="-2.78522">
        <ele>98.0</ele>
      </trkpt>
      <trkpt lat="55.427982" lon="-2.785115">
        <ele>98.2</ele>
      </trkpt>
      <trkpt lat="55.428017" lon="-2.785023">
        <ele>98.4</ele>
      </trkpt>
      <trkpt lat="55.428059" lon="-2.784949">
        <ele>98.6</ele>
      </trkpt>
      <trkpt lat="55.428108" lon="-2.784875">
        <ele>98.8</ele>
      </trkpt>
      <trkpt lat="55.428146" lon="-2.784834">
        <ele>99.0</ele>
      </trkpt>
      <trkpt lat="55.428196" lon="-2.784791">
        <ele>99.8</ele>
      </trkpt>
      <trkpt lat="55.428268" lon="-2.78476">
        <ele>100.0</ele>
      </trkpt>
      <trkpt lat="55.428333" lon="-2.784761">
        <ele>100.4</ele>
      </trkpt>
      <trkpt lat="55.428383" lon="-2.78478">
        <ele>100.6</ele>
      </trkpt>
      <trkpt lat="55.428452" lon="-2.784808">
        <ele>100.8</ele>
      </trkpt>
      <trkpt lat="55.428516" lon="-2.784844">
        <ele>101.0</ele>
      </trkpt>
      <trkpt lat="55.428581" lon="-2.784891">
        <ele>101.0</ele>
      </trkpt>
      <trkpt lat="55.428654" lon="-2.784951">
        <ele>101.2</ele>
      </trkpt>
      <trkpt lat="55.428696" lon="-2.784993">
        <ele>101.2</ele>
      </trkpt>
      <trkpt lat="55.428745" lon="-2.785047">
        <ele>101.2</ele>
      </trkpt>
      <trkpt lat="55.428799" lon="-2.785105">
        <ele>101.4</ele>
      </trkpt>
      <trkpt lat="55.428837" lon="-2.785144">
        <ele>101.4</ele>
      </trkpt>
      <trkpt lat="55.428867" lon="-2.785174">
        <ele>101.4</ele>
      </trkpt>
      <trkpt lat="55.428909" lon="-2.78521">
        <ele>101.4</ele>
      </trkpt>
      <trkpt lat="55.428955" lon="-2.785247">
        <ele>101.8</ele>
      </trkpt>
      <trkpt lat="55.429001" lon="-2.78528">
        <ele>102.0</ele>
      </trkpt>
      <trkpt lat="55.42907" lon="-2.785316">
        <ele>102.2</ele>
      </trkpt>
      <trkpt lat="55.429115" lon="-2.785342">
        <ele>102.6</ele>
      </trkpt>
      <trkpt lat="55.42918" lon="-2.785369">
        <ele>102.8</ele>
      </trkpt>
      <trkpt lat="55.42926" lon="-2.785391">
        <ele>103.0</ele>
      </trkpt>
      <trkpt lat="55.42931" lon="-2.785396">
        <ele>103.2</ele>
      </trkpt>
      <trkpt lat="55.429375" lon="-2.785396">
        <ele>103.6</ele>
      </trkpt>
      <trkpt lat="55.42944" lon="-2.785386">
        <ele>103.6</ele>
      </trkpt>
      <trkpt lat="55.429501" lon="-2.785369">
        <ele>103.8</ele>
      </trkpt>
      <trkpt lat="55.429562" lon="-2.785356">
        <ele>104.0</ele>
      </trkpt>
      <trkpt lat="55.429626" lon="-2.785346">
        <ele>104.2</ele>
      </trkpt>
      <trkpt lat="55.429688" lon="-2.78533">
        <ele>104.6</ele>
      </trkpt>
      <trkpt lat="55.429749" lon="-2.785313">
        <ele>104.6</ele>
      </trkpt>
      <trkpt lat="55.429813" lon="-2.785292">
        <ele>104.8</ele>
      </trkpt>
      <trkpt lat="55.429882" lon="-2.785252">
        <ele>105.0</ele>
      </trkpt>
      <trkpt lat="55.429928" lon="-2.785211">
        <ele>105.6</ele>
      </trkpt>
      <trkpt lat="55.429981" lon="-2.78515">
        <ele>106.0</ele>
      </trkpt>
      <trkpt lat="55.430035" lon="-2.785082">
        <ele>106.2</ele>
      </trkpt>
      <trkpt lat="55.430092" lon="-2.784997">
        <ele>106.8</ele>
      </trkpt>
      <trkpt lat="55.430138" lon="-2.784922">
        <ele>107.2</ele>
      </trkpt>
      <trkpt lat="55.430183" lon="-2.784844">
        <ele>107.6</ele>
      </trkpt>
      <trkpt lat="55.430229" lon="-2.784764">
        <ele>108.0</ele>
      </trkpt>
      <trkpt lat="55.430275" lon="-2.784683">
        <ele>108.2</ele>
      </trkpt>
      <trkpt lat="55.430317" lon="-2.784602">
        <ele>109.0</ele>
      </trkpt>
      <trkpt lat="55.430363" lon="-2.78452">
        <ele>109.2</ele>
      </trkpt>
      <trkpt lat="55.430405" lon="-2.784436">
        <ele>110.0</ele>
      </trkpt>
      <trkpt lat="55.43045" lon="-2.784352">
        <ele>110.2</ele>
      </trkpt>
      <trkpt lat="55.430492" lon="-2.784265">
        <ele>111.0</ele>
      </trkpt>
      <trkpt lat="55.430538" lon="-2.78418">
        <ele>111.4</ele>
      </trkpt>
      <trkpt lat="55.43058" lon="-2.784097">
        <ele>111.6</ele>
      </trkpt>
      <trkpt lat="55.430649" lon="-2.783961">
        <ele>112.0</ele>
      </trkpt>
      <trkpt lat="55.430691" lon="-2.783877">
        <ele>112.2</ele>
      </trkpt>
      <trkpt lat="55.430691" lon="-2.783877">
        <ele>112.6</ele>
      </trkpt>
      <trkpt lat="55.430752" lon="-2.783757">
        <ele>113.0</ele>
      </trkpt>
      <trkpt lat="55.430794" lon="-2.78367">
        <ele>113.4</ele>
      </trkpt>
      <trkpt lat="55.43084" lon="-2.783582">
        <ele>113.8</ele>
      </trkpt>
      <trkpt lat="55.430882" lon="-2.783494">
        <ele>114.0</ele>
      </trkpt>
      <trkpt lat="55.430927" lon="-2.783405">
        <ele>114.4</ele>
      </trkpt>
      <trkpt lat="55.430973" lon="-2.783318">
        <ele>114.4</ele>
      </trkpt>
      <trkpt lat="55.431019" lon="-2.783226">
        <ele>114.8</ele>
      </trkpt>
      <trkpt lat="55.431065" lon="-2.783135">
        <ele>114.8</ele>
      </trkpt>
      <trkpt lat="55.43111" lon="-2.783044">
        <ele>114.8</ele>
      </trkpt>
      <trkpt lat="55.431156" lon="-2.782952">
        <ele>115.0</ele>
      </trkpt>
      <trkpt lat="55.431202" lon="-2.782861">
        <ele>115.0</ele>
      </trkpt>
      <trkpt lat="55.431248" lon="-2.78277">
        <ele>115.0</ele>
      </trkpt>
      <trkpt lat="55.431293" lon="-2.782677">
        <ele>115.0</ele>
      </trkpt>
      <trkpt lat="55.431335" lon="-2.782587">
        <ele>115.0</ele>
      </trkpt>
      <trkpt lat="55.431381" lon="-2.782499">
        <ele>115.2</ele>
      </trkpt>
      <trkpt lat="55.431427" lon="-2.782411">
        <ele>115.2</ele>
      </trkpt>
      <trkpt lat="55.431469" lon="-2.78232">
        <ele>115.2</ele>
      </trkpt>
      <trkpt lat="55.431515" lon="-2.782229">
        <ele>115.2</ele>
      </trkpt>
      <trkpt lat="55.431557" lon="-2.78214">
        <ele>115.2</ele>
      </trkpt>
      <trkpt lat="55.431602" lon="-2.782049">
        <ele>115.4</ele>
      </trkpt>
      <trkpt lat="55.431652" lon="-2.781956">
        <ele>115.4</ele>
      </trkpt>
      <trkpt lat="55.431702" lon="-2.781861">
        <ele>115.6</ele>
      </trkpt>
      <trkpt lat="55.431755" lon="-2.78177">
        <ele>115.6</ele>
      </trkpt>
      <trkpt lat="55.431808" lon="-2.781673">
        <ele>115.6</ele>
      </trkpt>
      <trkpt lat="55.431866" lon="-2.781576">
        <ele>115.6</ele>
      </trkpt>
      <trkpt lat="55.431927" lon="-2.781478">
        <ele>115.6</ele>
      </trkpt>
      <trkpt lat="55.431988" lon="-2.78138">
        <ele>115.6</ele>
      </trkpt>
      <trkpt lat="55.432049" lon="-2.781282">
        <ele>115.6</ele>
      </trkpt>
      <trkpt lat="55.432098" lon="-2.781203">
        <ele>115.4</ele>
      </trkpt>
      <trkpt lat="55.432171" lon="-2.781089">
        <ele>115.4</ele>
      </trkpt>
      <trkpt lat="55.432236" lon="-2.781001">
        <ele>115.0</ele>
      </trkpt>
      <trkpt lat="55.432289" lon="-2.780936">
        <ele>114.6</ele>
      </trkpt>
      <trkpt lat="55.432354" lon="-2.780856">
        <ele>114.4</ele>
      </trkpt>
      <trkpt lat="55.432415" lon="-2.780782">
        <ele>114.2</ele>
      </trkpt>
      <trkpt lat="55.432476" lon="-2.780707">
        <ele>114.2</ele>
      </trkpt>
      <trkpt lat="55.432537" lon="-2.780636">
        <ele>114.0</ele>
      </trkpt>
      <trkpt lat="55.432594" lon="-2.780566">
        <ele>114.0</ele>
      </trkpt>
      <trkpt lat="55.432655" lon="-2.780502">
        <ele>114.0</ele>
      </trkpt>
      <trkpt lat="55.432713" lon="-2.780444">
        <ele>114.0</ele>
      </trkpt>
      <trkpt lat="55.43277" lon="-2.780393">
        <ele>114.0</ele>
      </trkpt>
      <trkpt lat="55.432827" lon="-2.780347">
        <ele>114.2</ele>
      </trkpt>
      <trkpt lat="55.432884" lon="-2.780303">
        <ele>114.4</ele>
      </trkpt>
      <trkpt lat="55.432941" lon="-2.780261">
        <ele>114.6</ele>
      </trkpt>
      <trkpt lat="55.43301" lon="-2.780215">
        <ele>115.0</ele>
      </trkpt>
      <trkpt lat="55.433071" lon="-2.780181">
        <ele>115.2</ele>
      </trkpt>
      <trkpt lat="55.433121" lon="-2.780153">
        <ele>115.6</ele>
      </trkpt>
      <trkpt lat="55.433182" lon="-2.780119">
        <ele>115.6</ele>
      </trkpt>
      <trkpt lat="55.433258" lon="-2.780082">
        <ele>116.2</ele>
      </trkpt>
      <trkpt lat="55.433308" lon="-2.780059">
        <ele>116.4</ele>
      </trkpt>
      <trkpt lat="55.433369" lon="-2.780033">
        <ele>116.8</ele>
      </trkpt>
      <trkpt lat="55.43343" lon="-2.78001">
        <ele>117.2</ele>
      </trkpt>
      <trkpt lat="55.433491" lon="-2.779992">
        <ele>117.2</ele>
      </trkpt>
      <trkpt lat="55.433563" lon="-2.77997">
        <ele>117.6</ele>
      </trkpt>
      <trkpt lat="55.433628" lon="-2.779953">
        <ele>117.6</ele>
      </trkpt>
      <trkpt lat="55.433678" lon="-2.779944">
        <ele>118.2</ele>
      </trkpt>
      <trkpt lat="55.433754" lon="-2.779936">
        <ele>118.4</ele>
      </trkpt>
      <trkpt lat="55.433819" lon="-2.77993">
        <ele>118.8</ele>
      </trkpt>
      <trkpt lat="55.433922" lon="-2.779919">
        <ele>119.6</ele>
      </trkpt>
      <trkpt lat="55.433975" lon="-2.779918">
        <ele>119.8</ele>
      </trkpt>
      <trkpt lat="55.433975" lon="-2.779918">
        <ele>120.2</ele>
      </trkpt>
      <trkpt lat="55.434074" lon="-2.779913">
        <ele>120.6</ele>
      </trkpt>
      <trkpt lat="55.434124" lon="-2.779911">
        <ele>120.8</ele>
      </trkpt>
      <trkpt lat="55.434189" lon="-2.779909">
        <ele>121.2</ele>
      </trkpt>
      <trkpt lat="55.43425" lon="-2.779908">
        <ele>121.4</ele>
      </trkpt>
      <trkpt lat="55.434307" lon="-2.779907">
        <ele>121.8</ele>
      </trkpt>
      <trkpt lat="55.434368" lon="-2.779909">
        <ele>122.0</ele>
      </trkpt>
      <trkpt lat="55.434441" lon="-2.779913">
        <ele>122.4</ele>
      </trkpt>
      <trkpt lat="55.434494" lon="-2.779915">
        <ele>122.6</ele>
      </trkpt>
      <trkpt lat="55.434555" lon="-2.779921">
        <ele>123.0</ele>
      </trkpt>
      <trkpt lat="55.434631" lon="-2.77993">
        <ele>123.6</ele>
      </trkpt>
      <trkpt lat="55.434677" lon="-2.779938">
        <ele>123.8</ele>
      </trkpt>
      <trkpt lat="55.434738" lon="-2.779946">
        <ele>124.2</ele>
      </trkpt>
      <trkpt lat="55.434799" lon="-2.779954">
        <ele>124.4</ele>
      </trkpt>
      <trkpt lat="55.434872" lon="-2.779964">
        <ele>125.0</ele>
      </trkpt>
      <trkpt lat="55.434921" lon="-2.779965">
        <ele>125.4</ele>
      </trkpt>
      <trkpt lat="55.434986" lon="-2.779966">
        <ele>125.6</ele>
      </trkpt>
      <trkpt lat="55.435047" lon="-2.779966">
        <ele>126.2</ele>
      </trkpt>
      <trkpt lat="55.435112" lon="-2.779962">
        <ele>126.4</ele>
      </trkpt>
      <trkpt lat="55.435196" lon="-2.779949">
        <ele>126.8</ele>
      </trkpt>
      <trkpt lat="55.435249" lon="-2.779945">
        <ele>127.2</ele>
      </trkpt>
      <trkpt lat="55.435314" lon="-2.779942">
        <ele>127.8</ele>
      </trkpt>
      <trkpt lat="55.435383" lon="-2.779937">
        <ele>128.2</ele>
      </trkpt>
      <trkpt lat="55.435444" lon="-2.779926">
        <ele>128.4</ele>
      </trkpt>
      <trkpt lat="55.435505" lon="-2.779917">
        <ele>128.8</ele>
      </trkpt>
      <trkpt lat="55.435585" lon="-2.779897">
        <ele>129.2</ele>
      </trkpt>
      <trkpt lat="55.43565" lon="-2.77988">
        <ele>129.6</ele>
      </trkpt>
      <trkpt lat="55.435715" lon="-2.779863">
        <ele>130.0</ele>
      </trkpt>
      <trkpt lat="55.43578" lon="-2.779843">
        <ele>130.4</ele>
      </trkpt>
      <trkpt lat="55.435841" lon="-2.77982">
        <ele>130.8</ele>
      </trkpt>
      <trkpt lat="55.435902" lon="-2.779797">
        <ele>131.0</ele>
      </trkpt>
      <trkpt lat="55.435966" lon="-2.779775">
        <ele>131.4</ele>
      </trkpt>
      <trkpt lat="55.436031" lon="-2.779752">
        <ele>131.6</ele>
      </trkpt>
      <trkpt lat="55.436092" lon="-2.779724">
        <ele>132.0</ele>
      </trkpt>
      <trkpt lat="55.436153" lon="-2.779695">
        <ele>132.6</ele>
      </trkpt>
      <trkpt lat="55.436218" lon="-2.779667">
        <ele>132.8</ele>
      </trkpt>
      <trkpt lat="55.436279" lon="-2.779633">
        <ele>133.2</ele>
      </trkpt>
      <trkpt lat="55.43634" lon="-2.779597">
        <ele>133.4</ele>
      </trkpt>
      <trkpt lat="55.436401" lon="-2.779561">
        <ele>133.8</ele>
      </trkpt>
      <trkpt lat="55.436462" lon="-2.779523">
        <ele>133.8</ele>
      </trkpt>
      <trkpt lat="55.43652" lon="-2.779479">
        <ele>134.4</ele>
      </trkpt>
      <trkpt lat="55.436581" lon="-2.779434">
        <ele>134.8</ele>
      </trkpt>
      <trkpt lat="55.436638" lon="-2.77939">
        <ele>134.8</ele>
      </trkpt>
      <trkpt lat="55.436695" lon="-2.779346">
        <ele>135.2</ele>
      </trkpt>
      <trkpt lat="55.436752" lon="-2.779298">
        <ele>135.4</ele>
      </trkpt>
      <trkpt lat="55.43681" lon="-2.779248">
        <ele>136.0</ele>
      </trkpt>
      <trkpt lat="55.436867" lon="-2.779199">
        <ele>136.6</ele>
      </trkpt>
      <trkpt lat="55.436924" lon="-2.779147">
        <ele>136.8</ele>
      </trkpt>
      <trkpt lat="55.436981" lon="-2.779093">
        <ele>137.2</ele>
      </trkpt>
      <trkpt lat="55.437035" lon="-2.779038">
        <ele>137.6</ele>
      </trkpt>
      <trkpt lat="55.437092" lon="-2.778983">
        <ele>138.0</ele>
      </trkpt>
      <trkpt lat="55.437149" lon="-2.778928">
        <ele>138.4</ele>
      </trkpt>
      <trkpt lat="55.437202" lon="-2.778874">
        <ele>139.2</ele>
      </trkpt>
      <trkpt lat="55.437256" lon="-2.778817">
        <ele>139.6</ele>
      </trkpt>
      <trkpt lat="55.437309" lon="-2.778758">
        <ele>139.8</ele>
      </trkpt>
      <trkpt lat="55.437359" lon="-2.778697">
        <ele>140.0</ele>
      </trkpt>
      <trkpt lat="55.437408" lon="-2.778634">
        <ele>140.2</ele>
      </trkpt>
      <trkpt lat="55.437458" lon="-2.778572">
        <ele>140.6</ele>
      </trkpt>
      <trkpt lat="55.437546" lon="-2.778474">
        <ele>141.0</ele>
      </trkpt>
      <trkpt lat="55.437603" lon="-2.778415">
        <ele>141.2</ele>
      </trkpt>
      <trkpt lat="55.437603" lon="-2.778415">
        <ele>141.8</ele>
      </trkpt>
      <trkpt lat="55.437679" lon="-2.778336">
        <ele>142.2</ele>
      </trkpt>
      <trkpt lat="55.437737" lon="-2.778277">
        <ele>142.6</ele>
      </trkpt>
      <trkpt lat="55.43779" lon="-2.778219">
        <ele>142.8</ele>
      </trkpt>
      <trkpt lat="55.437843" lon="-2.778163">
        <ele>143.2</ele>
      </trkpt>
      <trkpt lat="55.437897" lon="-2.778105">
        <ele>143.6</ele>
      </trkpt>
      <trkpt lat="55.437954" lon="-2.778046">
        <ele>143.8</ele>
      </trkpt>
      <trkpt lat="55.438007" lon="-2.777987">
        <ele>144.4</ele>
      </trkpt>
      <trkpt lat="55.438065" lon="-2.777932">
        <ele>144.6</ele>
      </trkpt>
      <trkpt lat="55.438118" lon="-2.777877">
        <ele>145.0</ele>
      </trkpt>
      <trkpt lat="55.438175" lon="-2.777824">
        <ele>145.6</ele>
      </trkpt>
      <trkpt lat="55.438232" lon="-2.777775">
        <ele>145.8</ele>
      </trkpt>
      <trkpt lat="55.438286" lon="-2.777723">
        <ele>146.4</ele>
      </trkpt>
      <trkpt lat="55.438343" lon="-2.777669">
        <ele>146.6</ele>
      </trkpt>
      <trkpt lat="55.438396" lon="-2.777616">
        <ele>146.8</ele>
      </trkpt>
      <trkpt lat="55.43845" lon="-2.777564">
        <ele>147.0</ele>
      </trkpt>
      <trkpt lat="55.438503" lon="-2.777513">
        <ele>147.2</ele>
      </trkpt>
      <trkpt lat="55.438553" lon="-2.777457">
        <ele>147.6</ele>
      </trkpt>
      <trkpt lat="55.438591" lon="-2.777389">
        <ele>147.8</ele>
      </trkpt>
      <trkpt lat="55.438606" lon="-2.777303">
        <ele>148.4</ele>
      </trkpt>
      <trkpt lat="55.438599" lon="-2.777211">
        <ele>148.6</ele>
      </trkpt>
      <trkpt lat="55.438583" lon="-2.777126">
        <ele>148.8</ele>
      </trkpt>
      <trkpt lat="55.43856" lon="-2.777044">
        <ele>149.0</ele>
      </trkpt>
      <trkpt lat="55.438534" lon="-2.776963">
        <ele>149.0</ele>
      </trkpt>
      <trkpt lat="55.438511" lon="-2.776876">
        <ele>149.2</ele>
      </trkpt>
      <trkpt lat="55.438492" lon="-2.776784">
        <ele>149.4</ele>
      </trkpt>
      <trkpt lat="55.438473" lon="-2.776687">
        <ele>149.4</ele>
      </trkpt>
      <trkpt lat="55.438461" lon="-2.776587">
        <ele>149.4</ele>
      </trkpt>
      <trkpt lat="55.438454" lon="-2.776484">
        <ele>149.6</ele>
      </trkpt>
      <trkpt lat="55.438457" lon="-2.776379">
        <ele>149.4</ele>
      </trkpt>
      <trkpt lat="55.438465" lon="-2.77627">
        <ele>149.4</ele>
      </trkpt>
      <trkpt lat="55.43848" lon="-2.776162">
        <ele>149.4</ele>
      </trkpt>
      <trkpt lat="55.438503" lon="-2.776058">
        <ele>149.2</ele>
      </trkpt>
      <trkpt lat="55.43853" lon="-2.77596">
        <ele>149.0</ele>
      </trkpt>
      <trkpt lat="55.43856" lon="-2.775863">
        <ele>148.8</ele>
      </trkpt>
      <trkpt lat="55.438591" lon="-2.775763">
        <ele>148.6</ele>
      </trkpt>
      <trkpt lat="55.438622" lon="-2.775662">
        <ele>148.6</ele>
      </trkpt>
      <trkpt lat="55.438648" lon="-2.775562">
        <ele>148.4</ele>
      </trkpt>
      <trkpt lat="55.438671" lon="-2.775482">
        <ele>148.4</ele>
      </trkpt>
      <trkpt lat="55.438702" lon="-2.775381">
        <ele>148.4</ele>
      </trkpt>
      <trkpt lat="55.438732" lon="-2.775279">
        <ele>148.6</ele>
      </trkpt>
      <trkpt lat="55.438763" lon="-2.775176">
        <ele>148.6</ele>
      </trkpt>
      <trkpt lat="55.438793" lon="-2.775074">
        <ele>148.6</ele>
      </trkpt>
      <trkpt lat="55.438824" lon="-2.774969">
        <ele>148.6</ele>
      </trkpt>
      <trkpt lat="55.438854" lon="-2.774865">
        <ele>148.6</ele>
      </trkpt>
      <trkpt lat="55.438885" lon="-2.774759">
        <ele>148.8</ele>
      </trkpt>
      <trkpt lat="55.438915" lon="-2.774653">
        <ele>148.8</ele>
      </trkpt>
      <trkpt lat="55.438946" lon="-2.774549">
        <ele>148.8</ele>
      </trkpt>
      <trkpt lat="55.438976" lon="-2.774444">
        <ele>149.0</ele>
      </trkpt>
      <trkpt lat="55.439007" lon="-2.774339">
        <ele>149.0</ele>
      </trkpt>
      <trkpt lat="55.439037" lon="-2.774238">
        <ele>149.2</ele>
      </trkpt>
      <trkpt lat="55.439075" lon="-2.774121">
        <ele>149.4</ele>
      </trkpt>
      <trkpt lat="55.43911" lon="-2.774023">
        <ele>149.6</ele>
      </trkpt>
      <trkpt lat="55.439144" lon="-2.773926">
        <ele>149.6</ele>
      </trkpt>
      <trkpt lat="55.439182" lon="-2.773831">
        <ele>149.8</ele>
      </trkpt>
      <trkpt lat="55.43922" lon="-2.77374">
        <ele>150.0</ele>
      </trkpt>
      <trkpt lat="55.439262" lon="-2.77365">
        <ele>150.0</ele>
      </trkpt>
      <trkpt lat="55.439301" lon="-2.77356">
        <ele>150.2</ele>
      </trkpt>
      <trkpt lat="55.439346" lon="-2.773473">
        <ele>150.4</ele>
      </trkpt>
      <trkpt lat="55.439384" lon="-2.773408">
        <ele>150.8</ele>
      </trkpt>
      <trkpt lat="55.439434" lon="-2.773328">
        <ele>151.0</ele>
      </trkpt>
      <trkpt lat="55.439487" lon="-2.773248">
        <ele>151.2</ele>
      </trkpt>
      <trkpt lat="55.439537" lon="-2.77317">
        <ele>151.2</ele>
      </trkpt>
      <trkpt lat="55.439594" lon="-2.773095">
        <ele>151.2</ele>
      </trkpt>
      <trkpt lat="55.439648" lon="-2.773023">
        <ele>151.2</ele>
      </trkpt>
      <trkpt lat="55.439701" lon="-2.77295">
        <ele>151.4</ele>
      </trkpt>
      <trkpt lat="55.439754" lon="-2.772877">
        <ele>151.4</ele>
      </trkpt>
      <trkpt lat="55.439808" lon="-2.772807">
        <ele>151.6</ele>
      </trkpt>
      <trkpt lat="55.439857" lon="-2.77274">
        <ele>151.6</ele>
      </trkpt>
      <trkpt lat="55.439911" lon="-2.772676">
        <ele>151.6</ele>
      </trkpt>
      <trkpt lat="55.439957" lon="-2.772617">
        <ele>151.8</ele>
      </trkpt>
      <trkpt lat="55.439995" lon="-2.772569">
        <ele>151.6</ele>
      </trkpt>
      <trkpt lat="55.440018" lon="-2.772537">
        <ele>151.8</ele>
      </trkpt>
      <trkpt lat="55.440025" lon="-2.772525">
        <ele>151.8</ele>
      </trkpt>
      <trkpt lat="55.440025" lon="-2.772525">
        <ele>151.8</ele>
      </trkpt>
      <trkpt lat="55.440048" lon="-2.772466">
        <ele>152.0</ele>
      </trkpt>
      <trkpt lat="55.44006" lon="-2.772436">
        <ele>152.0</ele>
      </trkpt>
      <trkpt lat="55.440083" lon="-2.772399">
        <ele>152.0</ele>
      </trkpt>
      <trkpt lat="55.440113" lon="-2.772357">
        <ele>152.0</ele>
      </trkpt>
      <trkpt lat="55.440147" lon="-2.772307">
        <ele>152.0</ele>
      </trkpt>
      <trkpt lat="55.440186" lon="-2.77225">
        <ele>152.0</ele>
      </trkpt>
      <trkpt lat="55.440231" lon="-2.772191">
        <ele>152.0</ele>
      </trkpt>
      <trkpt lat="55.440277" lon="-2.77213">
        <ele>152.0</ele>
      </trkpt>
      <trkpt lat="55.440319" lon="-2.772066">
        <ele>152.0</ele>
      </trkpt>
      <trkpt lat="55.440369" lon="-2.772003">
        <ele>152.0</ele>
      </trkpt>
      <trkpt lat="55.440414" lon="-2.771943">
        <ele>152.0</ele>
      </trkpt>
      <trkpt lat="55.440468" lon="-2.771884">
        <ele>152.0</ele>
      </trkpt>
      <trkpt lat="55.440517" lon="-2.771824">
        <ele>152.2</ele>
      </trkpt>
      <trkpt lat="55.440567" lon="-2.77176">
        <ele>152.2</ele>
      </trkpt>
      <trkpt lat="55.440617" lon="-2.771691">
        <ele>152.2</ele>
      </trkpt>
      <trkpt lat="55.440666" lon="-2.771622">
        <ele>152.2</ele>
      </trkpt>
      <trkpt lat="55.44072" lon="-2.77155">
        <ele>152.2</ele>
      </trkpt>
      <trkpt lat="55.440777" lon="-2.771473">
        <ele>152.0</ele>
      </trkpt>
      <trkpt lat="55.440838" lon="-2.771392">
        <ele>151.8</ele>
      </trkpt>
      <trkpt lat="55.440907" lon="-2.771305">
        <ele>151.8</ele>
      </trkpt>
      <trkpt lat="55.440983" lon="-2.77121">
        <ele>151.6</ele>
      </trkpt>
      <trkpt lat="55.441063" lon="-2.771112">
        <ele>151.2</ele>
      </trkpt>
      <trkpt lat="55.441139" lon="-2.77101">
        <ele>151.0</ele>
      </trkpt>
      <trkpt lat="55.441219" lon="-2.770907">
        <ele>150.6</ele>
      </trkpt>
      <trkpt lat="55.441292" lon="-2.770811">
        <ele>150.6</ele>
      </trkpt>
      <trkpt lat="55.441368" lon="-2.770722">
        <ele>149.6</ele>
      </trkpt>
      <trkpt lat="55.441437" lon="-2.770636">
        <ele>149.4</ele>
      </trkpt>
      <trkpt lat="55.441502" lon="-2.77055">
        <ele>149.0</ele>
      </trkpt>
      <trkpt lat="55.441559" lon="-2.770471">
        <ele>149.0</ele>
      </trkpt>
      <trkpt lat="55.441616" lon="-2.7704">
        <ele>148.6</ele>
      </trkpt>
      <trkpt lat="55.441669" lon="-2.770332">
        <ele>148.8</ele>
      </trkpt>
      <trkpt lat="55.441734" lon="-2.770249">
        <ele>148.8</ele>
      </trkpt>
      <trkpt lat="55.441776" lon="-2.770193">
        <ele>148.8</ele>
      </trkpt>
      <trkpt lat="55.441826" lon="-2.77012">
        <ele>148.8</ele>
      </trkpt>
      <trkpt lat="55.441875" lon="-2.770052">
        <ele>149.0</ele>
      </trkpt>
      <trkpt lat="55.441929" lon="-2.769989">
        <ele>149.2</ele>
      </trkpt>
      <trkpt lat="55.441982" lon="-2.769926">
        <ele>149.4</ele>
      </trkpt>
      <trkpt lat="55.442032" lon="-2.769862">
        <ele>149.6</ele>
      </trkpt>
      <trkpt lat="55.442085" lon="-2.769795">
        <ele>149.8</ele>
      </trkpt>
      <trkpt lat="55.442139" lon="-2.769726">
        <ele>149.8</ele>
      </trkpt>
      <trkpt lat="55.442196" lon="-2.769657">
        <ele>149.8</ele>
      </trkpt>
      <trkpt lat="55.442253" lon="-2.769587">
        <ele>150.0</ele>
      </trkpt>
      <trkpt lat="55.44231" lon="-2.769515">
        <ele>150.2</ele>
      </trkpt>
      <trkpt lat="55.442368" lon="-2.769439">
        <ele>150.2</ele>
      </trkpt>
      <trkpt lat="55.442425" lon="-2.769363">
        <ele>150.2</ele>
      </trkpt>
      <trkpt lat="55.442486" lon="-2.769283">
        <ele>150.4</ele>
      </trkpt>
      <trkpt lat="55.442547" lon="-2.769205">
        <ele>150.4</ele>
      </trkpt>
      <trkpt lat="55.442612" lon="-2.769126">
        <ele>150.4</ele>
      </trkpt>
      <trkpt lat="55.442673" lon="-2.769044">
        <ele>150.4</ele>
      </trkpt>
      <trkpt lat="55.442738" lon="-2.76896">
        <ele>150.4</ele>
      </trkpt>
      <trkpt lat="55.442802" lon="-2.768879">
        <ele>150.6</ele>
      </trkpt>
      <trkpt lat="55.442871" lon="-2.768798">
        <ele>150.4</ele>
      </trkpt>
      <trkpt lat="55.442932" lon="-2.76872">
        <ele>150.6</ele>
      </trkpt>
      <trkpt lat="55.442997" lon="-2.768643">
        <ele>150.6</ele>
      </trkpt>
      <trkpt lat="55.443062" lon="-2.768569">
        <ele>150.6</ele>
      </trkpt>
      <trkpt lat="55.443127" lon="-2.768499">
        <ele>150.6</ele>
      </trkpt>
      <trkpt lat="55.443195" lon="-2.768432">
        <ele>150.6</ele>
      </trkpt>
      <trkpt lat="55.443264" lon="-2.768365">
        <ele>150.6</ele>
      </trkpt>
      <trkpt lat="55.44334" lon="-2.768293">
        <ele>150.6</ele>
      </trkpt>
      <trkpt lat="55.443417" lon="-2.768219">
        <ele>150.6</ele>
      </trkpt>
      <trkpt lat="55.443493" lon="-2.768133">
        <ele>150.4</ele>
      </trkpt>
      <trkpt lat="55.443634" lon="-2.767958">
        <ele>150.4</ele>
      </trkpt>
      <trkpt lat="55.443691" lon="-2.767869">
        <ele>150.2</ele>
      </trkpt>
      <trkpt lat="55.443691" lon="-2.767869">
        <ele>150.2</ele>
      </trkpt>
      <trkpt lat="55.443802" lon="-2.767678">
        <ele>150.0</ele>
      </trkpt>
      <trkpt lat="55.443859" lon="-2.767586">
        <ele>149.8</ele>
      </trkpt>
      <trkpt lat="55.443928" lon="-2.767472">
        <ele>149.6</ele>
      </trkpt>
      <trkpt lat="55.443996" lon="-2.767358">
        <ele>149.4</ele>
      </trkpt>
      <trkpt lat="55.444061" lon="-2.767246">
        <ele>148.8</ele>
      </trkpt>
      <trkpt lat="55.44413" lon="-2.767137">
        <ele>148.6</ele>
      </trkpt>
      <trkpt lat="55.444195" lon="-2.767028">
        <ele>148.4</ele>
      </trkpt>
      <trkpt lat="55.44426" lon="-2.766922">
        <ele>148.4</ele>
      </trkpt>
      <trkpt lat="55.444321" lon="-2.766817">
        <ele>148.2</ele>
      </trkpt>
      <trkpt lat="55.444386" lon="-2.766714">
        <ele>148.0</ele>
      </trkpt>
      <trkpt lat="55.444447" lon="-2.766613">
        <ele>147.8</ele>
      </trkpt>
      <trkpt lat="55.444508" lon="-2.766512">
        <ele>147.8</ele>
      </trkpt>
      <trkpt lat="55.444569" lon="-2.766413">
        <ele>147.8</ele>
      </trkpt>
      <trkpt lat="55.44463" lon="-2.766312">
        <ele>147.8</ele>
      </trkpt>
      <trkpt lat="55.444691" lon="-2.766216">
        <ele>147.8</ele>
      </trkpt>
      <trkpt lat="55.444752" lon="-2.766122">
        <ele>148.0</ele>
      </trkpt>
      <trkpt lat="55.444817" lon="-2.766035">
        <ele>148.0</ele>
      </trkpt>
      <trkpt lat="55.444893" lon="-2.765935">
        <ele>148.2</ele>
      </trkpt>
      <trkpt lat="55.444946" lon="-2.765876">
        <ele>148.4</ele>
      </trkpt>
      <trkpt lat="55.445015" lon="-2.765804">
        <ele>148.4</ele>
      </trkpt>
      <trkpt lat="55.445087" lon="-2.765739">
        <ele>148.6</ele>
      </trkpt>
      <trkpt lat="55.445156" lon="-2.765678">
        <ele>149.0</ele>
      </trkpt>
      <trkpt lat="55.445229" lon="-2.765622">
        <ele>149.0</ele>
      </trkpt>
      <trkpt lat="55.445301" lon="-2.765569">
        <ele>149.4</ele>
      </trkpt>
      <trkpt lat="55.445374" lon="-2.765515">
        <ele>149.4</ele>
      </trkpt>
      <trkpt lat="55.445446" lon="-2.765462">
        <ele>149.4</ele>
      </trkpt>
      <trkpt lat="55.445518" lon="-2.765411">
        <ele>149.6</ele>
      </trkpt>
      <trkpt lat="55.445591" lon="-2.765363">
        <ele>149.6</ele>
      </trkpt>
      <trkpt lat="55.445663" lon="-2.765318">
        <ele>149.6</ele>
      </trkpt>
      <trkpt lat="55.445732" lon="-2.765271">
        <ele>149.6</ele>
      </trkpt>
      <trkpt lat="55.445805" lon="-2.765224">
        <ele>149.6</ele>
      </trkpt>
      <trkpt lat="55.445873" lon="-2.765177">
        <ele>149.6</ele>
      </trkpt>
      <trkpt lat="55.445938" lon="-2.765127">
        <ele>149.6</ele>
      </trkpt>
      <trkpt lat="55.446007" lon="-2.765076">
        <ele>149.6</ele>
      </trkpt>
      <trkpt lat="55.446075" lon="-2.765024">
        <ele>149.4</ele>
      </trkpt>
      <trkpt lat="55.446159" lon="-2.764966">
        <ele>149.4</ele>
      </trkpt>
      <trkpt lat="55.446217" lon="-2.764925">
        <ele>149.4</ele>
      </trkpt>
      <trkpt lat="55.446285" lon="-2.764874">
        <ele>149.4</ele>
      </trkpt>
      <trkpt lat="55.446358" lon="-2.764821">
        <ele>149.4</ele>
      </trkpt>
      <trkpt lat="55.44643" lon="-2.76477">
        <ele>149.4</ele>
      </trkpt>
      <trkpt lat="55.446503" lon="-2.764719">
        <ele>149.4</ele>
      </trkpt>
      <trkpt lat="55.446575" lon="-2.76467">
        <ele>149.4</ele>
      </trkpt>
      <trkpt lat="55.446644" lon="-2.764617">
        <ele>149.4</ele>
      </trkpt>
      <trkpt lat="55.446709" lon="-2.764563">
        <ele>149.4</ele>
      </trkpt>
      <trkpt lat="55.446777" lon="-2.764514">
        <ele>149.6</ele>
      </trkpt>
      <trkpt lat="55.44685" lon="-2.764468">
        <ele>149.6</ele>
      </trkpt>
      <trkpt lat="55.446918" lon="-2.764436">
        <ele>149.8</ele>
      </trkpt>
      <trkpt lat="55.44698" lon="-2.764405">
        <ele>150.0</ele>
      </trkpt>
      <trkpt lat="55.447048" lon="-2.764368">
        <ele>150.0</ele>
      </trkpt>
      <trkpt lat="55.447128" lon="-2.764317">
        <ele>150.6</ele>
      </trkpt>
      <trkpt lat="55.447182" lon="-2.76428">
        <ele>150.8</ele>
      </trkpt>
      <trkpt lat="55.44725" lon="-2.764236">
        <ele>151.0</ele>
      </trkpt>
      <trkpt lat="55.447319" lon="-2.764191">
        <ele>151.4</ele>
      </trkpt>
      <trkpt lat="55.447388" lon="-2.764149">
        <ele>151.6</ele>
      </trkpt>
      <trkpt lat="55.447468" lon="-2.764096">
        <ele>151.6</ele>
      </trkpt>
      <trkpt lat="55.447521" lon="-2.764061">
        <ele>151.8</ele>
      </trkpt>
      <trkpt lat="55.447598" lon="-2.764011">
        <ele>151.8</ele>
      </trkpt>
      <trkpt lat="55.447666" lon="-2.763972">
        <ele>152.0</ele>
      </trkpt>
      <trkpt lat="55.447731" lon="-2.76393">
        <ele>152.0</ele>
      </trkpt>
      <trkpt lat="55.447834" lon="-2.763855">
        <ele>152.0</ele>
      </trkpt>
      <trkpt lat="55.447884" lon="-2.763815">
        <ele>152.0</ele>
      </trkpt>
      <trkpt lat="55.447884" lon="-2.763815">
        <ele>152.0</ele>
      </trkpt>
      <trkpt lat="55.447983" lon="-2.763733">
        <ele>152.2</ele>
      </trkpt>
      <trkpt lat="55.448032" lon="-2.76369">
        <ele>152.4</ele>
      </trkpt>
      <trkpt lat="55.448093" lon="-2.763635">
        <ele>152.4</ele>
      </trkpt>
      <trkpt lat="55.448158" lon="-2.763579">
        <ele>152.6</ele>
      </trkpt>
      <trkpt lat="55.448219" lon="-2.763526">
        <ele>152.6</ele>
      </trkpt>
      <trkpt lat="55.448284" lon="-2.763474">
        <ele>152.8</ele>
      </trkpt>
      <trkpt lat="55.448349" lon="-2.763429">
        <ele>153.0</ele>
      </trkpt>
      <trkpt lat="55.448414" lon="-2.763388">
        <ele>153.0</ele>
      </trkpt>
      <trkpt lat="55.448475" lon="-2.763348">
        <ele>153.4</ele>
      </trkpt>
      <trkpt lat="55.448528" lon="-2.763309">
        <ele>153.8</ele>
      </trkpt>
      <trkpt lat="55.448578" lon="-2.763266">
        <ele>154.0</ele>
      </trkpt>
      <trkpt lat="55.448627" lon="-2.763216">
        <ele>154.2</ele>
      </trkpt>
      <trkpt lat="55.448673" lon="-2.763163">
        <ele>154.4</ele>
      </trkpt>
      <trkpt lat="55.448719" lon="-2.763105">
        <ele>155.0</ele>
      </trkpt>
      <trkpt lat="55.448769" lon="-2.763041">
        <ele>155.2</ele>
      </trkpt>
      <trkpt lat="55.448814" lon="-2.762976">
        <ele>155.4</ele>
      </trkpt>
      <trkpt lat="55.448868" lon="-2.762913">
        <ele>155.8</ele>
      </trkpt>
      <trkpt lat="55.448917" lon="-2.762848">
        <ele>155.8</ele>
      </trkpt>
      <trkpt lat="55.448963" lon="-2.76278">
        <ele>156.2</ele>
      </trkpt>
      <trkpt lat="55.449013" lon="-2.762715">
        <ele>156.2</ele>
      </trkpt>
      <trkpt lat="55.449059" lon="-2.762649">
        <ele>156.6</ele>
      </trkpt>
      <trkpt lat="55.449108" lon="-2.762582">
        <ele>156.8</ele>
      </trkpt>
      <trkpt lat="55.449158" lon="-2.762513">
        <ele>157.0</ele>
      </trkpt>
      <trkpt lat="55.449207" lon="-2.762444">
        <ele>157.2</ele>
      </trkpt>
      <trkpt lat="55.449261" lon="-2.762375">
        <ele>157.2</ele>
      </trkpt>
      <trkpt lat="55.449314" lon="-2.762303">
        <ele>157.4</ele>
      </trkpt>
      <trkpt lat="55.449368" lon="-2.76223">
        <ele>157.2</ele>
      </trkpt>
      <trkpt lat="55.449421" lon="-2.762156">
        <ele>157.8</ele>
      </trkpt>
      <trkpt lat="55.449474" lon="-2.762083">
        <ele>158.0</ele>
      </trkpt>
      <trkpt lat="55.449532" lon="-2.76201">
        <ele>158.0</ele>
      </trkpt>
      <trkpt lat="55.449585" lon="-2.761934">
        <ele>158.2</ele>
      </trkpt>
      <trkpt lat="55.449642" lon="-2.761856">
        <ele>158.2</ele>
      </trkpt>
      <trkpt lat="55.449696" lon="-2.761781">
        <ele>158.2</ele>
      </trkpt>
      <trkpt lat="55.449753" lon="-2.761704">
        <ele>158.2</ele>
      </trkpt>
      <trkpt lat="55.44981" lon="-2.761624">
        <ele>158.2</ele>
      </trkpt>
      <trkpt lat="55.449867" lon="-2.761547">
        <ele>158.4</ele>
      </trkpt>
      <trkpt lat="55.449921" lon="-2.761471">
        <ele>158.4</ele>
      </trkpt>
      <trkpt lat="55.449978" lon="-2.761396">
        <ele>158.4</ele>
      </trkpt>
      <trkpt lat="55.450031" lon="-2.761324">
        <ele>158.4</ele>
      </trkpt>
      <trkpt lat="55.450085" lon="-2.761251">
        <ele>158.4</ele>
      </trkpt>
      <trkpt lat="55.450138" lon="-2.761179">
        <ele>158.4</ele>
      </trkpt>
      <trkpt lat="55.450191" lon="-2.761111">
        <ele>158.6</ele>
      </trkpt>
      <trkpt lat="55.450241" lon="-2.761044">
        <ele>158.6</ele>
      </trkpt>
      <trkpt lat="55.450294" lon="-2.760976">
        <ele>158.6</ele>
      </trkpt>
      <trkpt lat="55.450344" lon="-2.760909">
        <ele>158.8</ele>
      </trkpt>
      <trkpt lat="55.450394" lon="-2.760843">
        <ele>158.8</ele>
      </trkpt>
      <trkpt lat="55.450443" lon="-2.760772">
        <ele>159.2</ele>
      </trkpt>
      <trkpt lat="55.450493" lon="-2.7607">
        <ele>159.6</ele>
      </trkpt>
      <trkpt lat="55.450546" lon="-2.76063">
        <ele>159.6</ele>
      </trkpt>
      <trkpt lat="55.450596" lon="-2.760558">
        <ele>160.0</ele>
      </trkpt>
      <trkpt lat="55.450649" lon="-2.760482">
        <ele>160.0</ele>
      </trkpt>
      <trkpt lat="55.450699" lon="-2.760404">
        <ele>160.2</ele>
      </trkpt>
      <trkpt lat="55.450752" lon="-2.760323">
        <ele>160.2</ele>
      </trkpt>
      <trkpt lat="55.450802" lon="-2.76024">
        <ele>160.4</ele>
      </trkpt>
      <trkpt lat="55.450851" lon="-2.760154">
        <ele>160.4</ele>
      </trkpt>
      <trkpt lat="55.450901" lon="-2.760064">
        <ele>160.4</ele>
      </trkpt>
      <trkpt lat="55.450951" lon="-2.759974">
        <ele>160.6</ele>
      </trkpt>
      <trkpt lat="55.451046" lon="-2.759798">
        <ele>160.6</ele>
      </trkpt>
      <trkpt lat="55.451088" lon="-2.759716">
        <ele>160.6</ele>
      </trkpt>
      <trkpt lat="55.451088" lon="-2.759716">
        <ele>160.6</ele>
      </trkpt>
      <trkpt lat="55.451172" lon="-2.759556">
        <ele>160.6</ele>
      </trkpt>
      <trkpt lat="55.451214" lon="-2.759475">
        <ele>160.4</ele>
      </trkpt>
      <trkpt lat="55.451271" lon="-2.759372">
        <ele>160.4</ele>
      </trkpt>
      <trkpt lat="55.451324" lon="-2.759269">
        <ele>160.4</ele>
      </trkpt>
      <trkpt lat="55.451378" lon="-2.759165">
        <ele>160.2</ele>
      </trkpt>
      <trkpt lat="55.451435" lon="-2.759059">
        <ele>160.0</ele>
      </trkpt>
      <trkpt lat="55.451492" lon="-2.758952">
        <ele>160.0</ele>
      </trkpt>
      <trkpt lat="55.45155" lon="-2.758842">
        <ele>160.0</ele>
      </trkpt>
      <trkpt lat="55.451611" lon="-2.758731">
        <ele>159.8</ele>
      </trkpt>
      <trkpt lat="55.451672" lon="-2.758619">
        <ele>159.6</ele>
      </trkpt>
      <trkpt lat="55.451733" lon="-2.758505">
        <ele>159.4</ele>
      </trkpt>
      <trkpt lat="55.451794" lon="-2.758387">
        <ele>159.2</ele>
      </trkpt>
      <trkpt lat="55.451859" lon="-2.758271">
        <ele>159.0</ele>
      </trkpt>
      <trkpt lat="55.451923" lon="-2.758153">
        <ele>158.6</ele>
      </trkpt>
      <trkpt lat="55.451988" lon="-2.758031">
        <ele>158.4</ele>
      </trkpt>
      <trkpt lat="55.452053" lon="-2.757913">
        <ele>158.2</ele>
      </trkpt>
      <trkpt lat="55.452118" lon="-2.757793">
        <ele>158.2</ele>
      </trkpt>
      <trkpt lat="55.452183" lon="-2.757671">
        <ele>158.0</ele>
      </trkpt>
      <trkpt lat="55.452248" lon="-2.75755">
        <ele>158.0</ele>
      </trkpt>
      <trkpt lat="55.452309" lon="-2.757427">
        <ele>158.0</ele>
      </trkpt>
      <trkpt lat="55.452366" lon="-2.757302">
        <ele>157.8</ele>
      </trkpt>
      <trkpt lat="55.452423" lon="-2.757178">
        <ele>157.6</ele>
      </trkpt>
      <trkpt lat="55.452473" lon="-2.757054">
        <ele>157.4</ele>
      </trkpt>
      <trkpt lat="55.452526" lon="-2.756935">
        <ele>157.2</ele>
      </trkpt>
      <trkpt lat="55.452576" lon="-2.756825">
        <ele>157.2</ele>
      </trkpt>
      <trkpt lat="55.452621" lon="-2.75672">
        <ele>157.2</ele>
      </trkpt>
      <trkpt lat="55.452667" lon="-2.756623">
        <ele>157.2</ele>
      </trkpt>
      <trkpt lat="55.452705" lon="-2.75654">
        <ele>157.2</ele>
      </trkpt>
      <trkpt lat="55.452747" lon="-2.756461">
        <ele>157.4</ele>
      </trkpt>
      <trkpt lat="55.452785" lon="-2.756388">
        <ele>157.4</ele>
      </trkpt>
      <trkpt lat="55.452824" lon="-2.75632">
        <ele>157.6</ele>
      </trkpt>
      <trkpt lat="55.452866" lon="-2.756264">
        <ele>158.6</ele>
      </trkpt>
      <trkpt lat="55.452908" lon="-2.756215">
        <ele>159.4</ele>
      </trkpt>
      <trkpt lat="55.452957" lon="-2.756168">
        <ele>160.0</ele>
      </trkpt>
      <trkpt lat="55.453003" lon="-2.756125">
        <ele>160.6</ele>
      </trkpt>
      <trkpt lat="55.453053" lon="-2.756085">
        <ele>161.2</ele>
      </trkpt>
      <trkpt lat="55.453106" lon="-2.756047">
        <ele>161.8</ele>
      </trkpt>
      <trkpt lat="55.453163" lon="-2.756003">
        <ele>162.0</ele>
      </trkpt>
      <trkpt lat="55.45322" lon="-2.755949">
        <ele>162.2</ele>
      </trkpt>
      <trkpt lat="55.453278" lon="-2.755897">
        <ele>162.6</ele>
      </trkpt>
      <trkpt lat="55.453339" lon="-2.755843">
        <ele>162.8</ele>
      </trkpt>
      <trkpt lat="55.453403" lon="-2.755785">
        <ele>163.2</ele>
      </trkpt>
      <trkpt lat="55.453468" lon="-2.755724">
        <ele>163.2</ele>
      </trkpt>
      <trkpt lat="55.453533" lon="-2.755662">
        <ele>163.4</ele>
      </trkpt>
      <trkpt lat="55.453602" lon="-2.755599">
        <ele>163.4</ele>
      </trkpt>
      <trkpt lat="55.453674" lon="-2.755533">
        <ele>163.4</ele>
      </trkpt>
      <trkpt lat="55.453747" lon="-2.755464">
        <ele>163.4</ele>
      </trkpt>
      <trkpt lat="55.453823" lon="-2.755391">
        <ele>163.2</ele>
      </trkpt>
      <trkpt lat="55.453903" lon="-2.755316">
        <ele>163.2</ele>
      </trkpt>
      <trkpt lat="55.453983" lon="-2.755236">
        <ele>162.8</ele>
      </trkpt>
      <trkpt lat="55.454071" lon="-2.755152">
        <ele>162.6</ele>
      </trkpt>
      <trkpt lat="55.454155" lon="-2.755055">
        <ele>162.4</ele>
      </trkpt>
      <trkpt lat="55.454243" lon="-2.754938">
        <ele>162.2</ele>
      </trkpt>
      <trkpt lat="55.454327" lon="-2.754799">
        <ele>161.4</ele>
      </trkpt>
      <trkpt lat="55.454403" lon="-2.754636">
        <ele>161.2</ele>
      </trkpt>
      <trkpt lat="55.454468" lon="-2.754456">
        <ele>160.6</ele>
      </trkpt>
      <trkpt lat="55.454525" lon="-2.75427">
        <ele>159.6</ele>
      </trkpt>
      <trkpt lat="55.454666" lon="-2.753985">
        <ele>159.2</ele>
      </trkpt>
      <trkpt lat="55.454739" lon="-2.753894">
        <ele>158.6</ele>
      </trkpt>
      <trkpt lat="55.454739" lon="-2.753894">
        <ele>158.8</ele>
      </trkpt>
      <trkpt lat="55.454891" lon="-2.753726">
        <ele>158.0</ele>
      </trkpt>
      <trkpt lat="55.454964" lon="-2.753638">
        <ele>157.8</ele>
      </trkpt>
      <trkpt lat="55.45504" lon="-2.75352">
        <ele>157.6</ele>
      </trkpt>
      <trkpt lat="55.455105" lon="-2.753398">
        <ele>157.4</ele>
      </trkpt>
      <trkpt lat="55.45517" lon="-2.753277">
        <ele>157.4</ele>
      </trkpt>
      <trkpt lat="55.455231" lon="-2.753158">
        <ele>157.4</ele>
      </trkpt>
      <trkpt lat="55.455292" lon="-2.753044">
        <ele>157.4</ele>
      </trkpt>
      <trkpt lat="55.45536" lon="-2.752933">
        <ele>157.4</ele>
      </trkpt>
      <trkpt lat="55.455429" lon="-2.752823">
        <ele>157.2</ele>
      </trkpt>
      <trkpt lat="55.455502" lon="-2.752716">
        <ele>157.2</ele>
      </trkpt>
      <trkpt lat="55.45557" lon="-2.752609">
        <ele>157.2</ele>
      </trkpt>
      <trkpt lat="55.455643" lon="-2.752504">
        <ele>157.4</ele>
      </trkpt>
      <trkpt lat="55.455715" lon="-2.752404">
        <ele>157.4</ele>
      </trkpt>
      <trkpt lat="55.455784" lon="-2.752306">
        <ele>157.4</ele>
      </trkpt>
      <trkpt lat="55.455853" lon="-2.75221">
        <ele>157.6</ele>
      </trkpt>
      <trkpt lat="55.455917" lon="-2.752114">
        <ele>157.6</ele>
      </trkpt>
      <trkpt lat="55.455975" lon="-2.752034">
        <ele>157.4</ele>
      </trkpt>
      <trkpt lat="55.456036" lon="-2.751978">
        <ele>157.4</ele>
      </trkpt>
      <trkpt lat="55.456093" lon="-2.75194">
        <ele>157.4</ele>
      </trkpt>
      <trkpt lat="55.456154" lon="-2.751946">
        <ele>157.4</ele>
      </trkpt>
      <trkpt lat="55.456223" lon="-2.751999">
        <ele>157.2</ele>
      </trkpt>
      <trkpt lat="55.456264" lon="-2.75206">
        <ele>157.2</ele>
      </trkpt>
      <trkpt lat="55.456306" lon="-2.752155">
        <ele>157.0</ele>
      </trkpt>
      <trkpt lat="55.456345" lon="-2.752262">
        <ele>157.0</ele>
      </trkpt>
      <trkpt lat="55.456383" lon="-2.752374">
        <ele>156.8</ele>
      </trkpt>
      <trkpt lat="55.456425" lon="-2.752483">
        <ele>156.8</ele>
      </trkpt>
      <trkpt lat="55.456467" lon="-2.752589">
        <ele>156.6</ele>
      </trkpt>
      <trkpt lat="55.456512" lon="-2.752687">
        <ele>156.4</ele>
      </trkpt>
      <trkpt lat="55.45657" lon="-2.752779">
        <ele>156.4</ele>
      </trkpt>
      <trkpt lat="55.456623" lon="-2.752866">
        <ele>156.4</ele>
      </trkpt>
      <trkpt lat="55.456676" lon="-2.752944">
        <ele>156.6</ele>
      </trkpt>
      <trkpt lat="55.456726" lon="-2.753021">
        <ele>156.6</ele>
      </trkpt>
      <trkpt lat="55.456772" lon="-2.753099">
        <ele>156.6</ele>
      </trkpt>
      <trkpt lat="55.456821" lon="-2.753182">
        <ele>156.8</ele>
      </trkpt>
      <trkpt lat="55.456875" lon="-2.75326">
        <ele>157.0</ele>
      </trkpt>
      <trkpt lat="55.456932" lon="-2.75332">
        <ele>157.0</ele>
      </trkpt>
      <trkpt lat="55.457001" lon="-2.753351">
        <ele>157.4</ele>
      </trkpt>
      <trkpt lat="55.457069" lon="-2.753348">
        <ele>157.4</ele>
      </trkpt>
      <trkpt lat="55.457138" lon="-2.753316">
        <ele>157.6</ele>
      </trkpt>
      <trkpt lat="55.457172" lon="-2.753295">
        <ele>157.6</ele>
      </trkpt>
      <trkpt lat="55.457203" lon="-2.75328">
        <ele>157.8</ele>
      </trkpt>
      <trkpt lat="55.457211" lon="-2.753276">
        <ele>158.2</ele>
      </trkpt>
      <trkpt lat="55.457211" lon="-2.753276">
        <ele>158.2</ele>
      </trkpt>
      <trkpt lat="55.457211" lon="-2.753276">
        <ele>158.4</ele>
      </trkpt>
      <trkpt lat="55.457226" lon="-2.753265">
        <ele>158.2</ele>
      </trkpt>
      <trkpt lat="55.457249" lon="-2.753254">
        <ele>158.2</ele>
      </trkpt>
      <trkpt lat="55.457268" lon="-2.753237">
        <ele>158.2</ele>
      </trkpt>
      <trkpt lat="55.457306" lon="-2.753208">
        <ele>158.2</ele>
      </trkpt>
      <trkpt lat="55.45734" lon="-2.75319">
        <ele>158.2</ele>
      </trkpt>
      <trkpt lat="55.457386" lon="-2.753157">
        <ele>158.2</ele>
      </trkpt>
      <trkpt lat="55.457443" lon="-2.753118">
        <ele>158.2</ele>
      </trkpt>
      <trkpt lat="55.4575" lon="-2.753085">
        <ele>158.2</ele>
      </trkpt>
      <trkpt lat="55.457546" lon="-2.753056">
        <ele>158.4</ele>
      </trkpt>
      <trkpt lat="55.457603" lon="-2.753017">
        <ele>158.4</ele>
      </trkpt>
      <trkpt lat="55.457661" lon="-2.752975">
        <ele>158.6</ele>
      </trkpt>
      <trkpt lat="55.457726" lon="-2.752934">
        <ele>158.6</ele>
      </trkpt>
      <trkpt lat="55.457798" lon="-2.752886">
        <ele>158.6</ele>
      </trkpt>
      <trkpt lat="55.457848" lon="-2.752855">
        <ele>158.8</ele>
      </trkpt>
      <trkpt lat="55.457912" lon="-2.752815">
        <ele>158.8</ele>
      </trkpt>
      <trkpt lat="55.457989" lon="-2.752766">
        <ele>159.0</ele>
      </trkpt>
      <trkpt lat="55.45805" lon="-2.752717">
        <ele>159.4</ele>
      </trkpt>
      <trkpt lat="55.458099" lon="-2.752681">
        <ele>160.0</ele>
      </trkpt>
      <trkpt lat="55.45816" lon="-2.752641">
        <ele>160.0</ele>
      </trkpt>
      <trkpt lat="55.458225" lon="-2.752599">
        <ele>160.2</ele>
      </trkpt>
      <trkpt lat="55.45834" lon="-2.752516">
        <ele>160.6</ele>
      </trkpt>
      <trkpt lat="55.458389" lon="-2.752485">
        <ele>160.8</ele>
      </trkpt>
      <trkpt lat="55.458389" lon="-2.752485">
        <ele>161.0</ele>
      </trkpt>
      <trkpt lat="55.458492" lon="-2.752414">
        <ele>161.2</ele>
      </trkpt>
      <trkpt lat="55.458546" lon="-2.752379">
        <ele>161.4</ele>
      </trkpt>
      <trkpt lat="55.458622" lon="-2.752324">
        <ele>161.4</ele>
      </trkpt>
      <trkpt lat="55.458675" lon="-2.752284">
        <ele>161.8</ele>
      </trkpt>
      <trkpt lat="55.45874" lon="-2.752235">
        <ele>161.8</ele>
      </trkpt>
      <trkpt lat="55.458809" lon="-2.752187">
        <ele>162.0</ele>
      </trkpt>
      <trkpt lat="55.458878" lon="-2.75214">
        <ele>162.2</ele>
      </trkpt>
      <trkpt lat="55.458958" lon="-2.752078">
        <ele>162.4</ele>
      </trkpt>
      <trkpt lat="55.459011" lon="-2.752031">
        <ele>162.4</ele>
      </trkpt>
      <trkpt lat="55.45908" lon="-2.75197">
        <ele>162.6</ele>
      </trkpt>
      <trkpt lat="55.459164" lon="-2.751896">
        <ele>162.6</ele>
      </trkpt>
      <trkpt lat="55.459232" lon="-2.751829">
        <ele>162.6</ele>
      </trkpt>
      <trkpt lat="55.459282" lon="-2.75177">
        <ele>162.8</ele>
      </trkpt>
      <trkpt lat="55.459347" lon="-2.75169">
        <ele>162.8</ele>
      </trkpt>
      <trkpt lat="55.459408" lon="-2.751602">
        <ele>162.8</ele>
      </trkpt>
      <trkpt lat="55.459461" lon="-2.751506">
        <ele>163.0</ele>
      </trkpt>
      <trkpt lat="55.459526" lon="-2.751386">
        <ele>163.0</ele>
      </trkpt>
      <trkpt lat="55.459568" lon="-2.751302">
        <ele>163.0</ele>
      </trkpt>
      <trkpt lat="55.459621" lon="-2.751198">
        <ele>163.2</ele>
      </trkpt>
      <trkpt lat="55.459694" lon="-2.751081">
        <ele>163.2</ele>
      </trkpt>
      <trkpt lat="55.459766" lon="-2.75102">
        <ele>163.2</ele>
      </trkpt>
      <trkpt lat="55.459827" lon="-2.751003">
        <ele>163.2</ele>
      </trkpt>
      <trkpt lat="55.459908" lon="-2.75101">
        <ele>163.2</ele>
      </trkpt>
      <trkpt lat="55.459984" lon="-2.751047">
        <ele>163.2</ele>
      </trkpt>
      <trkpt lat="55.460056" lon="-2.751102">
        <ele>163.2</ele>
      </trkpt>
      <trkpt lat="55.460133" lon="-2.751178">
        <ele>163.2</ele>
      </trkpt>
      <trkpt lat="55.460182" lon="-2.751231">
        <ele>163.2</ele>
      </trkpt>
      <trkpt lat="55.460239" lon="-2.751297">
        <ele>163.2</ele>
      </trkpt>
      <trkpt lat="55.4603" lon="-2.751358">
        <ele>163.2</ele>
      </trkpt>
      <trkpt lat="55.460373" lon="-2.751425">
        <ele>163.4</ele>
      </trkpt>
      <trkpt lat="55.460426" lon="-2.751463">
        <ele>163.4</ele>
      </trkpt>
      <trkpt lat="55.460491" lon="-2.751497">
        <ele>163.4</ele>
      </trkpt>
      <trkpt lat="55.460556" lon="-2.751514">
        <ele>163.6</ele>
      </trkpt>
      <trkpt lat="55.460629" lon="-2.751518">
        <ele>163.6</ele>
      </trkpt>
      <trkpt lat="55.460712" lon="-2.751512">
        <ele>163.8</ele>
      </trkpt>
      <trkpt lat="55.46077" lon="-2.751501">
        <ele>163.8</ele>
      </trkpt>
      <trkpt lat="55.460842" lon="-2.751487">
        <ele>164.0</ele>
      </trkpt>
      <trkpt lat="55.460926" lon="-2.751473">
        <ele>164.2</ele>
      </trkpt>
      <trkpt lat="55.460991" lon="-2.751465">
        <ele>164.4</ele>
      </trkpt>
      <trkpt lat="55.46104" lon="-2.751457">
        <ele>164.4</ele>
      </trkpt>
      <trkpt lat="55.461105" lon="-2.751447">
        <ele>164.4</ele>
      </trkpt>
      <trkpt lat="55.461166" lon="-2.751436">
        <ele>164.4</ele>
      </trkpt>
      <trkpt lat="55.461227" lon="-2.751426">
        <ele>164.6</ele>
      </trkpt>
      <trkpt lat="55.4613" lon="-2.751399">
        <ele>164.8</ele>
      </trkpt>
      <trkpt lat="55.461346" lon="-2.751372">
        <ele>164.8</ele>
      </trkpt>
      <trkpt lat="55.461403" lon="-2.751326">
        <ele>165.2</ele>
      </trkpt>
      <trkpt lat="55.461464" lon="-2.751254">
        <ele>165.6</ele>
      </trkpt>
      <trkpt lat="55.461514" lon="-2.751182">
        <ele>165.8</ele>
      </trkpt>
      <trkpt lat="55.461552" lon="-2.751118">
        <ele>166.0</ele>
      </trkpt>
      <trkpt lat="55.461597" lon="-2.751036">
        <ele>166.2</ele>
      </trkpt>
      <trkpt lat="55.461643" lon="-2.750951">
        <ele>166.4</ele>
      </trkpt>
      <trkpt lat="55.461689" lon="-2.750865">
        <ele>166.6</ele>
      </trkpt>
      <trkpt lat="55.461742" lon="-2.750762">
        <ele>166.8</ele>
      </trkpt>
      <trkpt lat="55.461781" lon="-2.750697">
        <ele>167.2</ele>
      </trkpt>
      <trkpt lat="55.461826" lon="-2.750616">
        <ele>167.4</ele>
      </trkpt>
      <trkpt lat="55.461884" lon="-2.750516">
        <ele>167.4</ele>
      </trkpt>
      <trkpt lat="55.461926" lon="-2.750429">
        <ele>167.4</ele>
      </trkpt>
      <trkpt lat="55.462002" lon="-2.750291">
        <ele>167.6</ele>
      </trkpt>
      <trkpt lat="55.462036" lon="-2.750221">
        <ele>167.8</ele>
      </trkpt>
      <trkpt lat="55.462036" lon="-2.750221">
        <ele>167.8</ele>
      </trkpt>
      <trkpt lat="55.462112" lon="-2.750082">
        <ele>167.8</ele>
      </trkpt>
      <trkpt lat="55.462151" lon="-2.750014">
        <ele>167.8</ele>
      </trkpt>
      <trkpt lat="55.4622" lon="-2.749927">
        <ele>168.0</ele>
      </trkpt>
      <trkpt lat="55.46225" lon="-2.749838">
        <ele>168.0</ele>
      </trkpt>
      <trkpt lat="55.462311" lon="-2.749729">
        <ele>168.0</ele>
      </trkpt>
      <trkpt lat="55.462345" lon="-2.749655">
        <ele>168.0</ele>
      </trkpt>
      <trkpt lat="55.462406" lon="-2.749544">
        <ele>168.0</ele>
      </trkpt>
      <trkpt lat="55.462448" lon="-2.749473">
        <ele>168.0</ele>
      </trkpt>
      <trkpt lat="55.462498" lon="-2.749382">
        <ele>168.0</ele>
      </trkpt>
      <trkpt lat="55.462555" lon="-2.749276">
        <ele>168.2</ele>
      </trkpt>
      <trkpt lat="55.462605" lon="-2.749188">
        <ele>168.2</ele>
      </trkpt>
      <trkpt lat="55.462643" lon="-2.74912">
        <ele>168.2</ele>
      </trkpt>
      <trkpt lat="55.462688" lon="-2.749037">
        <ele>168.4</ele>
      </trkpt>
      <trkpt lat="55.462738" lon="-2.74894">
        <ele>168.4</ele>
      </trkpt>
      <trkpt lat="55.462776" lon="-2.748877">
        <ele>168.6</ele>
      </trkpt>
      <trkpt lat="55.462826" lon="-2.748784">
        <ele>168.6</ele>
      </trkpt>
      <trkpt lat="55.46286" lon="-2.748722">
        <ele>168.6</ele>
      </trkpt>
      <trkpt lat="55.462906" lon="-2.748646">
        <ele>169.0</ele>
      </trkpt>
      <trkpt lat="55.462955" lon="-2.748554">
        <ele>169.2</ele>
      </trkpt>
      <trkpt lat="55.462997" lon="-2.748478">
        <ele>169.2</ele>
      </trkpt>
      <trkpt lat="55.463032" lon="-2.748419">
        <ele>169.4</ele>
      </trkpt>
      <trkpt lat="55.46307" lon="-2.748344">
        <ele>169.8</ele>
      </trkpt>
      <trkpt lat="55.46312" lon="-2.74825">
        <ele>170.0</ele>
      </trkpt>
      <trkpt lat="55.463154" lon="-2.748185">
        <ele>170.2</ele>
      </trkpt>
      <trkpt lat="55.4632" lon="-2.748088">
        <ele>170.6</ele>
      </trkpt>
      <trkpt lat="55.46323" lon="-2.748018">
        <ele>170.6</ele>
      </trkpt>
      <trkpt lat="55.463268" lon="-2.747929">
        <ele>170.8</ele>
      </trkpt>
      <trkpt lat="55.463306" lon="-2.74782">
        <ele>171.0</ele>
      </trkpt>
      <trkpt lat="55.463341" lon="-2.747722">
        <ele>171.6</ele>
      </trkpt>
      <trkpt lat="55.463364" lon="-2.747641">
        <ele>172.0</ele>
      </trkpt>
      <trkpt lat="55.463394" lon="-2.747535">
        <ele>172.2</ele>
      </trkpt>
      <trkpt lat="55.463436" lon="-2.747409">
        <ele>172.4</ele>
      </trkpt>
      <trkpt lat="55.463463" lon="-2.747326">
        <ele>172.4</ele>
      </trkpt>
      <trkpt lat="55.463509" lon="-2.747202">
        <ele>172.6</ele>
      </trkpt>
      <trkpt lat="55.463543" lon="-2.747122">
        <ele>172.6</ele>
      </trkpt>
      <trkpt lat="55.463581" lon="-2.747021">
        <ele>172.6</ele>
      </trkpt>
      <trkpt lat="55.463623" lon="-2.74692">
        <ele>172.6</ele>
      </trkpt>
      <trkpt lat="55.463673" lon="-2.746798">
        <ele>172.8</ele>
      </trkpt>
      <trkpt lat="55.463703" lon="-2.746715">
        <ele>173.0</ele>
      </trkpt>
      <trkpt lat="55.463741" lon="-2.746615">
        <ele>173.0</ele>
      </trkpt>
      <trkpt lat="55.463787" lon="-2.746499">
        <ele>173.4</ele>
      </trkpt>
      <trkpt lat="55.463825" lon="-2.746402">
        <ele>173.4</ele>
      </trkpt>
      <trkpt lat="55.463856" lon="-2.746326">
        <ele>173.4</ele>
      </trkpt>
      <trkpt lat="55.463894" lon="-2.746234">
        <ele>173.2</ele>
      </trkpt>
      <trkpt lat="55.463928" lon="-2.746148">
        <ele>173.2</ele>
      </trkpt>
      <trkpt lat="55.463966" lon="-2.746063">
        <ele>173.6</ele>
      </trkpt>
      <trkpt lat="55.464012" lon="-2.745962">
        <ele>173.6</ele>
      </trkpt>
      <trkpt lat="55.464043" lon="-2.745893">
        <ele>174.0</ele>
      </trkpt>
      <trkpt lat="55.464085" lon="-2.745805">
        <ele>174.0</ele>
      </trkpt>
      <trkpt lat="55.464138" lon="-2.745699">
        <ele>174.2</ele>
      </trkpt>
      <trkpt lat="55.464184" lon="-2.74561">
        <ele>174.6</ele>
      </trkpt>
      <trkpt lat="55.464218" lon="-2.745538">
        <ele>174.6</ele>
      </trkpt>
      <trkpt lat="55.464264" lon="-2.745449">
        <ele>175.0</ele>
      </trkpt>
      <trkpt lat="55.46431" lon="-2.745359">
        <ele>175.0</ele>
      </trkpt>
      <trkpt lat="55.464355" lon="-2.745269">
        <ele>175.2</ele>
      </trkpt>
      <trkpt lat="55.464405" lon="-2.745159">
        <ele>175.4</ele>
      </trkpt>
      <trkpt lat="55.464443" lon="-2.745087">
        <ele>175.6</ele>
      </trkpt>
      <trkpt lat="55.464485" lon="-2.744999">
        <ele>175.6</ele>
      </trkpt>
      <trkpt lat="55.464539" lon="-2.744895">
        <ele>175.6</ele>
      </trkpt>
      <trkpt lat="55.464584" lon="-2.744807">
        <ele>175.6</ele>
      </trkpt>
      <trkpt lat="55.464619" lon="-2.744739">
        <ele>175.6</ele>
      </trkpt>
      <trkpt lat="55.464668" lon="-2.744652">
        <ele>175.6</ele>
      </trkpt>
      <trkpt lat="55.464714" lon="-2.744565">
        <ele>175.6</ele>
      </trkpt>
      <trkpt lat="55.464756" lon="-2.744478">
        <ele>175.6</ele>
      </trkpt>
      <trkpt lat="55.464809" lon="-2.744372">
        <ele>175.6</ele>
      </trkpt>
      <trkpt lat="55.46484" lon="-2.7443">
        <ele>175.6</ele>
      </trkpt>
      <trkpt lat="55.464886" lon="-2.744214">
        <ele>175.6</ele>
      </trkpt>
      <trkpt lat="55.464935" lon="-2.74411">
        <ele>175.6</ele>
      </trkpt>
      <trkpt lat="55.464977" lon="-2.744022">
        <ele>175.6</ele>
      </trkpt>
      <trkpt lat="55.465015" lon="-2.743953">
        <ele>175.6</ele>
      </trkpt>
      <trkpt lat="55.465061" lon="-2.743861">
        <ele>175.6</ele>
      </trkpt>
      <trkpt lat="55.465111" lon="-2.743759">
        <ele>175.6</ele>
      </trkpt>
      <trkpt lat="55.465164" lon="-2.743649">
        <ele>175.6</ele>
      </trkpt>
      <trkpt lat="55.465229" lon="-2.743517">
        <ele>175.4</ele>
      </trkpt>
      <trkpt lat="55.465271" lon="-2.743424">
        <ele>175.4</ele>
      </trkpt>
      <trkpt lat="55.465328" lon="-2.743307">
        <ele>175.4</ele>
      </trkpt>
      <trkpt lat="55.465382" lon="-2.743186">
        <ele>175.4</ele>
      </trkpt>
      <trkpt lat="55.465439" lon="-2.743062">
        <ele>175.2</ele>
      </trkpt>
      <trkpt lat="55.465504" lon="-2.742906">
        <ele>175.0</ele>
      </trkpt>
      <trkpt lat="55.465546" lon="-2.742799">
        <ele>174.8</ele>
      </trkpt>
      <trkpt lat="55.465599" lon="-2.742665">
        <ele>174.4</ele>
      </trkpt>
      <trkpt lat="55.465664" lon="-2.742502">
        <ele>173.8</ele>
      </trkpt>
      <trkpt lat="55.465717" lon="-2.742368">
        <ele>173.6</ele>
      </trkpt>
      <trkpt lat="55.465763" lon="-2.742252">
        <ele>173.2</ele>
      </trkpt>
      <trkpt lat="55.465816" lon="-2.742107">
        <ele>173.0</ele>
      </trkpt>
      <trkpt lat="55.465878" lon="-2.741966">
        <ele>172.4</ele>
      </trkpt>
      <trkpt lat="55.465946" lon="-2.741799">
        <ele>171.8</ele>
      </trkpt>
      <trkpt lat="55.466045" lon="-2.741567">
        <ele>171.6</ele>
      </trkpt>
      <trkpt lat="55.466095" lon="-2.741448">
        <ele>171.2</ele>
      </trkpt>
      <trkpt lat="55.466095" lon="-2.741448">
        <ele>171.0</ele>
      </trkpt>
      <trkpt lat="55.466198" lon="-2.741202">
        <ele>170.6</ele>
      </trkpt>
      <trkpt lat="55.466255" lon="-2.741075">
        <ele>170.2</ele>
      </trkpt>
      <trkpt lat="55.466331" lon="-2.740916">
        <ele>169.4</ele>
      </trkpt>
      <trkpt lat="55.466412" lon="-2.740763">
        <ele>168.0</ele>
      </trkpt>
      <trkpt lat="55.466511" lon="-2.740578">
        <ele>167.6</ele>
      </trkpt>
      <trkpt lat="55.466579" lon="-2.740458">
        <ele>166.8</ele>
      </trkpt>
      <trkpt lat="55.466667" lon="-2.740309">
        <ele>166.0</ele>
      </trkpt>
      <trkpt lat="55.466763" lon="-2.740166">
        <ele>164.4</ele>
      </trkpt>
      <trkpt lat="55.466858" lon="-2.740028">
        <ele>163.8</ele>
      </trkpt>
      <trkpt lat="55.466976" lon="-2.739872">
        <ele>163.0</ele>
      </trkpt>
      <trkpt lat="55.467079" lon="-2.739747">
        <ele>162.6</ele>
      </trkpt>
      <trkpt lat="55.467163" lon="-2.739648">
        <ele>162.4</ele>
      </trkpt>
      <trkpt lat="55.467266" lon="-2.739531">
        <ele>160.8</ele>
      </trkpt>
      <trkpt lat="55.4674" lon="-2.739403">
        <ele>160.0</ele>
      </trkpt>
      <trkpt lat="55.467487" lon="-2.739324">
        <ele>158.6</ele>
      </trkpt>
      <trkpt lat="55.467625" lon="-2.739208">
        <ele>157.8</ele>
      </trkpt>
      <trkpt lat="55.467716" lon="-2.739131">
        <ele>157.2</ele>
      </trkpt>
      <trkpt lat="55.467831" lon="-2.739036">
        <ele>156.2</ele>
      </trkpt>
      <trkpt lat="55.467968" lon="-2.738914">
        <ele>155.8</ele>
      </trkpt>
      <trkpt lat="55.468079" lon="-2.73881">
        <ele>155.0</ele>
      </trkpt>
      <trkpt lat="55.468163" lon="-2.738725">
        <ele>154.6</ele>
      </trkpt>
      <trkpt lat="55.468269" lon="-2.738619">
        <ele>153.6</ele>
      </trkpt>
      <trkpt lat="55.468391" lon="-2.738494">
        <ele>152.4</ele>
      </trkpt>
      <trkpt lat="55.468487" lon="-2.738395">
        <ele>152.2</ele>
      </trkpt>
      <trkpt lat="55.468586" lon="-2.738303">
        <ele>151.6</ele>
      </trkpt>
      <trkpt lat="55.468666" lon="-2.73823">
        <ele>151.4</ele>
      </trkpt>
      <trkpt lat="55.468758" lon="-2.738136">
        <ele>151.0</ele>
      </trkpt>
      <trkpt lat="55.468845" lon="-2.738041">
        <ele>150.8</ele>
      </trkpt>
      <trkpt lat="55.468945" lon="-2.737923">
        <ele>150.6</ele>
      </trkpt>
      <trkpt lat="55.469006" lon="-2.737838">
        <ele>150.4</ele>
      </trkpt>
      <trkpt lat="55.469082" lon="-2.737726">
        <ele>150.2</ele>
      </trkpt>
      <trkpt lat="55.469154" lon="-2.737609">
        <ele>149.8</ele>
      </trkpt>
      <trkpt lat="55.469223" lon="-2.737484">
        <ele>149.8</ele>
      </trkpt>
      <trkpt lat="55.469307" lon="-2.737334">
        <ele>149.6</ele>
      </trkpt>
      <trkpt lat="55.46936" lon="-2.737239">
        <ele>149.6</ele>
      </trkpt>
      <trkpt lat="55.469429" lon="-2.737128">
        <ele>149.4</ele>
      </trkpt>
      <trkpt lat="55.469513" lon="-2.737007">
        <ele>149.4</ele>
      </trkpt>
      <trkpt lat="55.469589" lon="-2.736925">
        <ele>149.4</ele>
      </trkpt>
      <trkpt lat="55.469654" lon="-2.736871">
        <ele>149.4</ele>
      </trkpt>
      <trkpt lat="55.469734" lon="-2.736814">
        <ele>149.4</ele>
      </trkpt>
      <trkpt lat="55.469826" lon="-2.736749">
        <ele>149.4</ele>
      </trkpt>
      <trkpt lat="55.469902" lon="-2.736693">
        <ele>149.4</ele>
      </trkpt>
      <trkpt lat="55.469975" lon="-2.736632">
        <ele>149.4</ele>
      </trkpt>
      <trkpt lat="55.470028" lon="-2.736576">
        <ele>149.4</ele>
      </trkpt>
      <trkpt lat="55.470097" lon="-2.736503">
        <ele>149.6</ele>
      </trkpt>
      <trkpt lat="55.470165" lon="-2.736415">
        <ele>149.8</ele>
      </trkpt>
      <trkpt lat="55.470215" lon="-2.736339">
        <ele>150.2</ele>
      </trkpt>
      <trkpt lat="55.470249" lon="-2.736277">
        <ele>150.4</ele>
      </trkpt>
      <trkpt lat="55.470295" lon="-2.7362">
        <ele>150.6</ele>
      </trkpt>
      <trkpt lat="55.470337" lon="-2.736124">
        <ele>150.8</ele>
      </trkpt>
      <trkpt lat="55.470383" lon="-2.736048">
        <ele>151.2</ele>
      </trkpt>
      <trkpt lat="55.470432" lon="-2.73595">
        <ele>151.4</ele>
      </trkpt>
      <trkpt lat="55.470463" lon="-2.735875">
        <ele>151.8</ele>
      </trkpt>
      <trkpt lat="55.470501" lon="-2.735781">
        <ele>152.2</ele>
      </trkpt>
      <trkpt lat="55.470547" lon="-2.735667">
        <ele>152.4</ele>
      </trkpt>
      <trkpt lat="55.470585" lon="-2.735572">
        <ele>152.8</ele>
      </trkpt>
      <trkpt lat="55.470615" lon="-2.735496">
        <ele>153.2</ele>
      </trkpt>
      <trkpt lat="55.470654" lon="-2.735397">
        <ele>153.6</ele>
      </trkpt>
      <trkpt lat="55.470707" lon="-2.735276">
        <ele>154.0</ele>
      </trkpt>
      <trkpt lat="55.470737" lon="-2.735196">
        <ele>154.4</ele>
      </trkpt>
      <trkpt lat="55.470787" lon="-2.735072">
        <ele>154.6</ele>
      </trkpt>
      <trkpt lat="55.470821" lon="-2.734989">
        <ele>154.8</ele>
      </trkpt>
      <trkpt lat="55.470867" lon="-2.734885">
        <ele>154.8</ele>
      </trkpt>
      <trkpt lat="55.470921" lon="-2.734762">
        <ele>155.0</ele>
      </trkpt>
      <trkpt lat="55.47097" lon="-2.734658">
        <ele>155.0</ele>
      </trkpt>
      <trkpt lat="55.471004" lon="-2.734575">
        <ele>155.2</ele>
      </trkpt>
      <trkpt lat="55.471054" lon="-2.734467">
        <ele>155.2</ele>
      </trkpt>
      <trkpt lat="55.471115" lon="-2.734335">
        <ele>155.2</ele>
      </trkpt>
      <trkpt lat="55.471165" lon="-2.734218">
        <ele>155.4</ele>
      </trkpt>
      <trkpt lat="55.471214" lon="-2.734093">
        <ele>155.4</ele>
      </trkpt>
      <trkpt lat="55.471256" lon="-2.73399">
        <ele>155.4</ele>
      </trkpt>
      <trkpt lat="55.47131" lon="-2.733857">
        <ele>155.2</ele>
      </trkpt>
      <trkpt lat="55.471378" lon="-2.733692">
        <ele>155.0</ele>
      </trkpt>
      <trkpt lat="55.471436" lon="-2.733551">
        <ele>155.0</ele>
      </trkpt>
      <trkpt lat="55.471485" lon="-2.733436">
        <ele>154.6</ele>
      </trkpt>
      <trkpt lat="55.471542" lon="-2.733289">
        <ele>154.4</ele>
      </trkpt>
      <trkpt lat="55.471615" lon="-2.733111">
        <ele>153.8</ele>
      </trkpt>
      <trkpt lat="55.471664" lon="-2.732993">
        <ele>153.6</ele>
      </trkpt>
      <trkpt lat="55.471741" lon="-2.732812">
        <ele>153.0</ele>
      </trkpt>
      <trkpt lat="55.471794" lon="-2.73269">
        <ele>152.6</ele>
      </trkpt>
      <trkpt lat="55.471859" lon="-2.732536">
        <ele>152.6</ele>
      </trkpt>
      <trkpt lat="55.471939" lon="-2.732355">
        <ele>152.0</ele>
      </trkpt>
      <trkpt lat="55.472008" lon="-2.732201">
        <ele>152.0</ele>
      </trkpt>
      <trkpt lat="55.472065" lon="-2.732077">
        <ele>151.2</ele>
      </trkpt>
      <trkpt lat="55.472137" lon="-2.731925">
        <ele>150.8</ele>
      </trkpt>
      <trkpt lat="55.47221" lon="-2.731771">
        <ele>150.6</ele>
      </trkpt>
      <trkpt lat="55.472282" lon="-2.731612">
        <ele>150.4</ele>
      </trkpt>
      <trkpt lat="55.472401" lon="-2.731319">
        <ele>150.2</ele>
      </trkpt>
      <trkpt lat="55.472454" lon="-2.73119">
        <ele>149.6</ele>
      </trkpt>
      <trkpt lat="55.472454" lon="-2.73119">
        <ele>149.2</ele>
      </trkpt>
      <trkpt lat="55.472557" lon="-2.730929">
        <ele>148.4</ele>
      </trkpt>
      <trkpt lat="55.472626" lon="-2.730765">
        <ele>147.6</ele>
      </trkpt>
      <trkpt lat="55.472683" lon="-2.730635">
        <ele>147.2</ele>
      </trkpt>
      <trkpt lat="55.472755" lon="-2.73047">
        <ele>146.6</ele>
      </trkpt>
      <trkpt lat="55.472836" lon="-2.730264">
        <ele>146.0</ele>
      </trkpt>
      <trkpt lat="55.472897" lon="-2.730079">
        <ele>145.2</ele>
      </trkpt>
      <trkpt lat="55.472935" lon="-2.729919">
        <ele>145.0</ele>
      </trkpt>
      <trkpt lat="55.472973" lon="-2.729708">
        <ele>143.8</ele>
      </trkpt>
      <trkpt lat="55.473" lon="-2.729487">
        <ele>143.0</ele>
      </trkpt>
      <trkpt lat="55.473015" lon="-2.729256">
        <ele>142.8</ele>
      </trkpt>
      <trkpt lat="55.47303" lon="-2.728973">
        <ele>142.4</ele>
      </trkpt>
      <trkpt lat="55.473042" lon="-2.728783">
        <ele>142.0</ele>
      </trkpt>
      <trkpt lat="55.473053" lon="-2.728549">
        <ele>140.8</ele>
      </trkpt>
      <trkpt lat="55.473049" lon="-2.728277">
        <ele>139.8</ele>
      </trkpt>
      <trkpt lat="55.473026" lon="-2.728104">
        <ele>139.2</ele>
      </trkpt>
      <trkpt lat="55.473" lon="-2.727893">
        <ele>137.8</ele>
      </trkpt>
      <trkpt lat="55.472973" lon="-2.72769">
        <ele>137.4</ele>
      </trkpt>
      <trkpt lat="55.47295" lon="-2.727498">
        <ele>136.4</ele>
      </trkpt>
      <trkpt lat="55.472931" lon="-2.727311">
        <ele>136.0</ele>
      </trkpt>
      <trkpt lat="55.472912" lon="-2.727125">
        <ele>135.2</ele>
      </trkpt>
      <trkpt lat="55.472897" lon="-2.726941">
        <ele>134.8</ele>
      </trkpt>
      <trkpt lat="55.472885" lon="-2.726758">
        <ele>134.6</ele>
      </trkpt>
      <trkpt lat="55.472881" lon="-2.726575">
        <ele>134.4</ele>
      </trkpt>
      <trkpt lat="55.472878" lon="-2.726392">
        <ele>134.4</ele>
      </trkpt>
      <trkpt lat="55.472881" lon="-2.726208">
        <ele>134.4</ele>
      </trkpt>
      <trkpt lat="55.472881" lon="-2.726026">
        <ele>134.4</ele>
      </trkpt>
      <trkpt lat="55.472881" lon="-2.725846">
        <ele>134.4</ele>
      </trkpt>
      <trkpt lat="55.472881" lon="-2.725667">
        <ele>134.4</ele>
      </trkpt>
      <trkpt lat="55.472881" lon="-2.725492">
        <ele>134.4</ele>
      </trkpt>
      <trkpt lat="55.472885" lon="-2.725321">
        <ele>134.4</ele>
      </trkpt>
      <trkpt lat="55.472889" lon="-2.725152">
        <ele>134.4</ele>
      </trkpt>
      <trkpt lat="55.472893" lon="-2.724983">
        <ele>134.6</ele>
      </trkpt>
      <trkpt lat="55.472893" lon="-2.724815">
        <ele>134.4</ele>
      </trkpt>
      <trkpt lat="55.472897" lon="-2.724648">
        <ele>134.4</ele>
      </trkpt>
      <trkpt lat="55.472904" lon="-2.724485">
        <ele>134.2</ele>
      </trkpt>
      <trkpt lat="55.472904" lon="-2.724321">
        <ele>134.0</ele>
      </trkpt>
      <trkpt lat="55.4729" lon="-2.724159">
        <ele>133.8</ele>
      </trkpt>
      <trkpt lat="55.472893" lon="-2.723994">
        <ele>133.8</ele>
      </trkpt>
      <trkpt lat="55.472885" lon="-2.723826">
        <ele>133.8</ele>
      </trkpt>
      <trkpt lat="55.472878" lon="-2.723654">
        <ele>133.6</ele>
      </trkpt>
      <trkpt lat="55.472866" lon="-2.72348">
        <ele>133.6</ele>
      </trkpt>
      <trkpt lat="55.472855" lon="-2.723303">
        <ele>133.4</ele>
      </trkpt>
      <trkpt lat="55.472847" lon="-2.723127">
        <ele>133.4</ele>
      </trkpt>
      <trkpt lat="55.472836" lon="-2.722948">
        <ele>133.0</ele>
      </trkpt>
      <trkpt lat="55.472824" lon="-2.722768">
        <ele>133.0</ele>
      </trkpt>
      <trkpt lat="55.472805" lon="-2.72259">
        <ele>133.0</ele>
      </trkpt>
      <trkpt lat="55.472778" lon="-2.722411">
        <ele>132.4</ele>
      </trkpt>
      <trkpt lat="55.472748" lon="-2.722236">
        <ele>132.0</ele>
      </trkpt>
      <trkpt lat="55.472713" lon="-2.722072">
        <ele>131.2</ele>
      </trkpt>
      <trkpt lat="55.472679" lon="-2.721918">
        <ele>130.8</ele>
      </trkpt>
      <trkpt lat="55.47266" lon="-2.721778">
        <ele>130.0</ele>
      </trkpt>
      <trkpt lat="55.472652" lon="-2.721644">
        <ele>129.2</ele>
      </trkpt>
      <trkpt lat="55.472675" lon="-2.721523">
        <ele>128.6</ele>
      </trkpt>
      <trkpt lat="55.472721" lon="-2.721425">
        <ele>127.6</ele>
      </trkpt>
      <trkpt lat="55.472782" lon="-2.72135">
        <ele>127.2</ele>
      </trkpt>
      <trkpt lat="55.472851" lon="-2.721265">
        <ele>126.4</ele>
      </trkpt>
      <trkpt lat="55.472893" lon="-2.721204">
        <ele>126.2</ele>
      </trkpt>
      <trkpt lat="55.472965" lon="-2.721065">
        <ele>126.0</ele>
      </trkpt>
      <trkpt lat="55.473007" lon="-2.720973">
        <ele>125.8</ele>
      </trkpt>
      <trkpt lat="55.473007" lon="-2.720973">
        <ele>125.8</ele>
      </trkpt>
      <trkpt lat="55.473076" lon="-2.720823">
        <ele>125.8</ele>
      </trkpt>
      <trkpt lat="55.473106" lon="-2.720746">
        <ele>125.8</ele>
      </trkpt>
      <trkpt lat="55.473152" lon="-2.720651">
        <ele>125.8</ele>
      </trkpt>
      <trkpt lat="55.473194" lon="-2.720556">
        <ele>126.0</ele>
      </trkpt>
      <trkpt lat="55.473236" lon="-2.720462">
        <ele>126.0</ele>
      </trkpt>
      <trkpt lat="55.473282" lon="-2.72037">
        <ele>126.2</ele>
      </trkpt>
      <trkpt lat="55.473331" lon="-2.720295">
        <ele>126.2</ele>
      </trkpt>
      <trkpt lat="55.473385" lon="-2.720254">
        <ele>126.4</ele>
      </trkpt>
      <trkpt lat="55.473446" lon="-2.720252">
        <ele>126.4</ele>
      </trkpt>
      <trkpt lat="55.473499" lon="-2.720288">
        <ele>126.6</ele>
      </trkpt>
      <trkpt lat="55.473549" lon="-2.72034">
        <ele>126.8</ele>
      </trkpt>
      <trkpt lat="55.473602" lon="-2.720385">
        <ele>126.8</ele>
      </trkpt>
      <trkpt lat="55.47366" lon="-2.720407">
        <ele>127.0</ele>
      </trkpt>
      <trkpt lat="55.473717" lon="-2.720408">
        <ele>127.2</ele>
      </trkpt>
      <trkpt lat="55.473774" lon="-2.720388">
        <ele>127.6</ele>
      </trkpt>
      <trkpt lat="55.473831" lon="-2.720353">
        <ele>127.8</ele>
      </trkpt>
      <trkpt lat="55.473881" lon="-2.720303">
        <ele>128.2</ele>
      </trkpt>
      <trkpt lat="55.473934" lon="-2.72024">
        <ele>128.8</ele>
      </trkpt>
      <trkpt lat="55.473984" lon="-2.720171">
        <ele>129.0</ele>
      </trkpt>
      <trkpt lat="55.474033" lon="-2.720101">
        <ele>129.4</ele>
      </trkpt>
      <trkpt lat="55.474083" lon="-2.720026">
        <ele>129.8</ele>
      </trkpt>
      <trkpt lat="55.474133" lon="-2.719948">
        <ele>130.0</ele>
      </trkpt>
      <trkpt lat="55.474178" lon="-2.719865">
        <ele>130.4</ele>
      </trkpt>
      <trkpt lat="55.474224" lon="-2.719784">
        <ele>130.6</ele>
      </trkpt>
      <trkpt lat="55.474266" lon="-2.719702">
        <ele>130.8</ele>
      </trkpt>
      <trkpt lat="55.474308" lon="-2.719619">
        <ele>130.8</ele>
      </trkpt>
      <trkpt lat="55.47435" lon="-2.719537">
        <ele>131.0</ele>
      </trkpt>
      <trkpt lat="55.474403" lon="-2.719469">
        <ele>131.0</ele>
      </trkpt>
      <trkpt lat="55.474464" lon="-2.719431">
        <ele>131.0</ele>
      </trkpt>
      <trkpt lat="55.474529" lon="-2.719431">
        <ele>131.0</ele>
      </trkpt>
      <trkpt lat="55.47459" lon="-2.719472">
        <ele>131.0</ele>
      </trkpt>
      <trkpt lat="55.474648" lon="-2.719542">
        <ele>131.2</ele>
      </trkpt>
      <trkpt lat="55.474697" lon="-2.719616">
        <ele>131.2</ele>
      </trkpt>
      <trkpt lat="55.474751" lon="-2.71969">
        <ele>131.4</ele>
      </trkpt>
      <trkpt lat="55.474796" lon="-2.719759">
        <ele>131.4</ele>
      </trkpt>
      <trkpt lat="55.474846" lon="-2.719828">
        <ele>131.4</ele>
      </trkpt>
      <trkpt lat="55.474895" lon="-2.719897">
        <ele>131.6</ele>
      </trkpt>
      <trkpt lat="55.474945" lon="-2.719961">
        <ele>131.8</ele>
      </trkpt>
      <trkpt lat="55.474995" lon="-2.72002">
        <ele>132.2</ele>
      </trkpt>
      <trkpt lat="55.475048" lon="-2.720078">
        <ele>132.4</ele>
      </trkpt>
      <trkpt lat="55.475101" lon="-2.720137">
        <ele>133.0</ele>
      </trkpt>
      <trkpt lat="55.475155" lon="-2.720196">
        <ele>133.4</ele>
      </trkpt>
      <trkpt lat="55.475212" lon="-2.720256">
        <ele>133.6</ele>
      </trkpt>
      <trkpt lat="55.475266" lon="-2.720314">
        <ele>133.8</ele>
      </trkpt>
      <trkpt lat="55.475323" lon="-2.720374">
        <ele>134.0</ele>
      </trkpt>
      <trkpt lat="55.475376" lon="-2.720433">
        <ele>134.0</ele>
      </trkpt>
      <trkpt lat="55.47543" lon="-2.72049">
        <ele>134.4</ele>
      </trkpt>
      <trkpt lat="55.475487" lon="-2.720545">
        <ele>135.0</ele>
      </trkpt>
      <trkpt lat="55.47554" lon="-2.720602">
        <ele>135.8</ele>
      </trkpt>
      <trkpt lat="55.475594" lon="-2.720661">
        <ele>136.2</ele>
      </trkpt>
      <trkpt lat="55.475651" lon="-2.720719">
        <ele>137.0</ele>
      </trkpt>
      <trkpt lat="55.4757" lon="-2.720778">
        <ele>137.2</ele>
      </trkpt>
      <trkpt lat="55.475754" lon="-2.720835">
        <ele>137.6</ele>
      </trkpt>
      <trkpt lat="55.475807" lon="-2.720892">
        <ele>138.0</ele>
      </trkpt>
      <trkpt lat="55.475861" lon="-2.720948">
        <ele>138.2</ele>
      </trkpt>
      <trkpt lat="55.475918" lon="-2.721004">
        <ele>139.0</ele>
      </trkpt>
      <trkpt lat="55.475971" lon="-2.721061">
        <ele>139.4</ele>
      </trkpt>
      <trkpt lat="55.476074" lon="-2.721173">
        <ele>140.0</ele>
      </trkpt>
      <trkpt lat="55.476116" lon="-2.721223">
        <ele>140.2</ele>
      </trkpt>
      <trkpt lat="55.476116" lon="-2.721223">
        <ele>140.8</ele>
      </trkpt>
      <trkpt lat="55.476204" lon="-2.721322">
        <ele>141.2</ele>
      </trkpt>
      <trkpt lat="55.47625" lon="-2.72137">
        <ele>141.6</ele>
      </trkpt>
      <trkpt lat="55.476303" lon="-2.72143">
        <ele>142.2</ele>
      </trkpt>
      <trkpt lat="55.476357" lon="-2.721487">
        <ele>142.4</ele>
      </trkpt>
      <trkpt lat="55.47641" lon="-2.721543">
        <ele>142.8</ele>
      </trkpt>
      <trkpt lat="55.476463" lon="-2.721597">
        <ele>143.2</ele>
      </trkpt>
      <trkpt lat="55.476517" lon="-2.721653">
        <ele>143.6</ele>
      </trkpt>
      <trkpt lat="55.47657" lon="-2.721708">
        <ele>144.0</ele>
      </trkpt>
      <trkpt lat="55.476627" lon="-2.721766">
        <ele>144.2</ele>
      </trkpt>
      <trkpt lat="55.476681" lon="-2.721827">
        <ele>144.6</ele>
      </trkpt>
      <trkpt lat="55.476734" lon="-2.721885">
        <ele>144.8</ele>
      </trkpt>
      <trkpt lat="55.476791" lon="-2.721944">
        <ele>145.2</ele>
      </trkpt>
      <trkpt lat="55.476849" lon="-2.722002">
        <ele>145.6</ele>
      </trkpt>
      <trkpt lat="55.476902" lon="-2.722061">
        <ele>145.8</ele>
      </trkpt>
      <trkpt lat="55.476959" lon="-2.722119">
        <ele>146.6</ele>
      </trkpt>
      <trkpt lat="55.477016" lon="-2.722179">
        <ele>146.8</ele>
      </trkpt>
      <trkpt lat="55.477066" lon="-2.722239">
        <ele>147.2</ele>
      </trkpt>
      <trkpt lat="55.477119" lon="-2.722296">
        <ele>147.4</ele>
      </trkpt>
      <trkpt lat="55.477169" lon="-2.722355">
        <ele>148.0</ele>
      </trkpt>
      <trkpt lat="55.477222" lon="-2.722415">
        <ele>148.4</ele>
      </trkpt>
      <trkpt lat="55.477276" lon="-2.722474">
        <ele>148.6</ele>
      </trkpt>
      <trkpt lat="55.477329" lon="-2.722535">
        <ele>149.0</ele>
      </trkpt>
      <trkpt lat="55.477383" lon="-2.7226">
        <ele>149.2</ele>
      </trkpt>
      <trkpt lat="55.477436" lon="-2.722667">
        <ele>149.8</ele>
      </trkpt>
      <trkpt lat="55.477489" lon="-2.722734">
        <ele>150.0</ele>
      </trkpt>
      <trkpt lat="55.477543" lon="-2.722805">
        <ele>150.8</ele>
      </trkpt>
      <trkpt lat="55.477596" lon="-2.722877">
        <ele>151.2</ele>
      </trkpt>
      <trkpt lat="55.47765" lon="-2.72295">
        <ele>151.4</ele>
      </trkpt>
      <trkpt lat="55.477707" lon="-2.723025">
        <ele>151.6</ele>
      </trkpt>
      <trkpt lat="55.47776" lon="-2.723101">
        <ele>151.8</ele>
      </trkpt>
      <trkpt lat="55.477818" lon="-2.723179">
        <ele>151.8</ele>
      </trkpt>
      <trkpt lat="55.477875" lon="-2.723262">
        <ele>152.0</ele>
      </trkpt>
      <trkpt lat="55.477936" lon="-2.723346">
        <ele>152.0</ele>
      </trkpt>
      <trkpt lat="55.477997" lon="-2.723433">
        <ele>152.0</ele>
      </trkpt>
      <trkpt lat="55.478058" lon="-2.72352">
        <ele>152.0</ele>
      </trkpt>
      <trkpt lat="55.478115" lon="-2.723604">
        <ele>151.8</ele>
      </trkpt>
      <trkpt lat="55.478172" lon="-2.723685">
        <ele>151.8</ele>
      </trkpt>
      <trkpt lat="55.47823" lon="-2.723766">
        <ele>151.8</ele>
      </trkpt>
      <trkpt lat="55.478283" lon="-2.723842">
        <ele>152.0</ele>
      </trkpt>
      <trkpt lat="55.47834" lon="-2.723914">
        <ele>152.0</ele>
      </trkpt>
      <trkpt lat="55.47839" lon="-2.723985">
        <ele>152.2</ele>
      </trkpt>
      <trkpt lat="55.478443" lon="-2.724054">
        <ele>152.2</ele>
      </trkpt>
      <trkpt lat="55.478489" lon="-2.724123">
        <ele>152.4</ele>
      </trkpt>
      <trkpt lat="55.478539" lon="-2.724191">
        <ele>152.4</ele>
      </trkpt>
      <trkpt lat="55.478584" lon="-2.724258">
        <ele>152.6</ele>
      </trkpt>
      <trkpt lat="55.478634" lon="-2.724324">
        <ele>152.6</ele>
      </trkpt>
      <trkpt lat="55.478683" lon="-2.724392">
        <ele>152.6</ele>
      </trkpt>
      <trkpt lat="55.478733" lon="-2.72446">
        <ele>152.8</ele>
      </trkpt>
      <trkpt lat="55.478786" lon="-2.724528">
        <ele>153.0</ele>
      </trkpt>
      <trkpt lat="55.478836" lon="-2.724597">
        <ele>153.2</ele>
      </trkpt>
      <trkpt lat="55.478886" lon="-2.724669">
        <ele>153.4</ele>
      </trkpt>
      <trkpt lat="55.478935" lon="-2.72474">
        <ele>153.6</ele>
      </trkpt>
      <trkpt lat="55.478985" lon="-2.724808">
        <ele>153.8</ele>
      </trkpt>
      <trkpt lat="55.479034" lon="-2.724877">
        <ele>154.0</ele>
      </trkpt>
      <trkpt lat="55.479084" lon="-2.724947">
        <ele>154.8</ele>
      </trkpt>
      <trkpt lat="55.479134" lon="-2.725017">
        <ele>155.0</ele>
      </trkpt>
      <trkpt lat="55.479187" lon="-2.725086">
        <ele>155.4</ele>
      </trkpt>
      <trkpt lat="55.479279" lon="-2.725212">
        <ele>155.6</ele>
      </trkpt>
      <trkpt lat="55.479317" lon="-2.72527">
        <ele>155.6</ele>
      </trkpt>
      <trkpt lat="55.479317" lon="-2.72527">
        <ele>156.0</ele>
      </trkpt>
      <trkpt lat="55.479397" lon="-2.725384">
        <ele>156.2</ele>
      </trkpt>
      <trkpt lat="55.479435" lon="-2.725438">
        <ele>156.4</ele>
      </trkpt>
      <trkpt lat="55.479488" lon="-2.725503">
        <ele>156.6</ele>
      </trkpt>
      <trkpt lat="55.479534" lon="-2.725569">
        <ele>156.8</ele>
      </trkpt>
      <trkpt lat="55.479584" lon="-2.725636">
        <ele>157.0</ele>
      </trkpt>
      <trkpt lat="55.479633" lon="-2.725703">
        <ele>157.2</ele>
      </trkpt>
      <trkpt lat="55.479683" lon="-2.725773">
        <ele>157.4</ele>
      </trkpt>
      <trkpt lat="55.479733" lon="-2.725846">
        <ele>157.6</ele>
      </trkpt>
      <trkpt lat="55.479786" lon="-2.725917">
        <ele>157.8</ele>
      </trkpt>
      <trkpt lat="55.479836" lon="-2.725988">
        <ele>158.0</ele>
      </trkpt>
      <trkpt lat="55.479881" lon="-2.726061">
        <ele>158.2</ele>
      </trkpt>
      <trkpt lat="55.479927" lon="-2.726135">
        <ele>158.6</ele>
      </trkpt>
      <trkpt lat="55.479969" lon="-2.726211">
        <ele>158.8</ele>
      </trkpt>
      <trkpt lat="55.480011" lon="-2.726289">
        <ele>159.0</ele>
      </trkpt>
      <trkpt lat="55.480049" lon="-2.726371">
        <ele>159.2</ele>
      </trkpt>
      <trkpt lat="55.480087" lon="-2.726457">
        <ele>159.4</ele>
      </trkpt>
      <trkpt lat="55.480122" lon="-2.72655">
        <ele>159.8</ele>
      </trkpt>
      <trkpt lat="55.480152" lon="-2.726652">
        <ele>160.0</ele>
      </trkpt>
      <trkpt lat="55.480183" lon="-2.726761">
        <ele>160.2</ele>
      </trkpt>
      <trkpt lat="55.480213" lon="-2.726874">
        <ele>160.4</ele>
      </trkpt>
      <trkpt lat="55.48024" lon="-2.726988">
        <ele>160.8</ele>
      </trkpt>
      <trkpt lat="55.48027" lon="-2.7271">
        <ele>160.8</ele>
      </trkpt>
      <trkpt lat="55.480301" lon="-2.727212">
        <ele>160.8</ele>
      </trkpt>
      <trkpt lat="55.480331" lon="-2.727329">
        <ele>161.0</ele>
      </trkpt>
      <trkpt lat="55.480358" lon="-2.727446">
        <ele>161.0</ele>
      </trkpt>
      <trkpt lat="55.480392" lon="-2.727563">
        <ele>161.0</ele>
      </trkpt>
      <trkpt lat="55.480423" lon="-2.727681">
        <ele>160.8</ele>
      </trkpt>
      <trkpt lat="55.480453" lon="-2.727799">
        <ele>160.8</ele>
      </trkpt>
      <trkpt lat="55.480484" lon="-2.727917">
        <ele>160.8</ele>
      </trkpt>
      <trkpt lat="55.480515" lon="-2.728036">
        <ele>160.8</ele>
      </trkpt>
      <trkpt lat="55.480549" lon="-2.728159">
        <ele>160.4</ele>
      </trkpt>
      <trkpt lat="55.480579" lon="-2.728284">
        <ele>160.4</ele>
      </trkpt>
      <trkpt lat="55.480614" lon="-2.728411">
        <ele>160.2</ele>
      </trkpt>
      <trkpt lat="55.480644" lon="-2.728538">
        <ele>160.2</ele>
      </trkpt>
      <trkpt lat="55.480679" lon="-2.728666">
        <ele>160.2</ele>
      </trkpt>
      <trkpt lat="55.480717" lon="-2.728791">
        <ele>160.0</ele>
      </trkpt>
      <trkpt lat="55.480747" lon="-2.728918">
        <ele>159.8</ele>
      </trkpt>
      <trkpt lat="55.480782" lon="-2.729045">
        <ele>159.6</ele>
      </trkpt>
      <trkpt lat="55.480816" lon="-2.729176">
        <ele>159.6</ele>
      </trkpt>
      <trkpt lat="55.48085" lon="-2.729308">
        <ele>159.4</ele>
      </trkpt>
      <trkpt lat="55.480885" lon="-2.729441">
        <ele>159.4</ele>
      </trkpt>
      <trkpt lat="55.480923" lon="-2.729578">
        <ele>159.2</ele>
      </trkpt>
      <trkpt lat="55.480961" lon="-2.729716">
        <ele>159.0</ele>
      </trkpt>
      <trkpt lat="55.480999" lon="-2.729856">
        <ele>159.0</ele>
      </trkpt>
      <trkpt lat="55.481037" lon="-2.729999">
        <ele>158.4</ele>
      </trkpt>
      <trkpt lat="55.481075" lon="-2.730146">
        <ele>158.2</ele>
      </trkpt>
      <trkpt lat="55.481113" lon="-2.730294">
        <ele>158.0</ele>
      </trkpt>
      <trkpt lat="55.481152" lon="-2.730443">
        <ele>157.6</ele>
      </trkpt>
      <trkpt lat="55.481194" lon="-2.730593">
        <ele>157.4</ele>
      </trkpt>
      <trkpt lat="55.481232" lon="-2.730742">
        <ele>156.8</ele>
      </trkpt>
      <trkpt lat="55.481274" lon="-2.730892">
        <ele>156.6</ele>
      </trkpt>
      <trkpt lat="55.481316" lon="-2.731036">
        <ele>156.0</ele>
      </trkpt>
      <trkpt lat="55.481358" lon="-2.731177">
        <ele>155.8</ele>
      </trkpt>
      <trkpt lat="55.481403" lon="-2.731311">
        <ele>155.2</ele>
      </trkpt>
      <trkpt lat="55.481453" lon="-2.731435">
        <ele>154.6</ele>
      </trkpt>
      <trkpt lat="55.481503" lon="-2.73155">
        <ele>154.4</ele>
      </trkpt>
      <trkpt lat="55.481556" lon="-2.731656">
        <ele>154.0</ele>
      </trkpt>
      <trkpt lat="55.481651" lon="-2.731835">
        <ele>154.0</ele>
      </trkpt>
      <trkpt lat="55.481693" lon="-2.73191">
        <ele>153.8</ele>
      </trkpt>
      <trkpt lat="55.481693" lon="-2.73191">
        <ele>153.8</ele>
      </trkpt>
      <trkpt lat="55.48177" lon="-2.732048">
        <ele>153.8</ele>
      </trkpt>
      <trkpt lat="55.481808" lon="-2.732112">
        <ele>153.8</ele>
      </trkpt>
      <trkpt lat="55.48185" lon="-2.732189">
        <ele>153.8</ele>
      </trkpt>
      <trkpt lat="55.481892" lon="-2.732266">
        <ele>153.8</ele>
      </trkpt>
      <trkpt lat="55.48193" lon="-2.732339">
        <ele>153.8</ele>
      </trkpt>
      <trkpt lat="55.481968" lon="-2.732414">
        <ele>154.6</ele>
      </trkpt>
      <trkpt lat="55.482006" lon="-2.732493">
        <ele>155.0</ele>
      </trkpt>
      <trkpt lat="55.482048" lon="-2.73257">
        <ele>155.2</ele>
      </trkpt>
      <trkpt lat="55.48209" lon="-2.732648">
        <ele>155.6</ele>
      </trkpt>
      <trkpt lat="55.482136" lon="-2.732728">
        <ele>155.8</ele>
      </trkpt>
      <trkpt lat="55.482182" lon="-2.732804">
        <ele>156.4</ele>
      </trkpt>
      <trkpt lat="55.482224" lon="-2.732881">
        <ele>156.6</ele>
      </trkpt>
      <trkpt lat="55.482265" lon="-2.732963">
        <ele>157.2</ele>
      </trkpt>
      <trkpt lat="55.482307" lon="-2.733042">
        <ele>157.8</ele>
      </trkpt>
      <trkpt lat="55.482349" lon="-2.733119">
        <ele>158.0</ele>
      </trkpt>
      <trkpt lat="55.482395" lon="-2.733198">
        <ele>158.8</ele>
      </trkpt>
      <trkpt lat="55.482437" lon="-2.733281">
        <ele>159.0</ele>
      </trkpt>
      <trkpt lat="55.482483" lon="-2.733368">
        <ele>159.8</ele>
      </trkpt>
      <trkpt lat="55.482525" lon="-2.733453">
        <ele>160.4</ele>
      </trkpt>
      <trkpt lat="55.482571" lon="-2.733535">
        <ele>161.4</ele>
      </trkpt>
      <trkpt lat="55.482616" lon="-2.733616">
        <ele>162.4</ele>
      </trkpt>
      <trkpt lat="55.482658" lon="-2.733696">
        <ele>162.8</ele>
      </trkpt>
      <trkpt lat="55.482704" lon="-2.733777">
        <ele>163.4</ele>
      </trkpt>
      <trkpt lat="55.482746" lon="-2.733857">
        <ele>163.8</ele>
      </trkpt>
      <trkpt lat="55.482792" lon="-2.733941">
        <ele>164.2</ele>
      </trkpt>
      <trkpt lat="55.482834" lon="-2.734023">
        <ele>164.6</ele>
      </trkpt>
      <trkpt lat="55.48288" lon="-2.734103">
        <ele>164.6</ele>
      </trkpt>
      <trkpt lat="55.482925" lon="-2.734185">
        <ele>164.8</ele>
      </trkpt>
      <trkpt lat="55.482967" lon="-2.734267">
        <ele>165.0</ele>
      </trkpt>
      <trkpt lat="55.483013" lon="-2.734349">
        <ele>165.4</ele>
      </trkpt>
      <trkpt lat="55.483055" lon="-2.734431">
        <ele>165.4</ele>
      </trkpt>
      <trkpt lat="55.483097" lon="-2.734511">
        <ele>165.8</ele>
      </trkpt>
      <trkpt lat="55.483139" lon="-2.734593">
        <ele>166.4</ele>
      </trkpt>
      <trkpt lat="55.483181" lon="-2.734678">
        <ele>166.8</ele>
      </trkpt>
      <trkpt lat="55.483223" lon="-2.734762">
        <ele>167.0</ele>
      </trkpt>
      <trkpt lat="55.483269" lon="-2.734846">
        <ele>167.2</ele>
      </trkpt>
      <trkpt lat="55.483311" lon="-2.734929">
        <ele>167.4</ele>
      </trkpt>
      <trkpt lat="55.483356" lon="-2.735008">
        <ele>167.6</ele>
      </trkpt>
      <trkpt lat="55.483406" lon="-2.735075">
        <ele>168.0</ele>
      </trkpt>
      <trkpt lat="55.483463" lon="-2.735122">
        <ele>168.2</ele>
      </trkpt>
      <trkpt lat="55.483528" lon="-2.735149">
        <ele>168.4</ele>
      </trkpt>
      <trkpt lat="55.483604" lon="-2.735157">
        <ele>168.6</ele>
      </trkpt>
      <trkpt lat="55.483658" lon="-2.735149">
        <ele>168.6</ele>
      </trkpt>
      <trkpt lat="55.483723" lon="-2.735125">
        <ele>168.6</ele>
      </trkpt>
      <trkpt lat="55.483791" lon="-2.73509">
        <ele>168.8</ele>
      </trkpt>
      <trkpt lat="55.483856" lon="-2.735053">
        <ele>168.8</ele>
      </trkpt>
      <trkpt lat="55.483921" lon="-2.735015">
        <ele>168.6</ele>
      </trkpt>
      <trkpt lat="55.48399" lon="-2.73498">
        <ele>168.6</ele>
      </trkpt>
      <trkpt lat="55.484058" lon="-2.734951">
        <ele>168.6</ele>
      </trkpt>
      <trkpt lat="55.484131" lon="-2.734923">
        <ele>168.4</ele>
      </trkpt>
      <trkpt lat="55.4842" lon="-2.734894">
        <ele>168.4</ele>
      </trkpt>
      <trkpt lat="55.484272" lon="-2.734862">
        <ele>168.4</ele>
      </trkpt>
      <trkpt lat="55.484348" lon="-2.734828">
        <ele>168.2</ele>
      </trkpt>
      <trkpt lat="55.484425" lon="-2.734796">
        <ele>167.8</ele>
      </trkpt>
      <trkpt lat="55.484501" lon="-2.734765">
        <ele>167.6</ele>
      </trkpt>
      <trkpt lat="55.484585" lon="-2.734731">
        <ele>167.6</ele>
      </trkpt>
      <trkpt lat="55.484665" lon="-2.734695">
        <ele>167.4</ele>
      </trkpt>
      <trkpt lat="55.484818" lon="-2.734623">
        <ele>167.4</ele>
      </trkpt>
      <trkpt lat="55.484886" lon="-2.734582">
        <ele>167.2</ele>
      </trkpt>
      <trkpt lat="55.484966" lon="-2.734518">
        <ele>167.2</ele>
      </trkpt>
      <trkpt lat="55.485016" lon="-2.734469">
        <ele>166.6</ele>
      </trkpt>
      <trkpt lat="55.485092" lon="-2.734379">
        <ele>166.4</ele>
      </trkpt>
      <trkpt lat="55.485165" lon="-2.734275">
        <ele>166.2</ele>
      </trkpt>
      <trkpt lat="55.485218" lon="-2.734183">
        <ele>165.8</ele>
      </trkpt>
      <trkpt lat="55.485283" lon="-2.734067">
        <ele>165.6</ele>
      </trkpt>
      <trkpt lat="55.485348" lon="-2.733949">
        <ele>165.0</ele>
      </trkpt>
      <trkpt lat="55.485413" lon="-2.73383">
        <ele>164.8</ele>
      </trkpt>
      <trkpt lat="55.485477" lon="-2.733712">
        <ele>164.4</ele>
      </trkpt>
      <trkpt lat="55.485554" lon="-2.733571">
        <ele>164.2</ele>
      </trkpt>
      <trkpt lat="55.485607" lon="-2.733477">
        <ele>163.8</ele>
      </trkpt>
      <trkpt lat="55.485668" lon="-2.733362">
        <ele>163.2</ele>
      </trkpt>
      <trkpt lat="55.485729" lon="-2.733247">
        <ele>163.0</ele>
      </trkpt>
      <trkpt lat="55.48579" lon="-2.733132">
        <ele>162.8</ele>
      </trkpt>
      <trkpt lat="55.485851" lon="-2.733019">
        <ele>162.6</ele>
      </trkpt>
      <trkpt lat="55.485909" lon="-2.732907">
        <ele>162.2</ele>
      </trkpt>
      <trkpt lat="55.48597" lon="-2.732795">
        <ele>162.0</ele>
      </trkpt>
      <trkpt lat="55.486027" lon="-2.732685">
        <ele>162.0</ele>
      </trkpt>
      <trkpt lat="55.486088" lon="-2.732577">
        <ele>161.8</ele>
      </trkpt>
      <trkpt lat="55.486145" lon="-2.732467">
        <ele>161.6</ele>
      </trkpt>
      <trkpt lat="55.486202" lon="-2.732353">
        <ele>161.4</ele>
      </trkpt>
      <trkpt lat="55.486259" lon="-2.732238">
        <ele>161.2</ele>
      </trkpt>
      <trkpt lat="55.486317" lon="-2.732116">
        <ele>161.0</ele>
      </trkpt>
      <trkpt lat="55.486374" lon="-2.731991">
        <ele>160.8</ele>
      </trkpt>
      <trkpt lat="55.486435" lon="-2.731853">
        <ele>160.6</ele>
      </trkpt>
      <trkpt lat="55.486492" lon="-2.731708">
        <ele>160.2</ele>
      </trkpt>
      <trkpt lat="55.486549" lon="-2.73156">
        <ele>160.0</ele>
      </trkpt>
      <trkpt lat="55.486603" lon="-2.731414">
        <ele>159.6</ele>
      </trkpt>
      <trkpt lat="55.48666" lon="-2.731269">
        <ele>159.6</ele>
      </trkpt>
      <trkpt lat="55.486717" lon="-2.731128">
        <ele>159.0</ele>
      </trkpt>
      <trkpt lat="55.486774" lon="-2.73099">
        <ele>158.0</ele>
      </trkpt>
      <trkpt lat="55.486832" lon="-2.730857">
        <ele>157.6</ele>
      </trkpt>
      <trkpt lat="55.486885" lon="-2.730725">
        <ele>157.0</ele>
      </trkpt>
      <trkpt lat="55.486942" lon="-2.730597">
        <ele>157.0</ele>
      </trkpt>
      <trkpt lat="55.486992" lon="-2.730473">
        <ele>156.8</ele>
      </trkpt>
      <trkpt lat="55.487045" lon="-2.730356">
        <ele>156.8</ele>
      </trkpt>
      <trkpt lat="55.487103" lon="-2.730225">
        <ele>156.6</ele>
      </trkpt>
      <trkpt lat="55.487137" lon="-2.730143">
        <ele>156.6</ele>
      </trkpt>
      <trkpt lat="55.487179" lon="-2.730046">
        <ele>156.6</ele>
      </trkpt>
      <trkpt lat="55.487217" lon="-2.729953">
        <ele>156.8</ele>
      </trkpt>
      <trkpt lat="55.487259" lon="-2.729862">
        <ele>156.8</ele>
      </trkpt>
      <trkpt lat="55.487297" lon="-2.72977">
        <ele>156.8</ele>
      </trkpt>
      <trkpt lat="55.487335" lon="-2.729679">
        <ele>157.2</ele>
      </trkpt>
      <trkpt lat="55.487373" lon="-2.729587">
        <ele>157.4</ele>
      </trkpt>
      <trkpt lat="55.487415" lon="-2.729495">
        <ele>157.8</ele>
      </trkpt>
      <trkpt lat="55.487465" lon="-2.729386">
        <ele>158.0</ele>
      </trkpt>
      <trkpt lat="55.487499" lon="-2.729313">
        <ele>158.2</ele>
      </trkpt>
      <trkpt lat="55.487537" lon="-2.72922">
        <ele>158.4</ele>
      </trkpt>
      <trkpt lat="55.487579" lon="-2.729136">
        <ele>158.6</ele>
      </trkpt>
      <trkpt lat="55.487629" lon="-2.729077">
        <ele>158.6</ele>
      </trkpt>
      <trkpt lat="55.48769" lon="-2.729054">
        <ele>158.8</ele>
      </trkpt>
      <trkpt lat="55.487751" lon="-2.729063">
        <ele>158.8</ele>
      </trkpt>
      <trkpt lat="55.487812" lon="-2.729101">
        <ele>159.0</ele>
      </trkpt>
      <trkpt lat="55.487858" lon="-2.729165">
        <ele>159.0</ele>
      </trkpt>
      <trkpt lat="55.487907" lon="-2.729248">
        <ele>159.2</ele>
      </trkpt>
      <trkpt lat="55.487934" lon="-2.729307">
        <ele>159.2</ele>
      </trkpt>
      <trkpt lat="55.487968" lon="-2.72938">
        <ele>159.4</ele>
      </trkpt>
      <trkpt lat="55.488014" lon="-2.729458">
        <ele>159.6</ele>
      </trkpt>
      <trkpt lat="55.488056" lon="-2.729519">
        <ele>160.0</ele>
      </trkpt>
      <trkpt lat="55.488091" lon="-2.729575">
        <ele>160.2</ele>
      </trkpt>
      <trkpt lat="55.488136" lon="-2.729648">
        <ele>160.6</ele>
      </trkpt>
      <trkpt lat="55.488186" lon="-2.729729">
        <ele>160.8</ele>
      </trkpt>
      <trkpt lat="55.488235" lon="-2.729817">
        <ele>161.0</ele>
      </trkpt>
      <trkpt lat="55.488297" lon="-2.729928">
        <ele>161.2</ele>
      </trkpt>
      <trkpt lat="55.488338" lon="-2.730004">
        <ele>161.2</ele>
      </trkpt>
      <trkpt lat="55.488392" lon="-2.730104">
        <ele>161.2</ele>
      </trkpt>
      <trkpt lat="55.488457" lon="-2.730228">
        <ele>161.2</ele>
      </trkpt>
      <trkpt lat="55.488503" lon="-2.730315">
        <ele>161.2</ele>
      </trkpt>
      <trkpt lat="55.488564" lon="-2.730421">
        <ele>161.2</ele>
      </trkpt>
      <trkpt lat="55.488621" lon="-2.730526">
        <ele>161.0</ele>
      </trkpt>
      <trkpt lat="55.488678" lon="-2.730632">
        <ele>160.4</ele>
      </trkpt>
      <trkpt lat="55.488735" lon="-2.730735">
        <ele>160.2</ele>
      </trkpt>
      <trkpt lat="55.488804" lon="-2.73086">
        <ele>159.8</ele>
      </trkpt>
      <trkpt lat="55.48885" lon="-2.730938">
        <ele>159.8</ele>
      </trkpt>
      <trkpt lat="55.488903" lon="-2.731036">
        <ele>159.4</ele>
      </trkpt>
      <trkpt lat="55.488956" lon="-2.731131">
        <ele>159.4</ele>
      </trkpt>
      <trkpt lat="55.489014" lon="-2.731226">
        <ele>159.2</ele>
      </trkpt>
      <trkpt lat="55.489067" lon="-2.73132">
        <ele>159.0</ele>
      </trkpt>
      <trkpt lat="55.48912" lon="-2.73141">
        <ele>159.0</ele>
      </trkpt>
      <trkpt lat="55.489174" lon="-2.731501">
        <ele>159.0</ele>
      </trkpt>
      <trkpt lat="55.489223" lon="-2.731593">
        <ele>159.0</ele>
      </trkpt>
      <trkpt lat="55.489277" lon="-2.731687">
        <ele>159.0</ele>
      </trkpt>
      <trkpt lat="55.48933" lon="-2.731775">
        <ele>159.0</ele>
      </trkpt>
      <trkpt lat="55.48938" lon="-2.731862">
        <ele>159.2</ele>
      </trkpt>
      <trkpt lat="55.489433" lon="-2.731949">
        <ele>159.2</ele>
      </trkpt>
      <trkpt lat="55.489483" lon="-2.732038">
        <ele>159.2</ele>
      </trkpt>
      <trkpt lat="55.489532" lon="-2.732124">
        <ele>159.4</ele>
      </trkpt>
      <trkpt lat="55.489582" lon="-2.732207">
        <ele>159.4</ele>
      </trkpt>
      <trkpt lat="55.489658" lon="-2.732337">
        <ele>159.4</ele>
      </trkpt>
      <trkpt lat="55.489708" lon="-2.732419">
        <ele>159.4</ele>
      </trkpt>
      <trkpt lat="55.489708" lon="-2.732419">
        <ele>159.6</ele>
      </trkpt>
      <trkpt lat="55.489784" lon="-2.732546">
        <ele>159.8</ele>
      </trkpt>
      <trkpt lat="55.489819" lon="-2.732612">
        <ele>159.8</ele>
      </trkpt>
      <trkpt lat="55.489868" lon="-2.732708">
        <ele>160.0</ele>
      </trkpt>
      <trkpt lat="55.489902" lon="-2.73277">
        <ele>160.2</ele>
      </trkpt>
      <trkpt lat="55.489944" lon="-2.732845">
        <ele>160.4</ele>
      </trkpt>
      <trkpt lat="55.489986" lon="-2.732919">
        <ele>160.6</ele>
      </trkpt>
      <trkpt lat="55.490032" lon="-2.732996">
        <ele>160.8</ele>
      </trkpt>
      <trkpt lat="55.490078" lon="-2.733074">
        <ele>161.6</ele>
      </trkpt>
      <trkpt lat="55.49012" lon="-2.73315">
        <ele>161.8</ele>
      </trkpt>
      <trkpt lat="55.490162" lon="-2.733224">
        <ele>162.0</ele>
      </trkpt>
      <trkpt lat="55.490208" lon="-2.733293">
        <ele>162.2</ele>
      </trkpt>
      <trkpt lat="55.49025" lon="-2.733362">
        <ele>162.4</ele>
      </trkpt>
      <trkpt lat="55.490292" lon="-2.733435">
        <ele>162.8</ele>
      </trkpt>
      <trkpt lat="55.490334" lon="-2.733507">
        <ele>163.0</ele>
      </trkpt>
      <trkpt lat="55.490376" lon="-2.733572">
        <ele>163.2</ele>
      </trkpt>
      <trkpt lat="55.490414" lon="-2.733635">
        <ele>163.6</ele>
      </trkpt>
      <trkpt lat="55.490448" lon="-2.733702">
        <ele>163.6</ele>
      </trkpt>
      <trkpt lat="55.490486" lon="-2.733771">
        <ele>164.2</ele>
      </trkpt>
      <trkpt lat="55.490524" lon="-2.733837">
        <ele>164.6</ele>
      </trkpt>
      <trkpt lat="55.490559" lon="-2.733909">
        <ele>165.0</ele>
      </trkpt>
      <trkpt lat="55.490593" lon="-2.733982">
        <ele>165.0</ele>
      </trkpt>
      <trkpt lat="55.490627" lon="-2.734054">
        <ele>165.2</ele>
      </trkpt>
      <trkpt lat="55.490662" lon="-2.734126">
        <ele>165.4</ele>
      </trkpt>
      <trkpt lat="55.4907" lon="-2.7342">
        <ele>165.6</ele>
      </trkpt>
      <trkpt lat="55.490742" lon="-2.734276">
        <ele>166.0</ele>
      </trkpt>
      <trkpt lat="55.490784" lon="-2.734354">
        <ele>166.2</ele>
      </trkpt>
      <trkpt lat="55.490826" lon="-2.734429">
        <ele>166.4</ele>
      </trkpt>
      <trkpt lat="55.490871" lon="-2.734505">
        <ele>166.4</ele>
      </trkpt>
      <trkpt lat="55.490913" lon="-2.734582">
        <ele>166.8</ele>
      </trkpt>
      <trkpt lat="55.490955" lon="-2.734657">
        <ele>167.0</ele>
      </trkpt>
      <trkpt lat="55.491001" lon="-2.734732">
        <ele>167.0</ele>
      </trkpt>
      <trkpt lat="55.491043" lon="-2.734805">
        <ele>167.4</ele>
      </trkpt>
      <trkpt lat="55.491085" lon="-2.734872">
        <ele>167.6</ele>
      </trkpt>
      <trkpt lat="55.491131" lon="-2.734932">
        <ele>168.0</ele>
      </trkpt>
      <trkpt lat="55.491184" lon="-2.73498">
        <ele>168.4</ele>
      </trkpt>
      <trkpt lat="55.491241" lon="-2.735015">
        <ele>168.6</ele>
      </trkpt>
      <trkpt lat="55.491299" lon="-2.735043">
        <ele>169.0</ele>
      </trkpt>
      <trkpt lat="55.491356" lon="-2.735056">
        <ele>169.2</ele>
      </trkpt>
      <trkpt lat="55.491413" lon="-2.73506">
        <ele>169.6</ele>
      </trkpt>
      <trkpt lat="55.491474" lon="-2.735068">
        <ele>169.8</ele>
      </trkpt>
      <trkpt lat="55.491535" lon="-2.735081">
        <ele>170.0</ele>
      </trkpt>
      <trkpt lat="55.491592" lon="-2.735104">
        <ele>170.2</ele>
      </trkpt>
      <trkpt lat="55.49165" lon="-2.735137">
        <ele>170.2</ele>
      </trkpt>
      <trkpt lat="55.491707" lon="-2.735179">
        <ele>170.6</ele>
      </trkpt>
      <trkpt lat="55.491764" lon="-2.735231">
        <ele>170.8</ele>
      </trkpt>
      <trkpt lat="55.491817" lon="-2.735291">
        <ele>171.0</ele>
      </trkpt>
      <trkpt lat="55.491867" lon="-2.735355">
        <ele>171.2</ele>
      </trkpt>
      <trkpt lat="55.49192" lon="-2.735416">
        <ele>171.6</ele>
      </trkpt>
      <trkpt lat="55.491974" lon="-2.735481">
        <ele>171.8</ele>
      </trkpt>
      <trkpt lat="55.492023" lon="-2.735547">
        <ele>172.0</ele>
      </trkpt>
      <trkpt lat="55.492073" lon="-2.735614">
        <ele>172.2</ele>
      </trkpt>
      <trkpt lat="55.492123" lon="-2.735684">
        <ele>172.4</ele>
      </trkpt>
      <trkpt lat="55.492172" lon="-2.735751">
        <ele>172.8</ele>
      </trkpt>
      <trkpt lat="55.492222" lon="-2.735808">
        <ele>173.4</ele>
      </trkpt>
      <trkpt lat="55.492275" lon="-2.735866">
        <ele>173.6</ele>
      </trkpt>
      <trkpt lat="55.492325" lon="-2.735923">
        <ele>174.4</ele>
      </trkpt>
      <trkpt lat="55.492374" lon="-2.735982">
        <ele>174.8</ele>
      </trkpt>
      <trkpt lat="55.492466" lon="-2.736079">
        <ele>175.2</ele>
      </trkpt>
      <trkpt lat="55.492516" lon="-2.736125">
        <ele>175.4</ele>
      </trkpt>
      <trkpt lat="55.492516" lon="-2.736125">
        <ele>176.0</ele>
      </trkpt>
      <trkpt lat="55.49258" lon="-2.736187">
        <ele>176.4</ele>
      </trkpt>
      <trkpt lat="55.49263" lon="-2.736229">
        <ele>176.6</ele>
      </trkpt>
      <trkpt lat="55.492676" lon="-2.736266">
        <ele>177.6</ele>
      </trkpt>
      <trkpt lat="55.492714" lon="-2.736296">
        <ele>177.8</ele>
      </trkpt>
      <trkpt lat="55.492767" lon="-2.736337">
        <ele>178.8</ele>
      </trkpt>
      <trkpt lat="55.492817" lon="-2.736376">
        <ele>179.2</ele>
      </trkpt>
      <trkpt lat="55.492878" lon="-2.736423">
        <ele>179.8</ele>
      </trkpt>
      <trkpt lat="55.49292" lon="-2.736452">
        <ele>180.6</ele>
      </trkpt>
      <trkpt lat="55.492973" lon="-2.736488">
        <ele>181.0</ele>
      </trkpt>
      <trkpt lat="55.493027" lon="-2.736525">
        <ele>181.8</ele>
      </trkpt>
      <trkpt lat="55.49308" lon="-2.736563">
        <ele>182.2</ele>
      </trkpt>
      <trkpt lat="55.493137" lon="-2.736601">
        <ele>182.8</ele>
      </trkpt>
      <trkpt lat="55.493191" lon="-2.736637">
        <ele>183.4</ele>
      </trkpt>
      <trkpt lat="55.493248" lon="-2.736673">
        <ele>183.8</ele>
      </trkpt>
      <trkpt lat="55.493301" lon="-2.736711">
        <ele>184.2</ele>
      </trkpt>
      <trkpt lat="55.493359" lon="-2.736748">
        <ele>184.4</ele>
      </trkpt>
      <trkpt lat="55.493416" lon="-2.736786">
        <ele>185.0</ele>
      </trkpt>
      <trkpt lat="55.493473" lon="-2.736825">
        <ele>185.2</ele>
      </trkpt>
      <trkpt lat="55.493534" lon="-2.736865">
        <ele>185.6</ele>
      </trkpt>
      <trkpt lat="55.493595" lon="-2.736908">
        <ele>186.0</ele>
      </trkpt>
      <trkpt lat="55.49366" lon="-2.736949">
        <ele>186.4</ele>
      </trkpt>
      <trkpt lat="55.493721" lon="-2.736989">
        <ele>187.0</ele>
      </trkpt>
      <trkpt lat="55.493786" lon="-2.737026">
        <ele>187.2</ele>
      </trkpt>
      <trkpt lat="55.493847" lon="-2.737064">
        <ele>187.6</ele>
      </trkpt>
      <trkpt lat="55.493908" lon="-2.737102">
        <ele>187.8</ele>
      </trkpt>
      <trkpt lat="55.493969" lon="-2.73714">
        <ele>188.2</ele>
      </trkpt>
      <trkpt lat="55.49403" lon="-2.73718">
        <ele>188.4</ele>
      </trkpt>
      <trkpt lat="55.494095" lon="-2.737222">
        <ele>188.6</ele>
      </trkpt>
      <trkpt lat="55.494156" lon="-2.737264">
        <ele>188.8</ele>
      </trkpt>
      <trkpt lat="55.494217" lon="-2.737305">
        <ele>189.2</ele>
      </trkpt>
      <trkpt lat="55.494282" lon="-2.737346">
        <ele>189.2</ele>
      </trkpt>
      <trkpt lat="55.494347" lon="-2.737388">
        <ele>189.4</ele>
      </trkpt>
      <trkpt lat="55.494411" lon="-2.737431">
        <ele>189.4</ele>
      </trkpt>
      <trkpt lat="55.494476" lon="-2.737473">
        <ele>189.6</ele>
      </trkpt>
      <trkpt lat="55.494541" lon="-2.737515">
        <ele>189.6</ele>
      </trkpt>
      <trkpt lat="55.494606" lon="-2.737557">
        <ele>189.6</ele>
      </trkpt>
      <trkpt lat="55.494675" lon="-2.737595">
        <ele>189.6</ele>
      </trkpt>
      <trkpt lat="55.49474" lon="-2.737635">
        <ele>189.6</ele>
      </trkpt>
      <trkpt lat="55.494804" lon="-2.737677">
        <ele>189.6</ele>
      </trkpt>
      <trkpt lat="55.494869" lon="-2.737719">
        <ele>189.6</ele>
      </trkpt>
      <trkpt lat="55.494934" lon="-2.737761">
        <ele>189.6</ele>
      </trkpt>
      <trkpt lat="55.494995" lon="-2.737804">
        <ele>189.6</ele>
      </trkpt>
      <trkpt lat="55.49506" lon="-2.737844">
        <ele>189.6</ele>
      </trkpt>
      <trkpt lat="55.495117" lon="-2.737881">
        <ele>189.8</ele>
      </trkpt>
      <trkpt lat="55.495174" lon="-2.737919">
        <ele>189.8</ele>
      </trkpt>
      <trkpt lat="55.495232" lon="-2.737956">
        <ele>190.0</ele>
      </trkpt>
      <trkpt lat="55.495285" lon="-2.737989">
        <ele>190.2</ele>
      </trkpt>
      <trkpt lat="55.495338" lon="-2.738024">
        <ele>190.4</ele>
      </trkpt>
      <trkpt lat="55.495388" lon="-2.738059">
        <ele>190.4</ele>
      </trkpt>
      <trkpt lat="55.495441" lon="-2.738092">
        <ele>190.6</ele>
      </trkpt>
      <trkpt lat="55.495491" lon="-2.738126">
        <ele>191.0</ele>
      </trkpt>
      <trkpt lat="55.495544" lon="-2.738162">
        <ele>191.2</ele>
      </trkpt>
      <trkpt lat="55.495598" lon="-2.738197">
        <ele>191.6</ele>
      </trkpt>
      <trkpt lat="55.495655" lon="-2.738232">
        <ele>192.0</ele>
      </trkpt>
      <trkpt lat="55.495708" lon="-2.738271">
        <ele>192.4</ele>
      </trkpt>
      <trkpt lat="55.495766" lon="-2.73831">
        <ele>192.6</ele>
      </trkpt>
      <trkpt lat="55.495827" lon="-2.738348">
        <ele>192.8</ele>
      </trkpt>
      <trkpt lat="55.495934" lon="-2.738412">
        <ele>193.0</ele>
      </trkpt>
      <trkpt lat="55.495979" lon="-2.738442">
        <ele>193.2</ele>
      </trkpt>
      <trkpt lat="55.495979" lon="-2.738442">
        <ele>193.4</ele>
      </trkpt>
      <trkpt lat="55.496078" lon="-2.738497">
        <ele>193.6</ele>
      </trkpt>
      <trkpt lat="55.496128" lon="-2.738523">
        <ele>194.0</ele>
      </trkpt>
      <trkpt lat="55.496197" lon="-2.738556">
        <ele>194.4</ele>
      </trkpt>
      <trkpt lat="55.496269" lon="-2.738592">
        <ele>194.4</ele>
      </trkpt>
      <trkpt lat="55.496346" lon="-2.73863">
        <ele>194.6</ele>
      </trkpt>
      <trkpt lat="55.496426" lon="-2.738667">
        <ele>194.6</ele>
      </trkpt>
      <trkpt lat="55.496506" lon="-2.738699">
        <ele>194.6</ele>
      </trkpt>
      <trkpt lat="55.496582" lon="-2.738729">
        <ele>194.6</ele>
      </trkpt>
      <trkpt lat="55.496655" lon="-2.738757">
        <ele>194.6</ele>
      </trkpt>
      <trkpt lat="55.496727" lon="-2.73878">
        <ele>194.6</ele>
      </trkpt>
      <trkpt lat="55.496799" lon="-2.738792">
        <ele>194.4</ele>
      </trkpt>
      <trkpt lat="55.496868" lon="-2.738798">
        <ele>194.4</ele>
      </trkpt>
      <trkpt lat="55.496933" lon="-2.738806">
        <ele>194.4</ele>
      </trkpt>
      <trkpt lat="55.497002" lon="-2.738814">
        <ele>194.4</ele>
      </trkpt>
      <trkpt lat="55.497066" lon="-2.73882">
        <ele>194.4</ele>
      </trkpt>
      <trkpt lat="55.497135" lon="-2.738832">
        <ele>194.4</ele>
      </trkpt>
      <trkpt lat="55.497208" lon="-2.738845">
        <ele>194.4</ele>
      </trkpt>
      <trkpt lat="55.49728" lon="-2.738858">
        <ele>194.6</ele>
      </trkpt>
      <trkpt lat="55.497356" lon="-2.738871">
        <ele>194.6</ele>
      </trkpt>
      <trkpt lat="55.497433" lon="-2.738884">
        <ele>194.6</ele>
      </trkpt>
      <trkpt lat="55.497509" lon="-2.738897">
        <ele>194.6</ele>
      </trkpt>
      <trkpt lat="55.497593" lon="-2.738913">
        <ele>194.6</ele>
      </trkpt>
      <trkpt lat="55.497665" lon="-2.738926">
        <ele>194.6</ele>
      </trkpt>
      <trkpt lat="55.497719" lon="-2.738937">
        <ele>194.8</ele>
      </trkpt>
      <trkpt lat="55.497787" lon="-2.738949">
        <ele>194.8</ele>
      </trkpt>
      <trkpt lat="55.497852" lon="-2.738959">
        <ele>195.0</ele>
      </trkpt>
      <trkpt lat="55.497929" lon="-2.73897">
        <ele>195.0</ele>
      </trkpt>
      <trkpt lat="55.497993" lon="-2.738978">
        <ele>195.0</ele>
      </trkpt>
      <trkpt lat="55.498058" lon="-2.738984">
        <ele>195.2</ele>
      </trkpt>
      <trkpt lat="55.498108" lon="-2.738993">
        <ele>195.2</ele>
      </trkpt>
      <trkpt lat="55.498184" lon="-2.739007">
        <ele>195.8</ele>
      </trkpt>
      <trkpt lat="55.498238" lon="-2.739012">
        <ele>196.0</ele>
      </trkpt>
      <trkpt lat="55.498306" lon="-2.739022">
        <ele>196.4</ele>
      </trkpt>
      <trkpt lat="55.498371" lon="-2.739035">
        <ele>196.4</ele>
      </trkpt>
      <trkpt lat="55.49844" lon="-2.739048">
        <ele>196.8</ele>
      </trkpt>
      <trkpt lat="55.498508" lon="-2.739055">
        <ele>197.0</ele>
      </trkpt>
      <trkpt lat="55.498577" lon="-2.73906">
        <ele>197.0</ele>
      </trkpt>
      <trkpt lat="55.49865" lon="-2.739059">
        <ele>197.0</ele>
      </trkpt>
      <trkpt lat="55.498718" lon="-2.739053">
        <ele>197.0</ele>
      </trkpt>
      <trkpt lat="55.498791" lon="-2.739039">
        <ele>197.0</ele>
      </trkpt>
      <trkpt lat="55.498863" lon="-2.73902">
        <ele>197.0</ele>
      </trkpt>
      <trkpt lat="55.498943" lon="-2.739">
        <ele>197.0</ele>
      </trkpt>
      <trkpt lat="55.499027" lon="-2.738989">
        <ele>197.0</ele>
      </trkpt>
      <trkpt lat="55.499119" lon="-2.738999">
        <ele>196.8</ele>
      </trkpt>
      <trkpt lat="55.499218" lon="-2.739032">
        <ele>196.6</ele>
      </trkpt>
      <trkpt lat="55.499302" lon="-2.739093">
        <ele>196.2</ele>
      </trkpt>
      <trkpt lat="55.499386" lon="-2.739171">
        <ele>195.6</ele>
      </trkpt>
      <trkpt lat="55.499462" lon="-2.739257">
        <ele>195.0</ele>
      </trkpt>
      <trkpt lat="55.499535" lon="-2.73934">
        <ele>194.6</ele>
      </trkpt>
      <trkpt lat="55.499603" lon="-2.739418">
        <ele>194.0</ele>
      </trkpt>
      <trkpt lat="55.499668" lon="-2.739488">
        <ele>193.8</ele>
      </trkpt>
      <trkpt lat="55.499733" lon="-2.739552">
        <ele>193.6</ele>
      </trkpt>
      <trkpt lat="55.49979" lon="-2.73961">
        <ele>193.6</ele>
      </trkpt>
      <trkpt lat="55.499844" lon="-2.739668">
        <ele>193.6</ele>
      </trkpt>
      <trkpt lat="55.499905" lon="-2.739738">
        <ele>193.4</ele>
      </trkpt>
      <trkpt lat="55.499947" lon="-2.739785">
        <ele>193.6</ele>
      </trkpt>
      <trkpt lat="55.5" lon="-2.739846">
        <ele>193.6</ele>
      </trkpt>
      <trkpt lat="55.500057" lon="-2.739905">
        <ele>193.8</ele>
      </trkpt>
      <trkpt lat="55.500114" lon="-2.739963">
        <ele>194.0</ele>
      </trkpt>
      <trkpt lat="55.500172" lon="-2.740023">
        <ele>194.0</ele>
      </trkpt>
      <trkpt lat="55.50024" lon="-2.740097">
        <ele>194.2</ele>
      </trkpt>
      <trkpt lat="55.50029" lon="-2.740146">
        <ele>194.2</ele>
      </trkpt>
      <trkpt lat="55.500351" lon="-2.740209">
        <ele>194.2</ele>
      </trkpt>
      <trkpt lat="55.500423" lon="-2.740288">
        <ele>194.2</ele>
      </trkpt>
      <trkpt lat="55.500477" lon="-2.740343">
        <ele>194.2</ele>
      </trkpt>
      <trkpt lat="55.500546" lon="-2.740414">
        <ele>194.4</ele>
      </trkpt>
      <trkpt lat="55.500614" lon="-2.740488">
        <ele>194.4</ele>
      </trkpt>
      <trkpt lat="55.500683" lon="-2.740564">
        <ele>194.4</ele>
      </trkpt>
      <trkpt lat="55.500755" lon="-2.740639">
        <ele>194.2</ele>
      </trkpt>
      <trkpt lat="55.50082" lon="-2.74071">
        <ele>194.2</ele>
      </trkpt>
      <trkpt lat="55.500877" lon="-2.740779">
        <ele>194.0</ele>
      </trkpt>
      <trkpt lat="55.500938" lon="-2.740843">
        <ele>194.0</ele>
      </trkpt>
      <trkpt lat="55.500996" lon="-2.740904">
        <ele>194.0</ele>
      </trkpt>
      <trkpt lat="55.501049" lon="-2.740965">
        <ele>194.0</ele>
      </trkpt>
      <trkpt lat="55.501106" lon="-2.741027">
        <ele>194.0</ele>
      </trkpt>
      <trkpt lat="55.501163" lon="-2.741088">
        <ele>194.2</ele>
      </trkpt>
      <trkpt lat="55.501213" lon="-2.741143">
        <ele>194.2</ele>
      </trkpt>
      <trkpt lat="55.501255" lon="-2.74119">
        <ele>194.4</ele>
      </trkpt>
      <trkpt lat="55.501297" lon="-2.741235">
        <ele>194.6</ele>
      </trkpt>
      <trkpt lat="55.501339" lon="-2.741282">
        <ele>194.8</ele>
      </trkpt>
      <trkpt lat="55.501385" lon="-2.741328">
        <ele>195.0</ele>
      </trkpt>
      <trkpt lat="55.501431" lon="-2.741375">
        <ele>195.0</ele>
      </trkpt>
      <trkpt lat="55.501484" lon="-2.741433">
        <ele>195.2</ele>
      </trkpt>
      <trkpt lat="55.501537" lon="-2.74149">
        <ele>195.2</ele>
      </trkpt>
      <trkpt lat="55.501591" lon="-2.741552">
        <ele>195.4</ele>
      </trkpt>
      <trkpt lat="55.50164" lon="-2.741616">
        <ele>195.8</ele>
      </trkpt>
      <trkpt lat="55.501694" lon="-2.741683">
        <ele>196.0</ele>
      </trkpt>
      <trkpt lat="55.501751" lon="-2.741753">
        <ele>196.4</ele>
      </trkpt>
      <trkpt lat="55.501808" lon="-2.741824">
        <ele>196.6</ele>
      </trkpt>
      <trkpt lat="55.501865" lon="-2.7419">
        <ele>197.0</ele>
      </trkpt>
      <trkpt lat="55.501926" lon="-2.741973">
        <ele>197.0</ele>
      </trkpt>
      <trkpt lat="55.501984" lon="-2.742044">
        <ele>197.2</ele>
      </trkpt>
      <trkpt lat="55.502041" lon="-2.742114">
        <ele>197.2</ele>
      </trkpt>
      <trkpt lat="55.502098" lon="-2.742183">
        <ele>197.2</ele>
      </trkpt>
      <trkpt lat="55.502167" lon="-2.742246">
        <ele>197.4</ele>
      </trkpt>
      <trkpt lat="55.502232" lon="-2.742292">
        <ele>197.4</ele>
      </trkpt>
      <trkpt lat="55.5023" lon="-2.74233">
        <ele>197.4</ele>
      </trkpt>
      <trkpt lat="55.502384" lon="-2.74236">
        <ele>197.4</ele>
      </trkpt>
      <trkpt lat="55.502457" lon="-2.742373">
        <ele>197.4</ele>
      </trkpt>
      <trkpt lat="55.502537" lon="-2.742378">
        <ele>197.4</ele>
      </trkpt>
      <trkpt lat="55.502617" lon="-2.742382">
        <ele>197.4</ele>
      </trkpt>
      <trkpt lat="55.502693" lon="-2.742379">
        <ele>197.4</ele>
      </trkpt>
      <trkpt lat="55.502777" lon="-2.742375">
        <ele>197.4</ele>
      </trkpt>
      <trkpt lat="55.502857" lon="-2.74237">
        <ele>197.4</ele>
      </trkpt>
      <trkpt lat="55.502926" lon="-2.742368">
        <ele>197.2</ele>
      </trkpt>
      <trkpt lat="55.50301" lon="-2.742369">
        <ele>197.2</ele>
      </trkpt>
      <trkpt lat="55.503098" lon="-2.742382">
        <ele>197.0</ele>
      </trkpt>
      <trkpt lat="55.503185" lon="-2.742405">
        <ele>197.0</ele>
      </trkpt>
      <trkpt lat="55.503277" lon="-2.742435">
        <ele>196.8</ele>
      </trkpt>
      <trkpt lat="55.503368" lon="-2.742469">
        <ele>196.4</ele>
      </trkpt>
      <trkpt lat="55.50346" lon="-2.742501">
        <ele>196.4</ele>
      </trkpt>
      <trkpt lat="55.503555" lon="-2.742533">
        <ele>195.8</ele>
      </trkpt>
      <trkpt lat="55.503651" lon="-2.742567">
        <ele>195.4</ele>
      </trkpt>
      <trkpt lat="55.503746" lon="-2.742602">
        <ele>194.6</ele>
      </trkpt>
      <trkpt lat="55.503841" lon="-2.742637">
        <ele>194.4</ele>
      </trkpt>
      <trkpt lat="55.503998" lon="-2.742704">
        <ele>194.0</ele>
      </trkpt>
      <trkpt lat="55.504093" lon="-2.742753">
        <ele>193.4</ele>
      </trkpt>
      <trkpt lat="55.504192" lon="-2.742801">
        <ele>193.0</ele>
      </trkpt>
      <trkpt lat="55.504246" lon="-2.742828">
        <ele>192.4</ele>
      </trkpt>
      <trkpt lat="55.504322" lon="-2.742859">
        <ele>192.0</ele>
      </trkpt>
      <trkpt lat="55.504429" lon="-2.742891">
        <ele>191.4</ele>
      </trkpt>
      <trkpt lat="55.504517" lon="-2.7429">
        <ele>191.0</ele>
      </trkpt>
      <trkpt lat="55.504604" lon="-2.742898">
        <ele>190.8</ele>
      </trkpt>
      <trkpt lat="55.504692" lon="-2.742882">
        <ele>190.6</ele>
      </trkpt>
      <trkpt lat="55.504776" lon="-2.742859">
        <ele>190.4</ele>
      </trkpt>
      <trkpt lat="55.504868" lon="-2.742833">
        <ele>190.2</ele>
      </trkpt>
      <trkpt lat="55.504959" lon="-2.742807">
        <ele>190.2</ele>
      </trkpt>
      <trkpt lat="55.505035" lon="-2.742788">
        <ele>190.0</ele>
      </trkpt>
      <trkpt lat="55.505131" lon="-2.742768">
        <ele>189.8</ele>
      </trkpt>
      <trkpt lat="55.50523" lon="-2.742757">
        <ele>189.6</ele>
      </trkpt>
      <trkpt lat="55.505337" lon="-2.742756">
        <ele>189.4</ele>
      </trkpt>
      <trkpt lat="55.505444" lon="-2.74276">
        <ele>189.2</ele>
      </trkpt>
      <trkpt lat="55.50555" lon="-2.742769">
        <ele>189.2</ele>
      </trkpt>
      <trkpt lat="55.505661" lon="-2.742783">
        <ele>189.0</ele>
      </trkpt>
      <trkpt lat="55.505768" lon="-2.742796">
        <ele>188.4</ele>
      </trkpt>
      <trkpt lat="55.505878" lon="-2.74281">
        <ele>187.8</ele>
      </trkpt>
      <trkpt lat="55.505985" lon="-2.742828">
        <ele>187.6</ele>
      </trkpt>
      <trkpt lat="55.506092" lon="-2.742867">
        <ele>186.4</ele>
      </trkpt>
      <trkpt lat="55.506195" lon="-2.742934">
        <ele>186.0</ele>
      </trkpt>
      <trkpt lat="55.50629" lon="-2.743029">
        <ele>185.2</ele>
      </trkpt>
      <trkpt lat="55.506378" lon="-2.743148">
        <ele>184.8</ele>
      </trkpt>
      <trkpt lat="55.506466" lon="-2.743279">
        <ele>184.0</ele>
      </trkpt>
      <trkpt lat="55.506569" lon="-2.743399">
        <ele>183.0</ele>
      </trkpt>
      <trkpt lat="55.506676" lon="-2.743494">
        <ele>182.8</ele>
      </trkpt>
      <trkpt lat="55.506786" lon="-2.743568">
        <ele>182.0</ele>
      </trkpt>
      <trkpt lat="55.506905" lon="-2.743612">
        <ele>181.6</ele>
      </trkpt>
      <trkpt lat="55.507023" lon="-2.743626">
        <ele>180.6</ele>
      </trkpt>
      <trkpt lat="55.507141" lon="-2.74361">
        <ele>179.0</ele>
      </trkpt>
      <trkpt lat="55.507256" lon="-2.743588">
        <ele>178.2</ele>
      </trkpt>
      <trkpt lat="55.507366" lon="-2.743567">
        <ele>177.2</ele>
      </trkpt>
      <trkpt lat="55.507473" lon="-2.743547">
        <ele>177.0</ele>
      </trkpt>
      <trkpt lat="55.507576" lon="-2.743524">
        <ele>176.4</ele>
      </trkpt>
      <trkpt lat="55.507679" lon="-2.7435">
        <ele>176.0</ele>
      </trkpt>
      <trkpt lat="55.507774" lon="-2.743476">
        <ele>176.0</ele>
      </trkpt>
      <trkpt lat="55.50787" lon="-2.743457">
        <ele>175.6</ele>
      </trkpt>
      <trkpt lat="55.507961" lon="-2.743436">
        <ele>175.6</ele>
      </trkpt>
      <trkpt lat="55.508049" lon="-2.743417">
        <ele>175.6</ele>
      </trkpt>
      <trkpt lat="55.508133" lon="-2.743402">
        <ele>175.6</ele>
      </trkpt>
      <trkpt lat="55.508213" lon="-2.743385">
        <ele>175.4</ele>
      </trkpt>
      <trkpt lat="55.508293" lon="-2.743373">
        <ele>175.4</ele>
      </trkpt>
      <trkpt lat="55.508369" lon="-2.743372">
        <ele>175.4</ele>
      </trkpt>
      <trkpt lat="55.508461" lon="-2.743377">
        <ele>175.2</ele>
      </trkpt>
      <trkpt lat="55.508533" lon="-2.74338">
        <ele>175.2</ele>
      </trkpt>
      <trkpt lat="55.508591" lon="-2.743383">
        <ele>175.2</ele>
      </trkpt>
      <trkpt lat="55.508659" lon="-2.743389">
        <ele>175.2</ele>
      </trkpt>
      <trkpt lat="55.508728" lon="-2.743395">
        <ele>175.2</ele>
      </trkpt>
      <trkpt lat="55.508797" lon="-2.743402">
        <ele>175.2</ele>
      </trkpt>
      <trkpt lat="55.508869" lon="-2.743407">
        <ele>175.0</ele>
      </trkpt>
      <trkpt lat="55.508949" lon="-2.743411">
        <ele>175.0</ele>
      </trkpt>
      <trkpt lat="55.509033" lon="-2.743422">
        <ele>174.8</ele>
      </trkpt>
      <trkpt lat="55.50914" lon="-2.743429">
        <ele>174.8</ele>
      </trkpt>
      <trkpt lat="55.509212" lon="-2.743432">
        <ele>174.6</ele>
      </trkpt>
      <trkpt lat="55.509312" lon="-2.743437">
        <ele>174.4</ele>
      </trkpt>
      <trkpt lat="55.509407" lon="-2.743439">
        <ele>173.8</ele>
      </trkpt>
      <trkpt lat="55.50951" lon="-2.743445">
        <ele>173.4</ele>
      </trkpt>
      <trkpt lat="55.509617" lon="-2.743453">
        <ele>172.4</ele>
      </trkpt>
      <trkpt lat="55.50975" lon="-2.743468">
        <ele>171.8</ele>
      </trkpt>
      <trkpt lat="55.509941" lon="-2.743495">
        <ele>170.8</ele>
      </trkpt>
      <trkpt lat="55.510063" lon="-2.743523">
        <ele>170.0</ele>
      </trkpt>
      <trkpt lat="55.510189" lon="-2.743556">
        <ele>169.6</ele>
      </trkpt>
      <trkpt lat="55.510242" lon="-2.74357">
        <ele>169.0</ele>
      </trkpt>
      <trkpt lat="55.510372" lon="-2.743604">
        <ele>168.8</ele>
      </trkpt>
      <trkpt lat="55.510509" lon="-2.743634">
        <ele>167.4</ele>
      </trkpt>
      <trkpt lat="55.510643" lon="-2.743665">
        <ele>166.6</ele>
      </trkpt>
      <trkpt lat="55.51078" lon="-2.7437">
        <ele>165.6</ele>
      </trkpt>
      <trkpt lat="55.510918" lon="-2.743734">
        <ele>163.6</ele>
      </trkpt>
      <trkpt lat="55.511047" lon="-2.74377">
        <ele>162.8</ele>
      </trkpt>
      <trkpt lat="55.511169" lon="-2.743805">
        <ele>161.6</ele>
      </trkpt>
      <trkpt lat="55.511288" lon="-2.743841">
        <ele>161.0</ele>
      </trkpt>
      <trkpt lat="55.511387" lon="-2.743876">
        <ele>159.8</ele>
      </trkpt>
      <trkpt lat="55.511482" lon="-2.743904">
        <ele>157.4</ele>
      </trkpt>
      <trkpt lat="55.511574" lon="-2.743913">
        <ele>156.4</ele>
      </trkpt>
      <trkpt lat="55.511669" lon="-2.743894">
        <ele>155.0</ele>
      </trkpt>
      <trkpt lat="55.511761" lon="-2.74383">
        <ele>154.4</ele>
      </trkpt>
      <trkpt lat="55.511841" lon="-2.743721">
        <ele>153.4</ele>
      </trkpt>
      <trkpt lat="55.511913" lon="-2.743578">
        <ele>153.0</ele>
      </trkpt>
      <trkpt lat="55.511978" lon="-2.74342">
        <ele>151.8</ele>
      </trkpt>
      <trkpt lat="55.512043" lon="-2.743268">
        <ele>150.8</ele>
      </trkpt>
      <trkpt lat="55.512115" lon="-2.743144">
        <ele>150.4</ele>
      </trkpt>
      <trkpt lat="55.512207" lon="-2.743061">
        <ele>149.2</ele>
      </trkpt>
      <trkpt lat="55.512302" lon="-2.743016">
        <ele>148.8</ele>
      </trkpt>
      <trkpt lat="55.512398" lon="-2.742991">
        <ele>148.0</ele>
      </trkpt>
      <trkpt lat="55.512493" lon="-2.742968">
        <ele>147.4</ele>
      </trkpt>
      <trkpt lat="55.512589" lon="-2.742947">
        <ele>147.4</ele>
      </trkpt>
      <trkpt lat="55.512688" lon="-2.742929">
        <ele>147.2</ele>
      </trkpt>
      <trkpt lat="55.512791" lon="-2.742906">
        <ele>147.0</ele>
      </trkpt>
      <trkpt lat="55.51289" lon="-2.742887">
        <ele>146.8</ele>
      </trkpt>
      <trkpt lat="55.512997" lon="-2.742872">
        <ele>146.6</ele>
      </trkpt>
      <trkpt lat="55.5131" lon="-2.742862">
        <ele>146.0</ele>
      </trkpt>
      <trkpt lat="55.513203" lon="-2.742867">
        <ele>145.8</ele>
      </trkpt>
      <trkpt lat="55.513306" lon="-2.742879">
        <ele>145.6</ele>
      </trkpt>
      <trkpt lat="55.513405" lon="-2.742887">
        <ele>144.8</ele>
      </trkpt>
      <trkpt lat="55.513508" lon="-2.742894">
        <ele>144.4</ele>
      </trkpt>
      <trkpt lat="55.513607" lon="-2.742899">
        <ele>143.8</ele>
      </trkpt>
      <trkpt lat="55.513714" lon="-2.742902">
        <ele>143.6</ele>
      </trkpt>
      <trkpt lat="55.513817" lon="-2.742916">
        <ele>143.4</ele>
      </trkpt>
      <trkpt lat="55.513924" lon="-2.742955">
        <ele>143.0</ele>
      </trkpt>
      <trkpt lat="55.514023" lon="-2.743027">
        <ele>142.8</ele>
      </trkpt>
      <trkpt lat="55.514095" lon="-2.743102">
        <ele>142.2</ele>
      </trkpt>
      <trkpt lat="55.514183" lon="-2.7432">
        <ele>142.0</ele>
      </trkpt>
      <trkpt lat="55.514263" lon="-2.743298">
        <ele>141.4</ele>
      </trkpt>
      <trkpt lat="55.514343" lon="-2.743396">
        <ele>140.4</ele>
      </trkpt>
      <trkpt lat="55.514416" lon="-2.743492">
        <ele>140.0</ele>
      </trkpt>
      <trkpt lat="55.514484" lon="-2.743585">
        <ele>139.4</ele>
      </trkpt>
      <trkpt lat="55.514565" lon="-2.743691">
        <ele>139.2</ele>
      </trkpt>
      <trkpt lat="55.51461" lon="-2.74376">
        <ele>139.0</ele>
      </trkpt>
      <trkpt lat="55.514668" lon="-2.743841">
        <ele>138.8</ele>
      </trkpt>
      <trkpt lat="55.514721" lon="-2.743917">
        <ele>138.8</ele>
      </trkpt>
      <trkpt lat="55.514771" lon="-2.743991">
        <ele>138.8</ele>
      </trkpt>
      <trkpt lat="55.514824" lon="-2.744077">
        <ele>138.8</ele>
      </trkpt>
      <trkpt lat="55.514858" lon="-2.744133">
        <ele>138.8</ele>
      </trkpt>
      <trkpt lat="55.514904" lon="-2.744199">
        <ele>138.8</ele>
      </trkpt>
      <trkpt lat="55.514957" lon="-2.744268">
        <ele>138.8</ele>
      </trkpt>
      <trkpt lat="55.514996" lon="-2.744316">
        <ele>138.8</ele>
      </trkpt>
      <trkpt lat="55.515038" lon="-2.744357">
        <ele>139.0</ele>
      </trkpt>
      <trkpt lat="55.515076" lon="-2.744392">
        <ele>139.6</ele>
      </trkpt>
      <trkpt lat="55.515102" lon="-2.744419">
        <ele>139.8</ele>
      </trkpt>
      <trkpt lat="55.515118" lon="-2.744458">
        <ele>140.0</ele>
      </trkpt>
      <trkpt lat="55.515118" lon="-2.744467">
        <ele>140.2</ele>
      </trkpt>
      <trkpt lat="55.515118" lon="-2.744467">
        <ele>140.6</ele>
      </trkpt>
      <trkpt lat="55.515118" lon="-2.744467">
        <ele>140.8</ele>
      </trkpt>
      <trkpt lat="55.515099" lon="-2.744532">
        <ele>141.2</ele>
      </trkpt>
      <trkpt lat="55.515083" lon="-2.744576">
        <ele>141.4</ele>
      </trkpt>
      <trkpt lat="55.515068" lon="-2.744616">
        <ele>141.4</ele>
      </trkpt>
      <trkpt lat="55.515045" lon="-2.744673">
        <ele>141.4</ele>
      </trkpt>
      <trkpt lat="55.515018" lon="-2.744738">
        <ele>141.4</ele>
      </trkpt>
      <trkpt lat="55.514973" lon="-2.744814">
        <ele>141.4</ele>
      </trkpt>
      <trkpt lat="55.514938" lon="-2.744867">
        <ele>141.2</ele>
      </trkpt>
      <trkpt lat="55.514893" lon="-2.744936">
        <ele>141.2</ele>
      </trkpt>
      <trkpt lat="55.514835" lon="-2.745022">
        <ele>141.0</ele>
      </trkpt>
      <trkpt lat="55.51479" lon="-2.745095">
        <ele>141.0</ele>
      </trkpt>
      <trkpt lat="55.51474" lon="-2.745168">
        <ele>141.0</ele>
      </trkpt>
      <trkpt lat="55.514698" lon="-2.745227">
        <ele>141.0</ele>
      </trkpt>
      <trkpt lat="55.514648" lon="-2.745305">
        <ele>140.8</ele>
      </trkpt>
      <trkpt lat="55.514587" lon="-2.745403">
        <ele>140.4</ele>
      </trkpt>
      <trkpt lat="55.51453" lon="-2.745487">
        <ele>140.4</ele>
      </trkpt>
      <trkpt lat="55.514488" lon="-2.745553">
        <ele>140.4</ele>
      </trkpt>
      <trkpt lat="55.514435" lon="-2.745636">
        <ele>140.4</ele>
      </trkpt>
      <trkpt lat="55.51437" lon="-2.745737">
        <ele>140.4</ele>
      </trkpt>
      <trkpt lat="55.514317" lon="-2.745822">
        <ele>140.4</ele>
      </trkpt>
      <trkpt lat="55.514267" lon="-2.745906">
        <ele>140.4</ele>
      </trkpt>
      <trkpt lat="55.514229" lon="-2.745973">
        <ele>140.4</ele>
      </trkpt>
      <trkpt lat="55.514179" lon="-2.746057">
        <ele>140.4</ele>
      </trkpt>
      <trkpt lat="55.514122" lon="-2.746157">
        <ele>140.4</ele>
      </trkpt>
      <trkpt lat="55.514072" lon="-2.746241">
        <ele>140.4</ele>
      </trkpt>
      <trkpt lat="55.514027" lon="-2.74633">
        <ele>140.4</ele>
      </trkpt>
      <trkpt lat="55.513992" lon="-2.746406">
        <ele>140.4</ele>
      </trkpt>
      <trkpt lat="55.513947" lon="-2.746505">
        <ele>140.4</ele>
      </trkpt>
      <trkpt lat="55.513897" lon="-2.746629">
        <ele>140.4</ele>
      </trkpt>
      <trkpt lat="55.513851" lon="-2.746737">
        <ele>140.4</ele>
      </trkpt>
      <trkpt lat="55.513813" lon="-2.746827">
        <ele>140.4</ele>
      </trkpt>
      <trkpt lat="55.513767" lon="-2.746939">
        <ele>140.4</ele>
      </trkpt>
      <trkpt lat="55.51371" lon="-2.747077">
        <ele>140.2</ele>
      </trkpt>
      <trkpt lat="55.513668" lon="-2.747194">
        <ele>140.0</ele>
      </trkpt>
      <trkpt lat="55.513626" lon="-2.747311">
        <ele>140.0</ele>
      </trkpt>
      <trkpt lat="55.513596" lon="-2.747405">
        <ele>139.6</ele>
      </trkpt>
      <trkpt lat="55.513557" lon="-2.747525">
        <ele>139.6</ele>
      </trkpt>
      <trkpt lat="55.513496" lon="-2.747737">
        <ele>139.4</ele>
      </trkpt>
      <trkpt lat="55.513474" lon="-2.747831">
        <ele>139.2</ele>
      </trkpt>
      <trkpt lat="55.513474" lon="-2.747831">
        <ele>139.0</ele>
      </trkpt>
      <trkpt lat="55.513428" lon="-2.748021">
        <ele>139.0</ele>
      </trkpt>
      <trkpt lat="55.513409" lon="-2.748117">
        <ele>138.8</ele>
      </trkpt>
      <trkpt lat="55.513382" lon="-2.748265">
        <ele>138.8</ele>
      </trkpt>
      <trkpt lat="55.513363" lon="-2.748394">
        <ele>138.8</ele>
      </trkpt>
      <trkpt lat="55.513344" lon="-2.748522">
        <ele>138.8</ele>
      </trkpt>
      <trkpt lat="55.513332" lon="-2.748624">
        <ele>138.6</ele>
      </trkpt>
      <trkpt lat="55.513313" lon="-2.748781">
        <ele>138.6</ele>
      </trkpt>
      <trkpt lat="55.51329" lon="-2.748912">
        <ele>138.4</ele>
      </trkpt>
      <trkpt lat="55.513264" lon="-2.749038">
        <ele>138.2</ele>
      </trkpt>
      <trkpt lat="55.513222" lon="-2.749156">
        <ele>138.2</ele>
      </trkpt>
      <trkpt lat="55.513165" lon="-2.749261">
        <ele>138.0</ele>
      </trkpt>
      <trkpt lat="55.513115" lon="-2.749328">
        <ele>138.0</ele>
      </trkpt>
      <trkpt lat="55.513027" lon="-2.74941">
        <ele>137.8</ele>
      </trkpt>
      <trkpt lat="55.512955" lon="-2.749466">
        <ele>137.8</ele>
      </trkpt>
      <trkpt lat="55.512894" lon="-2.749507">
        <ele>137.6</ele>
      </trkpt>
      <trkpt lat="55.512802" lon="-2.749566">
        <ele>137.6</ele>
      </trkpt>
      <trkpt lat="55.512741" lon="-2.749602">
        <ele>137.4</ele>
      </trkpt>
      <trkpt lat="55.512665" lon="-2.749648">
        <ele>137.2</ele>
      </trkpt>
      <trkpt lat="55.512589" lon="-2.749691">
        <ele>137.0</ele>
      </trkpt>
      <trkpt lat="55.512512" lon="-2.749728">
        <ele>136.8</ele>
      </trkpt>
      <trkpt lat="55.512432" lon="-2.749758">
        <ele>136.8</ele>
      </trkpt>
      <trkpt lat="55.512341" lon="-2.749788">
        <ele>136.8</ele>
      </trkpt>
      <trkpt lat="55.512264" lon="-2.749803">
        <ele>136.8</ele>
      </trkpt>
      <trkpt lat="55.512203" lon="-2.74981">
        <ele>136.8</ele>
      </trkpt>
      <trkpt lat="55.512112" lon="-2.74982">
        <ele>136.8</ele>
      </trkpt>
      <trkpt lat="55.512039" lon="-2.749827">
        <ele>136.8</ele>
      </trkpt>
      <trkpt lat="55.511982" lon="-2.749829">
        <ele>136.8</ele>
      </trkpt>
      <trkpt lat="55.511909" lon="-2.74983">
        <ele>136.8</ele>
      </trkpt>
      <trkpt lat="55.511841" lon="-2.749833">
        <ele>137.0</ele>
      </trkpt>
      <trkpt lat="55.511772" lon="-2.749839">
        <ele>137.0</ele>
      </trkpt>
      <trkpt lat="55.511703" lon="-2.749851">
        <ele>137.0</ele>
      </trkpt>
      <trkpt lat="55.511623" lon="-2.749876">
        <ele>137.2</ele>
      </trkpt>
      <trkpt lat="55.51157" lon="-2.7499">
        <ele>137.2</ele>
      </trkpt>
      <trkpt lat="55.511505" lon="-2.749936">
        <ele>137.2</ele>
      </trkpt>
      <trkpt lat="55.51144" lon="-2.749981">
        <ele>137.4</ele>
      </trkpt>
      <trkpt lat="55.511379" lon="-2.750031">
        <ele>137.6</ele>
      </trkpt>
      <trkpt lat="55.511318" lon="-2.750087">
        <ele>137.6</ele>
      </trkpt>
      <trkpt lat="55.511261" lon="-2.75015">
        <ele>137.6</ele>
      </trkpt>
      <trkpt lat="55.511208" lon="-2.750221">
        <ele>137.8</ele>
      </trkpt>
      <trkpt lat="55.511158" lon="-2.750298">
        <ele>138.0</ele>
      </trkpt>
      <trkpt lat="55.511116" lon="-2.750379">
        <ele>138.2</ele>
      </trkpt>
      <trkpt lat="55.511074" lon="-2.750466">
        <ele>138.2</ele>
      </trkpt>
      <trkpt lat="55.511036" lon="-2.750558">
        <ele>138.4</ele>
      </trkpt>
      <trkpt lat="55.511005" lon="-2.750655">
        <ele>138.4</ele>
      </trkpt>
      <trkpt lat="55.510979" lon="-2.750757">
        <ele>138.4</ele>
      </trkpt>
      <trkpt lat="55.510956" lon="-2.750863">
        <ele>138.4</ele>
      </trkpt>
      <trkpt lat="55.510941" lon="-2.750973">
        <ele>138.6</ele>
      </trkpt>
      <trkpt lat="55.510925" lon="-2.751086">
        <ele>138.6</ele>
      </trkpt>
      <trkpt lat="55.510918" lon="-2.7512">
        <ele>138.8</ele>
      </trkpt>
      <trkpt lat="55.51091" lon="-2.751314">
        <ele>139.0</ele>
      </trkpt>
      <trkpt lat="55.510902" lon="-2.751424">
        <ele>139.2</ele>
      </trkpt>
      <trkpt lat="55.510895" lon="-2.751533">
        <ele>139.2</ele>
      </trkpt>
      <trkpt lat="55.510887" lon="-2.751662">
        <ele>139.2</ele>
      </trkpt>
      <trkpt lat="55.510883" lon="-2.751747">
        <ele>139.4</ele>
      </trkpt>
      <trkpt lat="55.510876" lon="-2.751853">
        <ele>139.6</ele>
      </trkpt>
      <trkpt lat="55.510868" lon="-2.751958">
        <ele>139.8</ele>
      </trkpt>
      <trkpt lat="55.510849" lon="-2.752186">
        <ele>140.0</ele>
      </trkpt>
      <trkpt lat="55.510845" lon="-2.75225">
        <ele>140.2</ele>
      </trkpt>
      <trkpt lat="55.510834" lon="-2.752357">
        <ele>140.4</ele>
      </trkpt>
      <trkpt lat="55.510834" lon="-2.752357">
        <ele>140.8</ele>
      </trkpt>
      <trkpt lat="55.510822" lon="-2.752461">
        <ele>141.2</ele>
      </trkpt>
      <trkpt lat="55.510799" lon="-2.752607">
        <ele>141.2</ele>
      </trkpt>
      <trkpt lat="55.51078" lon="-2.752713">
        <ele>141.4</ele>
      </trkpt>
      <trkpt lat="55.510757" lon="-2.752813">
        <ele>141.6</ele>
      </trkpt>
      <trkpt lat="55.510735" lon="-2.752912">
        <ele>141.8</ele>
      </trkpt>
      <trkpt lat="55.510704" lon="-2.753015">
        <ele>141.8</ele>
      </trkpt>
      <trkpt lat="55.51067" lon="-2.753116">
        <ele>142.0</ele>
      </trkpt>
      <trkpt lat="55.510635" lon="-2.753218">
        <ele>142.2</ele>
      </trkpt>
      <trkpt lat="55.510597" lon="-2.753318">
        <ele>142.2</ele>
      </trkpt>
      <trkpt lat="55.510555" lon="-2.753413">
        <ele>142.4</ele>
      </trkpt>
      <trkpt lat="55.510509" lon="-2.753506">
        <ele>142.4</ele>
      </trkpt>
      <trkpt lat="55.510471" lon="-2.753577">
        <ele>142.4</ele>
      </trkpt>
      <trkpt lat="55.510422" lon="-2.753666">
        <ele>142.6</ele>
      </trkpt>
      <trkpt lat="55.510372" lon="-2.753756">
        <ele>142.6</ele>
      </trkpt>
      <trkpt lat="55.51033" lon="-2.75385">
        <ele>142.6</ele>
      </trkpt>
      <trkpt lat="55.510284" lon="-2.753948">
        <ele>142.6</ele>
      </trkpt>
      <trkpt lat="55.510246" lon="-2.754051">
        <ele>142.6</ele>
      </trkpt>
      <trkpt lat="55.510208" lon="-2.754156">
        <ele>142.6</ele>
      </trkpt>
      <trkpt lat="55.51017" lon="-2.754259">
        <ele>142.6</ele>
      </trkpt>
      <trkpt lat="55.510136" lon="-2.754362">
        <ele>142.6</ele>
      </trkpt>
      <trkpt lat="55.510101" lon="-2.754462">
        <ele>142.6</ele>
      </trkpt>
      <trkpt lat="55.510067" lon="-2.754559">
        <ele>142.6</ele>
      </trkpt>
      <trkpt lat="55.510033" lon="-2.754657">
        <ele>142.6</ele>
      </trkpt>
      <trkpt lat="55.509998" lon="-2.754759">
        <ele>142.8</ele>
      </trkpt>
      <trkpt lat="55.50996" lon="-2.754863">
        <ele>142.8</ele>
      </trkpt>
      <trkpt lat="55.509918" lon="-2.75499">
        <ele>142.8</ele>
      </trkpt>
      <trkpt lat="55.509892" lon="-2.755078">
        <ele>142.6</ele>
      </trkpt>
      <trkpt lat="55.509857" lon="-2.755195">
        <ele>142.6</ele>
      </trkpt>
      <trkpt lat="55.509827" lon="-2.755315">
        <ele>142.6</ele>
      </trkpt>
      <trkpt lat="55.5098" lon="-2.755438">
        <ele>142.6</ele>
      </trkpt>
      <trkpt lat="55.509766" lon="-2.755586">
        <ele>142.6</ele>
      </trkpt>
      <trkpt lat="55.509743" lon="-2.755712">
        <ele>142.4</ele>
      </trkpt>
      <trkpt lat="55.50972" lon="-2.755837">
        <ele>142.2</ele>
      </trkpt>
      <trkpt lat="55.509701" lon="-2.75596">
        <ele>142.0</ele>
      </trkpt>
      <trkpt lat="55.509678" lon="-2.756083">
        <ele>141.8</ele>
      </trkpt>
      <trkpt lat="55.509655" lon="-2.756204">
        <ele>141.8</ele>
      </trkpt>
      <trkpt lat="55.509628" lon="-2.756322">
        <ele>141.6</ele>
      </trkpt>
      <trkpt lat="55.509602" lon="-2.756438">
        <ele>141.6</ele>
      </trkpt>
      <trkpt lat="55.509575" lon="-2.756552">
        <ele>141.6</ele>
      </trkpt>
      <trkpt lat="55.509544" lon="-2.756662">
        <ele>141.6</ele>
      </trkpt>
      <trkpt lat="55.50951" lon="-2.756769">
        <ele>141.4</ele>
      </trkpt>
      <trkpt lat="55.509476" lon="-2.756878">
        <ele>141.6</ele>
      </trkpt>
      <trkpt lat="55.509445" lon="-2.756986">
        <ele>141.6</ele>
      </trkpt>
      <trkpt lat="55.509411" lon="-2.757093">
        <ele>141.6</ele>
      </trkpt>
      <trkpt lat="55.509377" lon="-2.757199">
        <ele>141.8</ele>
      </trkpt>
      <trkpt lat="55.50935" lon="-2.757284">
        <ele>141.8</ele>
      </trkpt>
      <trkpt lat="55.509308" lon="-2.757412">
        <ele>141.8</ele>
      </trkpt>
      <trkpt lat="55.509274" lon="-2.757519">
        <ele>141.8</ele>
      </trkpt>
      <trkpt lat="55.509209" lon="-2.757739">
        <ele>141.8</ele>
      </trkpt>
      <trkpt lat="55.509174" lon="-2.757854">
        <ele>141.8</ele>
      </trkpt>
      <trkpt lat="55.509174" lon="-2.757854">
        <ele>141.8</ele>
      </trkpt>
      <trkpt lat="55.509113" lon="-2.758083">
        <ele>141.8</ele>
      </trkpt>
      <trkpt lat="55.509087" lon="-2.758195">
        <ele>141.6</ele>
      </trkpt>
      <trkpt lat="55.509087" lon="-2.758195">
        <ele>141.6</ele>
      </trkpt>
      <trkpt lat="55.509056" lon="-2.758307">
        <ele>141.6</ele>
      </trkpt>
      <trkpt lat="55.509026" lon="-2.758417">
        <ele>141.6</ele>
      </trkpt>
      <trkpt lat="55.508995" lon="-2.758529">
        <ele>141.4</ele>
      </trkpt>
      <trkpt lat="55.508945" lon="-2.758704">
        <ele>141.4</ele>
      </trkpt>
      <trkpt lat="55.508923" lon="-2.758789">
        <ele>141.4</ele>
      </trkpt>
      <trkpt lat="55.508884" lon="-2.758916">
        <ele>141.4</ele>
      </trkpt>
      <trkpt lat="55.508839" lon="-2.759063">
        <ele>141.4</ele>
      </trkpt>
      <trkpt lat="55.508804" lon="-2.759168">
        <ele>141.4</ele>
      </trkpt>
      <trkpt lat="55.508804" lon="-2.759168">
        <ele>141.4</ele>
      </trkpt>
      <trkpt lat="55.508736" lon="-2.759374">
        <ele>141.6</ele>
      </trkpt>
      <trkpt lat="55.508701" lon="-2.759475">
        <ele>141.6</ele>
      </trkpt>
      <trkpt lat="55.508701" lon="-2.759475">
        <ele>141.6</ele>
      </trkpt>
      <trkpt lat="55.508667" lon="-2.759576">
        <ele>141.8</ele>
      </trkpt>
      <trkpt lat="55.508629" lon="-2.759676">
        <ele>141.8</ele>
      </trkpt>
      <trkpt lat="55.50856" lon="-2.759856">
        <ele>141.8</ele>
      </trkpt>
      <trkpt lat="55.508518" lon="-2.759955">
        <ele>141.8</ele>
      </trkpt>
      <trkpt lat="55.508476" lon="-2.760053">
        <ele>142.0</ele>
      </trkpt>
      <trkpt lat="55.508476" lon="-2.760053">
        <ele>142.0</ele>
      </trkpt>
      <trkpt lat="55.508434" lon="-2.760152">
        <ele>142.0</ele>
      </trkpt>
      <trkpt lat="55.50835" lon="-2.760351">
        <ele>142.0</ele>
      </trkpt>
      <trkpt lat="55.508301" lon="-2.760473">
        <ele>142.0</ele>
      </trkpt>
      <trkpt lat="55.508266" lon="-2.760552">
        <ele>142.0</ele>
      </trkpt>
      <trkpt lat="55.508224" lon="-2.760648">
        <ele>142.0</ele>
      </trkpt>
      <trkpt lat="55.508175" lon="-2.760761">
        <ele>142.2</ele>
      </trkpt>
      <trkpt lat="55.508137" lon="-2.760854">
        <ele>142.2</ele>
      </trkpt>
      <trkpt lat="55.508095" lon="-2.760947">
        <ele>142.2</ele>
      </trkpt>
      <trkpt lat="55.508064" lon="-2.761022">
        <ele>142.4</ele>
      </trkpt>
      <trkpt lat="55.508064" lon="-2.761022">
        <ele>142.4</ele>
      </trkpt>
      <trkpt lat="55.507996" lon="-2.761206">
        <ele>142.6</ele>
      </trkpt>
      <trkpt lat="55.507954" lon="-2.761318">
        <ele>142.8</ele>
      </trkpt>
      <trkpt lat="55.507931" lon="-2.761395">
        <ele>142.8</ele>
      </trkpt>
      <trkpt lat="55.507931" lon="-2.761395">
        <ele>143.0</ele>
      </trkpt>
      <trkpt lat="55.507877" lon="-2.761591">
        <ele>143.0</ele>
      </trkpt>
      <trkpt lat="55.507858" lon="-2.761694">
        <ele>143.2</ele>
      </trkpt>
      <trkpt lat="55.507858" lon="-2.761694">
        <ele>143.4</ele>
      </trkpt>
      <trkpt lat="55.507835" lon="-2.761798">
        <ele>143.4</ele>
      </trkpt>
      <trkpt lat="55.507816" lon="-2.761901">
        <ele>143.6</ele>
      </trkpt>
      <trkpt lat="55.507793" lon="-2.76201">
        <ele>143.6</ele>
      </trkpt>
      <trkpt lat="55.507771" lon="-2.76212">
        <ele>143.6</ele>
      </trkpt>
      <trkpt lat="55.50771" lon="-2.76234">
        <ele>143.8</ele>
      </trkpt>
      <trkpt lat="55.50771" lon="-2.76234">
        <ele>143.8</ele>
      </trkpt>
      <trkpt lat="55.507671" lon="-2.762447">
        <ele>144.0</ele>
      </trkpt>
      <trkpt lat="55.507591" lon="-2.762661">
        <ele>144.0</ele>
      </trkpt>
      <trkpt lat="55.507538" lon="-2.762784">
        <ele>144.0</ele>
      </trkpt>
      <trkpt lat="55.507504" lon="-2.762865">
        <ele>144.0</ele>
      </trkpt>
      <trkpt lat="55.507458" lon="-2.762966">
        <ele>143.8</ele>
      </trkpt>
      <trkpt lat="55.507458" lon="-2.762966">
        <ele>143.8</ele>
      </trkpt>
      <trkpt lat="55.507404" lon="-2.763085">
        <ele>143.6</ele>
      </trkpt>
      <trkpt lat="55.507309" lon="-2.763275">
        <ele>143.4</ele>
      </trkpt>
      <trkpt lat="55.507259" lon="-2.76337">
        <ele>143.4</ele>
      </trkpt>
      <trkpt lat="55.507259" lon="-2.76337">
        <ele>143.4</ele>
      </trkpt>
      <trkpt lat="55.507206" lon="-2.763463">
        <ele>143.4</ele>
      </trkpt>
      <trkpt lat="55.507099" lon="-2.763639">
        <ele>143.4</ele>
      </trkpt>
      <trkpt lat="55.507046" lon="-2.763725">
        <ele>143.2</ele>
      </trkpt>
      <trkpt lat="55.506989" lon="-2.763809">
        <ele>143.2</ele>
      </trkpt>
      <trkpt lat="55.506989" lon="-2.763809">
        <ele>143.2</ele>
      </trkpt>
      <trkpt lat="55.506935" lon="-2.76389">
        <ele>143.2</ele>
      </trkpt>
      <trkpt lat="55.506836" lon="-2.764043">
        <ele>143.2</ele>
      </trkpt>
      <trkpt lat="55.506783" lon="-2.764115">
        <ele>143.2</ele>
      </trkpt>
      <trkpt lat="55.506783" lon="-2.764115">
        <ele>143.2</ele>
      </trkpt>
      <trkpt lat="55.506691" lon="-2.764253">
        <ele>143.4</ele>
      </trkpt>
      <trkpt lat="55.506691" lon="-2.764253">
        <ele>143.4</ele>
      </trkpt>
      <trkpt lat="55.506645" lon="-2.76432">
        <ele>143.4</ele>
      </trkpt>
      <trkpt lat="55.506577" lon="-2.764425">
        <ele>143.6</ele>
      </trkpt>
      <trkpt lat="55.506538" lon="-2.764494">
        <ele>143.8</ele>
      </trkpt>
      <trkpt lat="55.5065" lon="-2.764569">
        <ele>144.2</ele>
      </trkpt>
      <trkpt lat="55.506454" lon="-2.764681">
        <ele>144.2</ele>
      </trkpt>
      <trkpt lat="55.506454" lon="-2.764681">
        <ele>144.6</ele>
      </trkpt>
      <trkpt lat="55.506428" lon="-2.764768">
        <ele>144.8</ele>
      </trkpt>
      <trkpt lat="55.506374" lon="-2.764963">
        <ele>145.0</ele>
      </trkpt>
      <trkpt lat="55.506348" lon="-2.765069">
        <ele>145.0</ele>
      </trkpt>
      <trkpt lat="55.506321" lon="-2.765175">
        <ele>145.2</ele>
      </trkpt>
      <trkpt lat="55.506298" lon="-2.76528">
        <ele>145.4</ele>
      </trkpt>
      <trkpt lat="55.506279" lon="-2.765387">
        <ele>145.4</ele>
      </trkpt>
      <trkpt lat="55.506256" lon="-2.765494">
        <ele>145.6</ele>
      </trkpt>
      <trkpt lat="55.506241" lon="-2.765601">
        <ele>145.6</ele>
      </trkpt>
      <trkpt lat="55.506233" lon="-2.765712">
        <ele>145.6</ele>
      </trkpt>
      <trkpt lat="55.506233" lon="-2.765712">
        <ele>145.6</ele>
      </trkpt>
      <trkpt lat="55.50626" lon="-2.765897">
        <ele>145.8</ele>
      </trkpt>
      <trkpt lat="55.506287" lon="-2.765985">
        <ele>145.8</ele>
      </trkpt>
      <trkpt lat="55.506287" lon="-2.765985">
        <ele>145.8</ele>
      </trkpt>
      <trkpt lat="55.506363" lon="-2.766128">
        <ele>146.0</ele>
      </trkpt>
      <trkpt lat="55.506413" lon="-2.766202">
        <ele>146.0</ele>
      </trkpt>
      <trkpt lat="55.506413" lon="-2.766202">
        <ele>146.2</ele>
      </trkpt>
      <trkpt lat="55.506496" lon="-2.766318">
        <ele>146.6</ele>
      </trkpt>
      <trkpt lat="55.50655" lon="-2.766401">
        <ele>146.8</ele>
      </trkpt>
      <trkpt lat="55.50655" lon="-2.766401">
        <ele>147.0</ele>
      </trkpt>
      <trkpt lat="55.506634" lon="-2.766536">
        <ele>147.2</ele>
      </trkpt>
      <trkpt lat="55.506691" lon="-2.766634">
        <ele>147.2</ele>
      </trkpt>
      <trkpt lat="55.506691" lon="-2.766634">
        <ele>147.4</ele>
      </trkpt>
      <trkpt lat="55.506771" lon="-2.766778">
        <ele>147.6</ele>
      </trkpt>
      <trkpt lat="55.506817" lon="-2.766868">
        <ele>147.8</ele>
      </trkpt>
      <trkpt lat="55.506817" lon="-2.766868">
        <ele>147.8</ele>
      </trkpt>
      <trkpt lat="55.506878" lon="-2.767004">
        <ele>148.0</ele>
      </trkpt>
      <trkpt lat="55.506912" lon="-2.767083">
        <ele>148.0</ele>
      </trkpt>
      <trkpt lat="55.506912" lon="-2.767083">
        <ele>148.0</ele>
      </trkpt>
      <trkpt lat="55.506985" lon="-2.767234">
        <ele>148.0</ele>
      </trkpt>
      <trkpt lat="55.50703" lon="-2.767288">
        <ele>148.0</ele>
      </trkpt>
      <trkpt lat="55.507084" lon="-2.767323">
        <ele>148.0</ele>
      </trkpt>
      <trkpt lat="55.507145" lon="-2.767335">
        <ele>148.0</ele>
      </trkpt>
      <trkpt lat="55.507145" lon="-2.767335">
        <ele>148.0</ele>
      </trkpt>
      <trkpt lat="55.507275" lon="-2.767361">
        <ele>147.8</ele>
      </trkpt>
      <trkpt lat="55.507324" lon="-2.767406">
        <ele>147.8</ele>
      </trkpt>
      <trkpt lat="55.507389" lon="-2.767487">
        <ele>147.6</ele>
      </trkpt>
      <trkpt lat="55.507439" lon="-2.767583">
        <ele>147.4</ele>
      </trkpt>
      <trkpt lat="55.507462" lon="-2.767695">
        <ele>147.0</ele>
      </trkpt>
      <trkpt lat="55.507469" lon="-2.767818">
        <ele>146.8</ele>
      </trkpt>
      <trkpt lat="55.507465" lon="-2.767957">
        <ele>146.4</ele>
      </trkpt>
      <trkpt lat="55.507465" lon="-2.767957">
        <ele>146.0</ele>
      </trkpt>
      <trkpt lat="55.507469" lon="-2.768103">
        <ele>145.4</ele>
      </trkpt>
      <trkpt lat="55.507542" lon="-2.768327">
        <ele>145.0</ele>
      </trkpt>
      <trkpt lat="55.507542" lon="-2.768327">
        <ele>145.0</ele>
      </trkpt>
      <trkpt lat="55.507622" lon="-2.768437">
        <ele>144.8</ele>
      </trkpt>
      <trkpt lat="55.507687" lon="-2.768499">
        <ele>144.6</ele>
      </trkpt>
      <trkpt lat="55.507687" lon="-2.768499">
        <ele>144.4</ele>
      </trkpt>
      <trkpt lat="55.507751" lon="-2.76855">
        <ele>144.4</ele>
      </trkpt>
      <trkpt lat="55.507889" lon="-2.768655">
        <ele>144.2</ele>
      </trkpt>
      <trkpt lat="55.507973" lon="-2.7687">
        <ele>144.2</ele>
      </trkpt>
      <trkpt lat="55.507973" lon="-2.7687">
        <ele>144.2</ele>
      </trkpt>
      <trkpt lat="55.508064" lon="-2.768739">
        <ele>144.0</ele>
      </trkpt>
      <trkpt lat="55.508156" lon="-2.768773">
        <ele>144.0</ele>
      </trkpt>
      <trkpt lat="55.508335" lon="-2.768846">
        <ele>143.6</ele>
      </trkpt>
      <trkpt lat="55.508423" lon="-2.768875">
        <ele>143.2</ele>
      </trkpt>
      <trkpt lat="55.508499" lon="-2.768906">
        <ele>143.0</ele>
      </trkpt>
      <trkpt lat="55.508587" lon="-2.768941">
        <ele>142.4</ele>
      </trkpt>
      <trkpt lat="55.50869" lon="-2.768977">
        <ele>142.0</ele>
      </trkpt>
      <trkpt lat="55.508759" lon="-2.769005">
        <ele>141.8</ele>
      </trkpt>
      <trkpt lat="55.508759" lon="-2.769005">
        <ele>141.6</ele>
      </trkpt>
      <trkpt lat="55.508938" lon="-2.769088">
        <ele>141.2</ele>
      </trkpt>
      <trkpt lat="55.508938" lon="-2.769088">
        <ele>141.0</ele>
      </trkpt>
      <trkpt lat="55.509014" lon="-2.769134">
        <ele>141.0</ele>
      </trkpt>
      <trkpt lat="55.509129" lon="-2.76922">
        <ele>140.8</ele>
      </trkpt>
      <trkpt lat="55.509182" lon="-2.769262">
        <ele>140.8</ele>
      </trkpt>
      <trkpt lat="55.509247" lon="-2.769317">
        <ele>140.8</ele>
      </trkpt>
      <trkpt lat="55.509342" lon="-2.769418">
        <ele>140.8</ele>
      </trkpt>
      <trkpt lat="55.509396" lon="-2.769485">
        <ele>140.8</ele>
      </trkpt>
      <trkpt lat="55.509434" lon="-2.769535">
        <ele>140.8</ele>
      </trkpt>
      <trkpt lat="55.509491" lon="-2.769604">
        <ele>141.0</ele>
      </trkpt>
      <trkpt lat="55.509529" lon="-2.76966">
        <ele>141.0</ele>
      </trkpt>
      <trkpt lat="55.509556" lon="-2.769702">
        <ele>141.2</ele>
      </trkpt>
      <trkpt lat="55.509598" lon="-2.769751">
        <ele>141.8</ele>
      </trkpt>
      <trkpt lat="55.509598" lon="-2.769751">
        <ele>142.2</ele>
      </trkpt>
      <trkpt lat="55.509686" lon="-2.769819">
        <ele>142.2</ele>
      </trkpt>
      <trkpt lat="55.509727" lon="-2.769845">
        <ele>142.6</ele>
      </trkpt>
      <trkpt lat="55.509777" lon="-2.769884">
        <ele>143.2</ele>
      </trkpt>
      <trkpt lat="55.509815" lon="-2.769909">
        <ele>143.8</ele>
      </trkpt>
      <trkpt lat="55.509876" lon="-2.769941">
        <ele>144.2</ele>
      </trkpt>
      <trkpt lat="55.509876" lon="-2.769941">
        <ele>144.6</ele>
      </trkpt>
      <trkpt lat="55.509968" lon="-2.76998">
        <ele>145.4</ele>
      </trkpt>
      <trkpt lat="55.510017" lon="-2.769993">
        <ele>145.8</ele>
      </trkpt>
      <trkpt lat="55.510017" lon="-2.769993">
        <ele>146.6</ele>
      </trkpt>
      <trkpt lat="55.510117" lon="-2.770013">
        <ele>147.2</ele>
      </trkpt>
      <trkpt lat="55.510178" lon="-2.770025">
        <ele>148.4</ele>
      </trkpt>
      <trkpt lat="55.510178" lon="-2.770025">
        <ele>149.2</ele>
      </trkpt>
      <trkpt lat="55.510277" lon="-2.770046">
        <ele>149.6</ele>
      </trkpt>
      <trkpt lat="55.510326" lon="-2.770067">
        <ele>150.4</ele>
      </trkpt>
      <trkpt lat="55.510384" lon="-2.770097">
        <ele>150.8</ele>
      </trkpt>
      <trkpt lat="55.510426" lon="-2.770126">
        <ele>151.6</ele>
      </trkpt>
      <trkpt lat="55.510475" lon="-2.770174">
        <ele>152.0</ele>
      </trkpt>
      <trkpt lat="55.510525" lon="-2.770235">
        <ele>152.6</ele>
      </trkpt>
      <trkpt lat="55.510571" lon="-2.770303">
        <ele>153.8</ele>
      </trkpt>
      <trkpt lat="55.510616" lon="-2.770375">
        <ele>154.0</ele>
      </trkpt>
      <trkpt lat="55.510674" lon="-2.770462">
        <ele>154.8</ele>
      </trkpt>
      <trkpt lat="55.510715" lon="-2.770534">
        <ele>155.2</ele>
      </trkpt>
      <trkpt lat="55.510761" lon="-2.770603">
        <ele>155.8</ele>
      </trkpt>
      <trkpt lat="55.510807" lon="-2.770672">
        <ele>156.6</ele>
      </trkpt>
      <trkpt lat="55.510853" lon="-2.770738">
        <ele>156.8</ele>
      </trkpt>
      <trkpt lat="55.510887" lon="-2.770787">
        <ele>157.2</ele>
      </trkpt>
      <trkpt lat="55.510933" lon="-2.77085">
        <ele>157.4</ele>
      </trkpt>
      <trkpt lat="55.510986" lon="-2.770926">
        <ele>157.8</ele>
      </trkpt>
      <trkpt lat="55.511021" lon="-2.770977">
        <ele>158.0</ele>
      </trkpt>
      <trkpt lat="55.511066" lon="-2.771042">
        <ele>158.2</ele>
      </trkpt>
      <trkpt lat="55.511112" lon="-2.771111">
        <ele>159.0</ele>
      </trkpt>
      <trkpt lat="55.511112" lon="-2.771111">
        <ele>159.2</ele>
      </trkpt>
      <trkpt lat="55.511204" lon="-2.771256">
        <ele>159.8</ele>
      </trkpt>
      <trkpt lat="55.511257" lon="-2.77133">
        <ele>160.0</ele>
      </trkpt>
      <trkpt lat="55.511311" lon="-2.771406">
        <ele>160.6</ele>
      </trkpt>
      <trkpt lat="55.511364" lon="-2.771483">
        <ele>160.8</ele>
      </trkpt>
      <trkpt lat="55.511414" lon="-2.77156">
        <ele>161.2</ele>
      </trkpt>
      <trkpt lat="55.511463" lon="-2.771635">
        <ele>161.4</ele>
      </trkpt>
      <trkpt lat="55.511524" lon="-2.771725">
        <ele>161.6</ele>
      </trkpt>
      <trkpt lat="55.511562" lon="-2.771787">
        <ele>161.8</ele>
      </trkpt>
      <trkpt lat="55.511608" lon="-2.771866">
        <ele>161.8</ele>
      </trkpt>
      <trkpt lat="55.511665" lon="-2.77196">
        <ele>162.0</ele>
      </trkpt>
      <trkpt lat="55.511719" lon="-2.772044">
        <ele>162.2</ele>
      </trkpt>
      <trkpt lat="55.511761" lon="-2.772122">
        <ele>162.2</ele>
      </trkpt>
      <trkpt lat="55.511814" lon="-2.772222">
        <ele>162.2</ele>
      </trkpt>
      <trkpt lat="55.511868" lon="-2.772322">
        <ele>162.2</ele>
      </trkpt>
      <trkpt lat="55.511917" lon="-2.772447">
        <ele>162.2</ele>
      </trkpt>
      <trkpt lat="55.511967" lon="-2.772599">
        <ele>162.2</ele>
      </trkpt>
      <trkpt lat="55.511997" lon="-2.772708">
        <ele>162.2</ele>
      </trkpt>
      <trkpt lat="55.512028" lon="-2.772856">
        <ele>161.8</ele>
      </trkpt>
      <trkpt lat="55.512051" lon="-2.773027">
        <ele>161.6</ele>
      </trkpt>
      <trkpt lat="55.512062" lon="-2.77315">
        <ele>161.2</ele>
      </trkpt>
      <trkpt lat="55.512066" lon="-2.773297">
        <ele>161.0</ele>
      </trkpt>
      <trkpt lat="55.512062" lon="-2.773432">
        <ele>160.4</ele>
      </trkpt>
      <trkpt lat="55.512062" lon="-2.773432">
        <ele>160.0</ele>
      </trkpt>
      <trkpt lat="55.512054" lon="-2.773727">
        <ele>159.8</ele>
      </trkpt>
      <trkpt lat="55.512047" lon="-2.773896">
        <ele>159.6</ele>
      </trkpt>
      <trkpt lat="55.512047" lon="-2.773896">
        <ele>159.4</ele>
      </trkpt>
      <trkpt lat="55.512032" lon="-2.774143">
        <ele>159.4</ele>
      </trkpt>
      <trkpt lat="55.512016" lon="-2.77431">
        <ele>159.2</ele>
      </trkpt>
      <trkpt lat="55.512009" lon="-2.774415">
        <ele>159.0</ele>
      </trkpt>
      <trkpt lat="55.512005" lon="-2.774539">
        <ele>159.0</ele>
      </trkpt>
      <trkpt lat="55.512001" lon="-2.774662">
        <ele>159.0</ele>
      </trkpt>
      <trkpt lat="55.511997" lon="-2.774777">
        <ele>159.0</ele>
      </trkpt>
      <trkpt lat="55.511997" lon="-2.774892">
        <ele>159.0</ele>
      </trkpt>
      <trkpt lat="55.511993" lon="-2.774975">
        <ele>159.0</ele>
      </trkpt>
      <trkpt lat="55.511986" lon="-2.775086">
        <ele>159.0</ele>
      </trkpt>
      <trkpt lat="55.511986" lon="-2.775086">
        <ele>159.4</ele>
      </trkpt>
      <trkpt lat="55.511978" lon="-2.775198">
        <ele>159.6</ele>
      </trkpt>
      <trkpt lat="55.511963" lon="-2.775413">
        <ele>159.8</ele>
      </trkpt>
      <trkpt lat="55.511959" lon="-2.775504">
        <ele>160.0</ele>
      </trkpt>
      <trkpt lat="55.511948" lon="-2.77569">
        <ele>160.2</ele>
      </trkpt>
      <trkpt lat="55.511944" lon="-2.775786">
        <ele>160.6</ele>
      </trkpt>
      <trkpt lat="55.511936" lon="-2.775907">
        <ele>161.0</ele>
      </trkpt>
      <trkpt lat="55.511936" lon="-2.776021">
        <ele>161.0</ele>
      </trkpt>
      <trkpt lat="55.511936" lon="-2.776137">
        <ele>161.2</ele>
      </trkpt>
      <trkpt lat="55.51194" lon="-2.776251">
        <ele>161.4</ele>
      </trkpt>
      <trkpt lat="55.511948" lon="-2.77637">
        <ele>161.6</ele>
      </trkpt>
      <trkpt lat="55.511955" lon="-2.776495">
        <ele>161.6</ele>
      </trkpt>
      <trkpt lat="55.511967" lon="-2.776616">
        <ele>161.8</ele>
      </trkpt>
      <trkpt lat="55.511978" lon="-2.776736">
        <ele>161.8</ele>
      </trkpt>
      <trkpt lat="55.51199" lon="-2.776857">
        <ele>161.8</ele>
      </trkpt>
      <trkpt lat="55.51199" lon="-2.776857">
        <ele>162.0</ele>
      </trkpt>
      <trkpt lat="55.512012" lon="-2.77709">
        <ele>162.0</ele>
      </trkpt>
      <trkpt lat="55.512024" lon="-2.777202">
        <ele>162.0</ele>
      </trkpt>
      <trkpt lat="55.512032" lon="-2.777312">
        <ele>162.0</ele>
      </trkpt>
      <trkpt lat="55.512039" lon="-2.777421">
        <ele>162.0</ele>
      </trkpt>
      <trkpt lat="55.512043" lon="-2.777528">
        <ele>162.2</ele>
      </trkpt>
      <trkpt lat="55.512047" lon="-2.777633">
        <ele>162.2</ele>
      </trkpt>
      <trkpt lat="55.512054" lon="-2.777759">
        <ele>162.2</ele>
      </trkpt>
      <trkpt lat="55.512054" lon="-2.777844">
        <ele>162.2</ele>
      </trkpt>
      <trkpt lat="55.512058" lon="-2.777949">
        <ele>162.2</ele>
      </trkpt>
      <trkpt lat="55.512066" lon="-2.778078">
        <ele>162.4</ele>
      </trkpt>
      <trkpt lat="55.51207" lon="-2.778188">
        <ele>162.6</ele>
      </trkpt>
      <trkpt lat="55.512074" lon="-2.778301">
        <ele>163.0</ele>
      </trkpt>
      <trkpt lat="55.512077" lon="-2.778417">
        <ele>163.2</ele>
      </trkpt>
      <trkpt lat="55.512077" lon="-2.778417">
        <ele>163.4</ele>
      </trkpt>
      <trkpt lat="55.512085" lon="-2.778624">
        <ele>163.6</ele>
      </trkpt>
      <trkpt lat="55.512089" lon="-2.778756">
        <ele>163.8</ele>
      </trkpt>
      <trkpt lat="55.512093" lon="-2.778861">
        <ele>164.0</ele>
      </trkpt>
      <trkpt lat="55.512096" lon="-2.778958">
        <ele>164.2</ele>
      </trkpt>
      <trkpt lat="55.5121" lon="-2.77905">
        <ele>164.2</ele>
      </trkpt>
      <trkpt lat="55.5121" lon="-2.77905">
        <ele>164.4</ele>
      </trkpt>
      <trkpt lat="55.512104" lon="-2.77923">
        <ele>165.2</ele>
      </trkpt>
      <trkpt lat="55.512108" lon="-2.779334">
        <ele>165.6</ele>
      </trkpt>
      <trkpt lat="55.512108" lon="-2.779334">
        <ele>165.8</ele>
      </trkpt>
      <trkpt lat="55.512112" lon="-2.779547">
        <ele>166.2</ele>
      </trkpt>
      <trkpt lat="55.512115" lon="-2.779656">
        <ele>166.4</ele>
      </trkpt>
      <trkpt lat="55.512119" lon="-2.779784">
        <ele>167.2</ele>
      </trkpt>
      <trkpt lat="55.512119" lon="-2.779871">
        <ele>167.4</ele>
      </trkpt>
      <trkpt lat="55.512123" lon="-2.780004">
        <ele>167.6</ele>
      </trkpt>
      <trkpt lat="55.512127" lon="-2.780115">
        <ele>167.8</ele>
      </trkpt>
      <trkpt lat="55.512127" lon="-2.780225">
        <ele>168.0</ele>
      </trkpt>
      <trkpt lat="55.512131" lon="-2.780328">
        <ele>168.4</ele>
      </trkpt>
      <trkpt lat="55.512135" lon="-2.780427">
        <ele>168.6</ele>
      </trkpt>
      <trkpt lat="55.512135" lon="-2.780527">
        <ele>169.0</ele>
      </trkpt>
      <trkpt lat="55.512138" lon="-2.780621">
        <ele>169.2</ele>
      </trkpt>
      <trkpt lat="55.512146" lon="-2.780691">
        <ele>169.6</ele>
      </trkpt>
      <trkpt lat="55.512146" lon="-2.780691">
        <ele>170.0</ele>
      </trkpt>
      <trkpt lat="55.512165" lon="-2.780876">
        <ele>170.2</ele>
      </trkpt>
      <trkpt lat="55.51218" lon="-2.780974">
        <ele>170.6</ele>
      </trkpt>
      <trkpt lat="55.512192" lon="-2.781072">
        <ele>170.8</ele>
      </trkpt>
      <trkpt lat="55.512203" lon="-2.781163">
        <ele>171.0</ele>
      </trkpt>
      <trkpt lat="55.512215" lon="-2.78125">
        <ele>171.4</ele>
      </trkpt>
      <trkpt lat="55.512218" lon="-2.781344">
        <ele>171.6</ele>
      </trkpt>
      <trkpt lat="55.512222" lon="-2.781446">
        <ele>172.0</ele>
      </trkpt>
      <trkpt lat="55.512226" lon="-2.78155">
        <ele>172.4</ele>
      </trkpt>
      <trkpt lat="55.512226" lon="-2.781657">
        <ele>173.0</ele>
      </trkpt>
      <trkpt lat="55.512226" lon="-2.781657">
        <ele>173.4</ele>
      </trkpt>
      <trkpt lat="55.51223" lon="-2.781767">
        <ele>173.6</ele>
      </trkpt>
      <trkpt lat="55.512241" lon="-2.781875">
        <ele>173.8</ele>
      </trkpt>
      <trkpt lat="55.512264" lon="-2.782063">
        <ele>174.0</ele>
      </trkpt>
      <trkpt lat="55.512276" lon="-2.782145">
        <ele>174.0</ele>
      </trkpt>
      <trkpt lat="55.512295" lon="-2.782248">
        <ele>174.0</ele>
      </trkpt>
      <trkpt lat="55.512329" lon="-2.782392">
        <ele>174.2</ele>
      </trkpt>
      <trkpt lat="55.512352" lon="-2.782491">
        <ele>174.6</ele>
      </trkpt>
      <trkpt lat="55.512371" lon="-2.782589">
        <ele>174.6</ele>
      </trkpt>
      <trkpt lat="55.512394" lon="-2.782681">
        <ele>174.8</ele>
      </trkpt>
      <trkpt lat="55.512417" lon="-2.78277">
        <ele>174.8</ele>
      </trkpt>
      <trkpt lat="55.51244" lon="-2.782855">
        <ele>175.0</ele>
      </trkpt>
      <trkpt lat="55.512463" lon="-2.782938">
        <ele>175.2</ele>
      </trkpt>
      <trkpt lat="55.512486" lon="-2.783017">
        <ele>175.2</ele>
      </trkpt>
      <trkpt lat="55.512486" lon="-2.783017">
        <ele>175.8</ele>
      </trkpt>
      <trkpt lat="55.512535" lon="-2.783171">
        <ele>176.2</ele>
      </trkpt>
      <trkpt lat="55.512566" lon="-2.783245">
        <ele>176.8</ele>
      </trkpt>
      <trkpt lat="55.512592" lon="-2.783319">
        <ele>177.0</ele>
      </trkpt>
      <trkpt lat="55.512623" lon="-2.78339">
        <ele>177.4</ele>
      </trkpt>
      <trkpt lat="55.512623" lon="-2.78339">
        <ele>177.6</ele>
      </trkpt>
      <trkpt lat="55.512688" lon="-2.783524">
        <ele>177.8</ele>
      </trkpt>
      <trkpt lat="55.512726" lon="-2.783585">
        <ele>178.4</ele>
      </trkpt>
      <trkpt lat="55.512764" lon="-2.783638">
        <ele>178.8</ele>
      </trkpt>
      <trkpt lat="55.512802" lon="-2.783691">
        <ele>179.2</ele>
      </trkpt>
      <trkpt lat="55.512836" lon="-2.783743">
        <ele>179.4</ele>
      </trkpt>
      <trkpt lat="55.512882" lon="-2.783803">
        <ele>179.8</ele>
      </trkpt>
      <trkpt lat="55.512913" lon="-2.783848">
        <ele>180.2</ele>
      </trkpt>
      <trkpt lat="55.512947" lon="-2.783903">
        <ele>180.4</ele>
      </trkpt>
      <trkpt lat="55.512981" lon="-2.78396">
        <ele>181.2</ele>
      </trkpt>
      <trkpt lat="55.513016" lon="-2.784019">
        <ele>181.4</ele>
      </trkpt>
      <trkpt lat="55.51305" lon="-2.784079">
        <ele>182.0</ele>
      </trkpt>
      <trkpt lat="55.513084" lon="-2.784142">
        <ele>182.2</ele>
      </trkpt>
      <trkpt lat="55.513115" lon="-2.78421">
        <ele>182.8</ele>
      </trkpt>
      <trkpt lat="55.513115" lon="-2.78421">
        <ele>183.2</ele>
      </trkpt>
      <trkpt lat="55.513168" lon="-2.784351">
        <ele>183.6</ele>
      </trkpt>
      <trkpt lat="55.513191" lon="-2.784443">
        <ele>184.0</ele>
      </trkpt>
      <trkpt lat="55.513206" lon="-2.784506">
        <ele>184.2</ele>
      </trkpt>
      <trkpt lat="55.513218" lon="-2.784588">
        <ele>184.6</ele>
      </trkpt>
      <trkpt lat="55.513226" lon="-2.784676">
        <ele>184.8</ele>
      </trkpt>
      <trkpt lat="55.513237" lon="-2.784768">
        <ele>186.0</ele>
      </trkpt>
      <trkpt lat="55.513252" lon="-2.78486">
        <ele>186.8</ele>
      </trkpt>
      <trkpt lat="55.513268" lon="-2.784955">
        <ele>187.0</ele>
      </trkpt>
      <trkpt lat="55.513279" lon="-2.78506">
        <ele>187.2</ele>
      </trkpt>
      <trkpt lat="55.51329" lon="-2.785166">
        <ele>187.4</ele>
      </trkpt>
      <trkpt lat="55.513298" lon="-2.785275">
        <ele>187.8</ele>
      </trkpt>
      <trkpt lat="55.513309" lon="-2.785383">
        <ele>187.8</ele>
      </trkpt>
      <trkpt lat="55.513321" lon="-2.785495">
        <ele>188.0</ele>
      </trkpt>
      <trkpt lat="55.513325" lon="-2.785604">
        <ele>188.2</ele>
      </trkpt>
      <trkpt lat="55.513321" lon="-2.785717">
        <ele>188.2</ele>
      </trkpt>
      <trkpt lat="55.513313" lon="-2.785829">
        <ele>188.4</ele>
      </trkpt>
      <trkpt lat="55.513306" lon="-2.785943">
        <ele>188.8</ele>
      </trkpt>
      <trkpt lat="55.513294" lon="-2.786057">
        <ele>188.6</ele>
      </trkpt>
      <trkpt lat="55.513279" lon="-2.786195">
        <ele>188.8</ele>
      </trkpt>
      <trkpt lat="55.513264" lon="-2.786284">
        <ele>189.0</ele>
      </trkpt>
      <trkpt lat="55.513248" lon="-2.786394">
        <ele>189.2</ele>
      </trkpt>
      <trkpt lat="55.513233" lon="-2.786501">
        <ele>189.2</ele>
      </trkpt>
      <trkpt lat="55.513233" lon="-2.786501">
        <ele>189.4</ele>
      </trkpt>
      <trkpt lat="55.513206" lon="-2.786709">
        <ele>189.6</ele>
      </trkpt>
      <trkpt lat="55.513191" lon="-2.786818">
        <ele>189.8</ele>
      </trkpt>
      <trkpt lat="55.513176" lon="-2.786932">
        <ele>190.0</ele>
      </trkpt>
      <trkpt lat="55.513168" lon="-2.78704">
        <ele>190.0</ele>
      </trkpt>
      <trkpt lat="55.513161" lon="-2.787145">
        <ele>190.0</ele>
      </trkpt>
      <trkpt lat="55.513165" lon="-2.787241">
        <ele>190.0</ele>
      </trkpt>
      <trkpt lat="55.513165" lon="-2.787241">
        <ele>190.2</ele>
      </trkpt>
      <trkpt lat="55.513187" lon="-2.787337">
        <ele>190.2</ele>
      </trkpt>
      <trkpt lat="55.513252" lon="-2.787515">
        <ele>190.4</ele>
      </trkpt>
      <trkpt lat="55.513287" lon="-2.787598">
        <ele>190.4</ele>
      </trkpt>
      <trkpt lat="55.513325" lon="-2.787677">
        <ele>190.6</ele>
      </trkpt>
      <trkpt lat="55.513363" lon="-2.787749">
        <ele>190.6</ele>
      </trkpt>
      <trkpt lat="55.513405" lon="-2.787814">
        <ele>190.8</ele>
      </trkpt>
      <trkpt lat="55.513439" lon="-2.787875">
        <ele>191.0</ele>
      </trkpt>
      <trkpt lat="55.513477" lon="-2.78793">
        <ele>191.0</ele>
      </trkpt>
      <trkpt lat="55.513519" lon="-2.787978">
        <ele>191.2</ele>
      </trkpt>
      <trkpt lat="55.513561" lon="-2.788018">
        <ele>191.4</ele>
      </trkpt>
      <trkpt lat="55.513607" lon="-2.788054">
        <ele>191.6</ele>
      </trkpt>
      <trkpt lat="55.513653" lon="-2.788084">
        <ele>192.0</ele>
      </trkpt>
      <trkpt lat="55.513653" lon="-2.788084">
        <ele>192.6</ele>
      </trkpt>
      <trkpt lat="55.513741" lon="-2.788141">
        <ele>192.8</ele>
      </trkpt>
      <trkpt lat="55.513786" lon="-2.788168">
        <ele>193.2</ele>
      </trkpt>
      <trkpt lat="55.513832" lon="-2.788192">
        <ele>193.4</ele>
      </trkpt>
      <trkpt lat="55.513878" lon="-2.788214">
        <ele>194.0</ele>
      </trkpt>
      <trkpt lat="55.513927" lon="-2.788239">
        <ele>194.4</ele>
      </trkpt>
      <trkpt lat="55.513969" lon="-2.788264">
        <ele>195.0</ele>
      </trkpt>
      <trkpt lat="55.514015" lon="-2.788287">
        <ele>195.6</ele>
      </trkpt>
      <trkpt lat="55.514015" lon="-2.788287">
        <ele>196.2</ele>
      </trkpt>
      <trkpt lat="55.514099" lon="-2.78835">
        <ele>196.8</ele>
      </trkpt>
      <trkpt lat="55.514133" lon="-2.788393">
        <ele>197.2</ele>
      </trkpt>
      <trkpt lat="55.514133" lon="-2.788393">
        <ele>197.8</ele>
      </trkpt>
      <trkpt lat="55.514179" lon="-2.788512">
        <ele>198.4</ele>
      </trkpt>
      <trkpt lat="55.514191" lon="-2.788586">
        <ele>198.8</ele>
      </trkpt>
      <trkpt lat="55.514191" lon="-2.788665">
        <ele>199.4</ele>
      </trkpt>
      <trkpt lat="55.514191" lon="-2.788665">
        <ele>199.8</ele>
      </trkpt>
      <trkpt lat="55.514183" lon="-2.78876">
        <ele>200.6</ele>
      </trkpt>
      <trkpt lat="55.514168" lon="-2.788892">
        <ele>201.0</ele>
      </trkpt>
      <trkpt lat="55.514156" lon="-2.788956">
        <ele>201.6</ele>
      </trkpt>
      <trkpt lat="55.514145" lon="-2.789035">
        <ele>202.0</ele>
      </trkpt>
      <trkpt lat="55.514137" lon="-2.78915">
        <ele>202.4</ele>
      </trkpt>
      <trkpt lat="55.514133" lon="-2.789232">
        <ele>203.2</ele>
      </trkpt>
      <trkpt lat="55.514133" lon="-2.789232">
        <ele>203.6</ele>
      </trkpt>
      <trkpt lat="55.514137" lon="-2.789426">
        <ele>204.4</ele>
      </trkpt>
      <trkpt lat="55.514145" lon="-2.789514">
        <ele>204.8</ele>
      </trkpt>
      <trkpt lat="55.514156" lon="-2.789602">
        <ele>205.8</ele>
      </trkpt>
      <trkpt lat="55.514164" lon="-2.789691">
        <ele>206.4</ele>
      </trkpt>
      <trkpt lat="55.514168" lon="-2.789763">
        <ele>206.6</ele>
      </trkpt>
      <trkpt lat="55.514168" lon="-2.789763">
        <ele>207.0</ele>
      </trkpt>
      <trkpt lat="55.514183" lon="-2.789958">
        <ele>207.2</ele>
      </trkpt>
      <trkpt lat="55.514187" lon="-2.790052">
        <ele>207.6</ele>
      </trkpt>
      <trkpt lat="55.514187" lon="-2.790052">
        <ele>207.8</ele>
      </trkpt>
      <trkpt lat="55.514194" lon="-2.79023">
        <ele>208.0</ele>
      </trkpt>
      <trkpt lat="55.514194" lon="-2.79033">
        <ele>208.4</ele>
      </trkpt>
      <trkpt lat="55.514194" lon="-2.790416">
        <ele>208.6</ele>
      </trkpt>
      <trkpt lat="55.514194" lon="-2.790473">
        <ele>208.8</ele>
      </trkpt>
      <trkpt lat="55.514187" lon="-2.790561">
        <ele>209.0</ele>
      </trkpt>
      <trkpt lat="55.514179" lon="-2.790628">
        <ele>209.4</ele>
      </trkpt>
      <trkpt lat="55.514175" lon="-2.790715">
        <ele>210.0</ele>
      </trkpt>
      <trkpt lat="55.514168" lon="-2.790812">
        <ele>210.2</ele>
      </trkpt>
      <trkpt lat="55.514164" lon="-2.790915">
        <ele>210.6</ele>
      </trkpt>
      <trkpt lat="55.51416" lon="-2.791016">
        <ele>210.8</ele>
      </trkpt>
      <trkpt lat="55.514156" lon="-2.791119">
        <ele>211.2</ele>
      </trkpt>
      <trkpt lat="55.514156" lon="-2.791241">
        <ele>211.8</ele>
      </trkpt>
      <trkpt lat="55.514156" lon="-2.791325">
        <ele>212.0</ele>
      </trkpt>
      <trkpt lat="55.514156" lon="-2.791429">
        <ele>212.4</ele>
      </trkpt>
      <trkpt lat="55.514156" lon="-2.791535">
        <ele>212.8</ele>
      </trkpt>
      <trkpt lat="55.514156" lon="-2.791661">
        <ele>213.0</ele>
      </trkpt>
      <trkpt lat="55.514156" lon="-2.791746">
        <ele>213.2</ele>
      </trkpt>
      <trkpt lat="55.514153" lon="-2.791853">
        <ele>213.2</ele>
      </trkpt>
      <trkpt lat="55.514153" lon="-2.791982">
        <ele>213.4</ele>
      </trkpt>
      <trkpt lat="55.514153" lon="-2.792088">
        <ele>213.6</ele>
      </trkpt>
      <trkpt lat="55.514156" lon="-2.792191">
        <ele>213.6</ele>
      </trkpt>
      <trkpt lat="55.514156" lon="-2.79229">
        <ele>213.8</ele>
      </trkpt>
      <trkpt lat="55.514156" lon="-2.79229">
        <ele>214.0</ele>
      </trkpt>
      <trkpt lat="55.51416" lon="-2.792478">
        <ele>214.0</ele>
      </trkpt>
      <trkpt lat="55.514156" lon="-2.792573">
        <ele>214.2</ele>
      </trkpt>
      <trkpt lat="55.514156" lon="-2.792666">
        <ele>214.4</ele>
      </trkpt>
      <trkpt lat="55.51416" lon="-2.79276">
        <ele>214.6</ele>
      </trkpt>
      <trkpt lat="55.51416" lon="-2.792855">
        <ele>215.0</ele>
      </trkpt>
      <trkpt lat="55.51416" lon="-2.792855">
        <ele>215.4</ele>
      </trkpt>
      <trkpt lat="55.514164" lon="-2.79304">
        <ele>215.8</ele>
      </trkpt>
      <trkpt lat="55.51416" lon="-2.793133">
        <ele>216.2</ele>
      </trkpt>
      <trkpt lat="55.51416" lon="-2.793133">
        <ele>216.4</ele>
      </trkpt>
      <trkpt lat="55.514156" lon="-2.793321">
        <ele>216.8</ele>
      </trkpt>
      <trkpt lat="55.514156" lon="-2.793414">
        <ele>217.0</ele>
      </trkpt>
      <trkpt lat="55.514156" lon="-2.793506">
        <ele>217.8</ele>
      </trkpt>
      <trkpt lat="55.514156" lon="-2.793597">
        <ele>217.8</ele>
      </trkpt>
      <trkpt lat="55.514156" lon="-2.793687">
        <ele>218.0</ele>
      </trkpt>
      <trkpt lat="55.514156" lon="-2.793687">
        <ele>218.4</ele>
      </trkpt>
      <trkpt lat="55.514153" lon="-2.793858">
        <ele>218.6</ele>
      </trkpt>
      <trkpt lat="55.514156" lon="-2.793955">
        <ele>218.8</ele>
      </trkpt>
      <trkpt lat="55.514156" lon="-2.794058">
        <ele>219.0</ele>
      </trkpt>
      <trkpt lat="55.514156" lon="-2.794163">
        <ele>219.2</ele>
      </trkpt>
      <trkpt lat="55.514153" lon="-2.794272">
        <ele>219.4</ele>
      </trkpt>
      <trkpt lat="55.514153" lon="-2.794272">
        <ele>219.6</ele>
      </trkpt>
      <trkpt lat="55.514153" lon="-2.794405">
        <ele>220.0</ele>
      </trkpt>
      <trkpt lat="55.514149" lon="-2.794589">
        <ele>220.2</ele>
      </trkpt>
      <trkpt lat="55.514149" lon="-2.794705">
        <ele>220.4</ele>
      </trkpt>
      <trkpt lat="55.514149" lon="-2.794863">
        <ele>220.4</ele>
      </trkpt>
      <trkpt lat="55.514145" lon="-2.794975">
        <ele>220.6</ele>
      </trkpt>
      <trkpt lat="55.514141" lon="-2.795082">
        <ele>220.8</ele>
      </trkpt>
      <trkpt lat="55.514141" lon="-2.795188">
        <ele>221.0</ele>
      </trkpt>
      <trkpt lat="55.514141" lon="-2.795188">
        <ele>221.4</ele>
      </trkpt>
      <trkpt lat="55.514137" lon="-2.795398">
        <ele>221.4</ele>
      </trkpt>
      <trkpt lat="55.514137" lon="-2.795502">
        <ele>221.8</ele>
      </trkpt>
      <trkpt lat="55.514137" lon="-2.795607">
        <ele>222.0</ele>
      </trkpt>
      <trkpt lat="55.514141" lon="-2.795715">
        <ele>222.4</ele>
      </trkpt>
      <trkpt lat="55.514141" lon="-2.795824">
        <ele>222.6</ele>
      </trkpt>
      <trkpt lat="55.514141" lon="-2.795934">
        <ele>222.6</ele>
      </trkpt>
      <trkpt lat="55.514141" lon="-2.796045">
        <ele>222.8</ele>
      </trkpt>
      <trkpt lat="55.514141" lon="-2.796045">
        <ele>223.0</ele>
      </trkpt>
      <trkpt lat="55.514145" lon="-2.796258">
        <ele>223.2</ele>
      </trkpt>
      <trkpt lat="55.514141" lon="-2.796359">
        <ele>223.4</ele>
      </trkpt>
      <trkpt lat="55.514133" lon="-2.79644">
        <ele>223.4</ele>
      </trkpt>
      <trkpt lat="55.514133" lon="-2.79644">
        <ele>223.6</ele>
      </trkpt>
      <trkpt lat="55.514126" lon="-2.79664">
        <ele>223.8</ele>
      </trkpt>
      <trkpt lat="55.514126" lon="-2.796741">
        <ele>224.2</ele>
      </trkpt>
      <trkpt lat="55.514126" lon="-2.796842">
        <ele>224.2</ele>
      </trkpt>
      <trkpt lat="55.514126" lon="-2.796942">
        <ele>224.8</ele>
      </trkpt>
      <trkpt lat="55.514122" lon="-2.797043">
        <ele>225.2</ele>
      </trkpt>
      <trkpt lat="55.514122" lon="-2.797144">
        <ele>225.2</ele>
      </trkpt>
      <trkpt lat="55.514126" lon="-2.797245">
        <ele>225.6</ele>
      </trkpt>
      <trkpt lat="55.514126" lon="-2.797344">
        <ele>226.0</ele>
      </trkpt>
      <trkpt lat="55.514126" lon="-2.79744">
        <ele>226.8</ele>
      </trkpt>
      <trkpt lat="55.514126" lon="-2.797532">
        <ele>227.4</ele>
      </trkpt>
      <trkpt lat="55.514126" lon="-2.797622">
        <ele>227.4</ele>
      </trkpt>
      <trkpt lat="55.514126" lon="-2.797713">
        <ele>228.0</ele>
      </trkpt>
      <trkpt lat="55.514122" lon="-2.797807">
        <ele>228.2</ele>
      </trkpt>
      <trkpt lat="55.514122" lon="-2.797807">
        <ele>228.6</ele>
      </trkpt>
      <trkpt lat="55.514126" lon="-2.797991">
        <ele>228.8</ele>
      </trkpt>
      <trkpt lat="55.51413" lon="-2.798083">
        <ele>229.2</ele>
      </trkpt>
      <trkpt lat="55.51413" lon="-2.798179">
        <ele>229.4</ele>
      </trkpt>
      <trkpt lat="55.51413" lon="-2.798278">
        <ele>229.6</ele>
      </trkpt>
      <trkpt lat="55.514133" lon="-2.798383">
        <ele>230.0</ele>
      </trkpt>
      <trkpt lat="55.51413" lon="-2.79849">
        <ele>230.2</ele>
      </trkpt>
      <trkpt lat="55.51413" lon="-2.798597">
        <ele>230.6</ele>
      </trkpt>
      <trkpt lat="55.514133" lon="-2.798705">
        <ele>230.8</ele>
      </trkpt>
      <trkpt lat="55.514133" lon="-2.798815">
        <ele>231.2</ele>
      </trkpt>
      <trkpt lat="55.514133" lon="-2.798922">
        <ele>231.8</ele>
      </trkpt>
      <trkpt lat="55.514133" lon="-2.799027">
        <ele>232.0</ele>
      </trkpt>
      <trkpt lat="55.514137" lon="-2.79913">
        <ele>232.2</ele>
      </trkpt>
      <trkpt lat="55.514145" lon="-2.799233">
        <ele>232.4</ele>
      </trkpt>
      <trkpt lat="55.514145" lon="-2.799339">
        <ele>232.6</ele>
      </trkpt>
      <trkpt lat="55.514149" lon="-2.799451">
        <ele>233.0</ele>
      </trkpt>
      <trkpt lat="55.514149" lon="-2.799588">
        <ele>233.2</ele>
      </trkpt>
      <trkpt lat="55.514149" lon="-2.799681">
        <ele>233.4</ele>
      </trkpt>
      <trkpt lat="55.514149" lon="-2.799795">
        <ele>233.6</ele>
      </trkpt>
      <trkpt lat="55.514153" lon="-2.799908">
        <ele>233.8</ele>
      </trkpt>
      <trkpt lat="55.514153" lon="-2.800021">
        <ele>233.8</ele>
      </trkpt>
      <trkpt lat="55.514156" lon="-2.800157">
        <ele>234.0</ele>
      </trkpt>
      <trkpt lat="55.514156" lon="-2.800271">
        <ele>234.2</ele>
      </trkpt>
      <trkpt lat="55.514153" lon="-2.800364">
        <ele>234.2</ele>
      </trkpt>
      <trkpt lat="55.514156" lon="-2.800481">
        <ele>234.2</ele>
      </trkpt>
      <trkpt lat="55.514156" lon="-2.800597">
        <ele>234.2</ele>
      </trkpt>
      <trkpt lat="55.51416" lon="-2.80071">
        <ele>234.4</ele>
      </trkpt>
      <trkpt lat="55.514156" lon="-2.800844">
        <ele>234.4</ele>
      </trkpt>
      <trkpt lat="55.514156" lon="-2.800844">
        <ele>234.4</ele>
      </trkpt>
      <trkpt lat="55.514156" lon="-2.801053">
        <ele>234.4</ele>
      </trkpt>
      <trkpt lat="55.514156" lon="-2.801135">
        <ele>234.4</ele>
      </trkpt>
      <trkpt lat="55.51416" lon="-2.801238">
        <ele>234.4</ele>
      </trkpt>
      <trkpt lat="55.51416" lon="-2.801341">
        <ele>234.6</ele>
      </trkpt>
      <trkpt lat="55.51416" lon="-2.801444">
        <ele>234.6</ele>
      </trkpt>
      <trkpt lat="55.51416" lon="-2.801444">
        <ele>234.8</ele>
      </trkpt>
      <trkpt lat="55.51416" lon="-2.801646">
        <ele>234.8</ele>
      </trkpt>
      <trkpt lat="55.51416" lon="-2.801749">
        <ele>235.2</ele>
      </trkpt>
      <trkpt lat="55.51416" lon="-2.801749">
        <ele>235.4</ele>
      </trkpt>
      <trkpt lat="55.51416" lon="-2.801955">
        <ele>235.8</ele>
      </trkpt>
      <trkpt lat="55.51416" lon="-2.802054">
        <ele>236.0</ele>
      </trkpt>
      <trkpt lat="55.51416" lon="-2.802152">
        <ele>236.2</ele>
      </trkpt>
      <trkpt lat="55.51416" lon="-2.80225">
        <ele>236.4</ele>
      </trkpt>
      <trkpt lat="55.51416" lon="-2.802368">
        <ele>236.6</ele>
      </trkpt>
      <trkpt lat="55.51416" lon="-2.802368">
        <ele>237.0</ele>
      </trkpt>
      <trkpt lat="55.51416" lon="-2.802568">
        <ele>237.2</ele>
      </trkpt>
      <trkpt lat="55.51416" lon="-2.80265">
        <ele>237.8</ele>
      </trkpt>
      <trkpt lat="55.514164" lon="-2.802752">
        <ele>238.4</ele>
      </trkpt>
      <trkpt lat="55.514168" lon="-2.802875">
        <ele>238.6</ele>
      </trkpt>
      <trkpt lat="55.514168" lon="-2.80296">
        <ele>239.0</ele>
      </trkpt>
      <trkpt lat="55.514168" lon="-2.803066">
        <ele>239.2</ele>
      </trkpt>
      <trkpt lat="55.514168" lon="-2.803174">
        <ele>239.4</ele>
      </trkpt>
      <trkpt lat="55.514172" lon="-2.803285">
        <ele>240.0</ele>
      </trkpt>
      <trkpt lat="55.514175" lon="-2.803399">
        <ele>240.2</ele>
      </trkpt>
      <trkpt lat="55.514179" lon="-2.803514">
        <ele>240.4</ele>
      </trkpt>
      <trkpt lat="55.514179" lon="-2.803514">
        <ele>240.6</ele>
      </trkpt>
      <trkpt lat="55.514183" lon="-2.803632">
        <ele>240.6</ele>
      </trkpt>
      <trkpt lat="55.514183" lon="-2.803852">
        <ele>240.8</ele>
      </trkpt>
      <trkpt lat="55.514183" lon="-2.803952">
        <ele>241.0</ele>
      </trkpt>
      <trkpt lat="55.514168" lon="-2.804142">
        <ele>241.2</ele>
      </trkpt>
      <trkpt lat="55.51416" lon="-2.804236">
        <ele>241.2</ele>
      </trkpt>
      <trkpt lat="55.514153" lon="-2.804348">
        <ele>241.2</ele>
      </trkpt>
      <trkpt lat="55.514137" lon="-2.804475">
        <ele>241.2</ele>
      </trkpt>
      <trkpt lat="55.514118" lon="-2.80456">
        <ele>241.2</ele>
      </trkpt>
      <trkpt lat="55.514099" lon="-2.804664">
        <ele>241.2</ele>
      </trkpt>
      <trkpt lat="55.514076" lon="-2.80476">
        <ele>241.2</ele>
      </trkpt>
      <trkpt lat="55.514053" lon="-2.804853">
        <ele>241.2</ele>
      </trkpt>
      <trkpt lat="55.514034" lon="-2.804952">
        <ele>241.2</ele>
      </trkpt>
      <trkpt lat="55.514011" lon="-2.805054">
        <ele>241.2</ele>
      </trkpt>
      <trkpt lat="55.513985" lon="-2.805154">
        <ele>241.2</ele>
      </trkpt>
      <trkpt lat="55.513954" lon="-2.805274">
        <ele>241.2</ele>
      </trkpt>
      <trkpt lat="55.513927" lon="-2.805369">
        <ele>241.2</ele>
      </trkpt>
      <trkpt lat="55.513901" lon="-2.805459">
        <ele>241.2</ele>
      </trkpt>
      <trkpt lat="55.51387" lon="-2.805556">
        <ele>241.6</ele>
      </trkpt>
      <trkpt lat="55.51384" lon="-2.80565">
        <ele>241.6</ele>
      </trkpt>
      <trkpt lat="55.513817" lon="-2.805728">
        <ele>242.0</ele>
      </trkpt>
      <trkpt lat="55.513783" lon="-2.805844">
        <ele>242.4</ele>
      </trkpt>
      <trkpt lat="55.513763" lon="-2.805921">
        <ele>242.8</ele>
      </trkpt>
      <trkpt lat="55.513733" lon="-2.806019">
        <ele>243.2</ele>
      </trkpt>
      <trkpt lat="55.513706" lon="-2.80612">
        <ele>243.2</ele>
      </trkpt>
      <trkpt lat="55.513668" lon="-2.806243">
        <ele>243.6</ele>
      </trkpt>
      <trkpt lat="55.513645" lon="-2.806323">
        <ele>244.0</ele>
      </trkpt>
      <trkpt lat="55.513607" lon="-2.806443">
        <ele>244.6</ele>
      </trkpt>
      <trkpt lat="55.513577" lon="-2.806545">
        <ele>245.0</ele>
      </trkpt>
      <trkpt lat="55.513546" lon="-2.806647">
        <ele>245.0</ele>
      </trkpt>
      <trkpt lat="55.513515" lon="-2.806747">
        <ele>245.2</ele>
      </trkpt>
      <trkpt lat="55.513485" lon="-2.806846">
        <ele>245.4</ele>
      </trkpt>
      <trkpt lat="55.513454" lon="-2.806944">
        <ele>245.6</ele>
      </trkpt>
      <trkpt lat="55.51342" lon="-2.80704">
        <ele>245.6</ele>
      </trkpt>
      <trkpt lat="55.51342" lon="-2.80704">
        <ele>245.8</ele>
      </trkpt>
      <trkpt lat="55.513363" lon="-2.807238">
        <ele>246.0</ele>
      </trkpt>
      <trkpt lat="55.513332" lon="-2.807341">
        <ele>246.0</ele>
      </trkpt>
      <trkpt lat="55.513302" lon="-2.807443">
        <ele>246.2</ele>
      </trkpt>
      <trkpt lat="55.513271" lon="-2.807546">
        <ele>246.2</ele>
      </trkpt>
      <trkpt lat="55.513241" lon="-2.807647">
        <ele>246.2</ele>
      </trkpt>
      <trkpt lat="55.513214" lon="-2.807748">
        <ele>246.4</ele>
      </trkpt>
      <trkpt lat="55.51318" lon="-2.807852">
        <ele>246.6</ele>
      </trkpt>
      <trkpt lat="55.513149" lon="-2.807961">
        <ele>246.6</ele>
      </trkpt>
      <trkpt lat="55.513119" lon="-2.808073">
        <ele>246.8</ele>
      </trkpt>
      <trkpt lat="55.513088" lon="-2.808182">
        <ele>246.8</ele>
      </trkpt>
      <trkpt lat="55.513054" lon="-2.808289">
        <ele>246.8</ele>
      </trkpt>
      <trkpt lat="55.513023" lon="-2.808399">
        <ele>246.8</ele>
      </trkpt>
      <trkpt lat="55.512993" lon="-2.808505">
        <ele>246.8</ele>
      </trkpt>
      <trkpt lat="55.512959" lon="-2.808608">
        <ele>246.8</ele>
      </trkpt>
      <trkpt lat="55.512932" lon="-2.808689">
        <ele>246.8</ele>
      </trkpt>
      <trkpt lat="55.512897" lon="-2.808815">
        <ele>246.8</ele>
      </trkpt>
      <trkpt lat="55.512875" lon="-2.808902">
        <ele>246.8</ele>
      </trkpt>
      <trkpt lat="55.512875" lon="-2.808902">
        <ele>246.8</ele>
      </trkpt>
      <trkpt lat="55.512814" lon="-2.809112">
        <ele>246.6</ele>
      </trkpt>
      <trkpt lat="55.512772" lon="-2.809242">
        <ele>246.4</ele>
      </trkpt>
      <trkpt lat="55.512749" lon="-2.809335">
        <ele>246.4</ele>
      </trkpt>
      <trkpt lat="55.512733" lon="-2.809457">
        <ele>246.2</ele>
      </trkpt>
      <trkpt lat="55.512733" lon="-2.809612">
        <ele>246.2</ele>
      </trkpt>
      <trkpt lat="55.512753" lon="-2.809707">
        <ele>246.0</ele>
      </trkpt>
      <trkpt lat="55.512787" lon="-2.809807">
        <ele>246.0</ele>
      </trkpt>
      <trkpt lat="55.512833" lon="-2.809884">
        <ele>246.0</ele>
      </trkpt>
      <trkpt lat="55.512882" lon="-2.809946">
        <ele>245.8</ele>
      </trkpt>
      <trkpt lat="55.512882" lon="-2.809946">
        <ele>245.8</ele>
      </trkpt>
      <trkpt lat="55.512928" lon="-2.810003">
        <ele>245.8</ele>
      </trkpt>
      <trkpt lat="55.513008" lon="-2.810124">
        <ele>245.8</ele>
      </trkpt>
      <trkpt lat="55.513046" lon="-2.81018">
        <ele>245.8</ele>
      </trkpt>
      <trkpt lat="55.513119" lon="-2.810297">
        <ele>245.8</ele>
      </trkpt>
      <trkpt lat="55.513157" lon="-2.810354">
        <ele>245.8</ele>
      </trkpt>
      <trkpt lat="55.513199" lon="-2.810425">
        <ele>245.8</ele>
      </trkpt>
      <trkpt lat="55.513241" lon="-2.810503">
        <ele>245.8</ele>
      </trkpt>
      <trkpt lat="55.513279" lon="-2.810581">
        <ele>246.2</ele>
      </trkpt>
      <trkpt lat="55.513321" lon="-2.810658">
        <ele>246.6</ele>
      </trkpt>
      <trkpt lat="55.513367" lon="-2.810732">
        <ele>246.6</ele>
      </trkpt>
      <trkpt lat="55.513405" lon="-2.81081">
        <ele>247.0</ele>
      </trkpt>
      <trkpt lat="55.513443" lon="-2.810893">
        <ele>247.2</ele>
      </trkpt>
      <trkpt lat="55.513481" lon="-2.810977">
        <ele>247.6</ele>
      </trkpt>
      <trkpt lat="55.513523" lon="-2.811057">
        <ele>247.8</ele>
      </trkpt>
      <trkpt lat="55.513565" lon="-2.811139">
        <ele>248.6</ele>
      </trkpt>
      <trkpt lat="55.513611" lon="-2.811222">
        <ele>248.6</ele>
      </trkpt>
      <trkpt lat="55.513657" lon="-2.811307">
        <ele>249.0</ele>
      </trkpt>
      <trkpt lat="55.513706" lon="-2.811389">
        <ele>249.4</ele>
      </trkpt>
      <trkpt lat="55.513756" lon="-2.81147">
        <ele>249.6</ele>
      </trkpt>
      <trkpt lat="55.513817" lon="-2.811562">
        <ele>250.2</ele>
      </trkpt>
      <trkpt lat="55.513859" lon="-2.81162">
        <ele>250.4</ele>
      </trkpt>
      <trkpt lat="55.513916" lon="-2.811688">
        <ele>250.6</ele>
      </trkpt>
      <trkpt lat="55.513977" lon="-2.811756">
        <ele>250.8</ele>
      </trkpt>
      <trkpt lat="55.514038" lon="-2.811823">
        <ele>250.8</ele>
      </trkpt>
      <trkpt lat="55.514103" lon="-2.811892">
        <ele>250.8</ele>
      </trkpt>
      <trkpt lat="55.514168" lon="-2.811963">
        <ele>250.8</ele>
      </trkpt>
      <trkpt lat="55.514168" lon="-2.811963">
        <ele>250.6</ele>
      </trkpt>
      <trkpt lat="55.514297" lon="-2.812102">
        <ele>250.6</ele>
      </trkpt>
      <trkpt lat="55.514362" lon="-2.812171">
        <ele>250.6</ele>
      </trkpt>
      <trkpt lat="55.514423" lon="-2.812239">
        <ele>250.2</ele>
      </trkpt>
      <trkpt lat="55.514484" lon="-2.812305">
        <ele>250.0</ele>
      </trkpt>
      <trkpt lat="55.514545" lon="-2.812368">
        <ele>249.8</ele>
      </trkpt>
      <trkpt lat="55.514603" lon="-2.81243">
        <ele>249.4</ele>
      </trkpt>
      <trkpt lat="55.514671" lon="-2.812501">
        <ele>249.6</ele>
      </trkpt>
      <trkpt lat="55.514717" lon="-2.812547">
        <ele>249.6</ele>
      </trkpt>
      <trkpt lat="55.514774" lon="-2.812602">
        <ele>249.4</ele>
      </trkpt>
      <trkpt lat="55.514828" lon="-2.812657">
        <ele>249.4</ele>
      </trkpt>
      <trkpt lat="55.514885" lon="-2.812711">
        <ele>249.4</ele>
      </trkpt>
      <trkpt lat="55.514938" lon="-2.812765">
        <ele>249.6</ele>
      </trkpt>
      <trkpt lat="55.514996" lon="-2.812819">
        <ele>249.8</ele>
      </trkpt>
      <trkpt lat="55.515049" lon="-2.812874">
        <ele>249.8</ele>
      </trkpt>
      <trkpt lat="55.515114" lon="-2.812939">
        <ele>250.2</ele>
      </trkpt>
      <trkpt lat="55.515156" lon="-2.812982">
        <ele>250.2</ele>
      </trkpt>
      <trkpt lat="55.515209" lon="-2.813032">
        <ele>250.8</ele>
      </trkpt>
      <trkpt lat="55.515263" lon="-2.813082">
        <ele>251.0</ele>
      </trkpt>
      <trkpt lat="55.515316" lon="-2.813131">
        <ele>251.2</ele>
      </trkpt>
      <trkpt lat="55.515366" lon="-2.813179">
        <ele>251.8</ele>
      </trkpt>
      <trkpt lat="55.515427" lon="-2.813235">
        <ele>252.0</ele>
      </trkpt>
      <trkpt lat="55.515465" lon="-2.81327">
        <ele>252.4</ele>
      </trkpt>
      <trkpt lat="55.515511" lon="-2.813314">
        <ele>252.6</ele>
      </trkpt>
      <trkpt lat="55.515568" lon="-2.813365">
        <ele>252.8</ele>
      </trkpt>
      <trkpt lat="55.515602" lon="-2.813399">
        <ele>253.4</ele>
      </trkpt>
      <trkpt lat="55.515648" lon="-2.813443">
        <ele>253.8</ele>
      </trkpt>
      <trkpt lat="55.515694" lon="-2.813489">
        <ele>254.4</ele>
      </trkpt>
      <trkpt lat="55.515694" lon="-2.813489">
        <ele>254.8</ele>
      </trkpt>
      <trkpt lat="55.515781" lon="-2.813569">
        <ele>255.4</ele>
      </trkpt>
      <trkpt lat="55.515827" lon="-2.813609">
        <ele>255.6</ele>
      </trkpt>
      <trkpt lat="55.515873" lon="-2.813653">
        <ele>256.0</ele>
      </trkpt>
      <trkpt lat="55.515919" lon="-2.813697">
        <ele>256.4</ele>
      </trkpt>
      <trkpt lat="55.515919" lon="-2.813697">
        <ele>256.6</ele>
      </trkpt>
      <trkpt lat="55.515965" lon="-2.813741">
        <ele>257.2</ele>
      </trkpt>
      <trkpt lat="55.516037" lon="-2.813816">
        <ele>257.4</ele>
      </trkpt>
      <trkpt lat="55.516083" lon="-2.813862">
        <ele>257.8</ele>
      </trkpt>
      <trkpt lat="55.516155" lon="-2.813937">
        <ele>258.4</ele>
      </trkpt>
      <trkpt lat="55.51619" lon="-2.813974">
        <ele>258.6</ele>
      </trkpt>
      <trkpt lat="55.516235" lon="-2.814016">
        <ele>259.2</ele>
      </trkpt>
      <trkpt lat="55.516281" lon="-2.814055">
        <ele>259.4</ele>
      </trkpt>
      <trkpt lat="55.516323" lon="-2.814098">
        <ele>259.8</ele>
      </trkpt>
      <trkpt lat="55.516369" lon="-2.814139">
        <ele>260.0</ele>
      </trkpt>
      <trkpt lat="55.516411" lon="-2.814179">
        <ele>260.2</ele>
      </trkpt>
      <trkpt lat="55.516453" lon="-2.814214">
        <ele>260.8</ele>
      </trkpt>
      <trkpt lat="55.516495" lon="-2.814252">
        <ele>261.2</ele>
      </trkpt>
      <trkpt lat="55.516533" lon="-2.814293">
        <ele>261.6</ele>
      </trkpt>
      <trkpt lat="55.516571" lon="-2.814337">
        <ele>261.8</ele>
      </trkpt>
      <trkpt lat="55.516605" lon="-2.81438">
        <ele>262.4</ele>
      </trkpt>
      <trkpt lat="55.516647" lon="-2.814419">
        <ele>262.8</ele>
      </trkpt>
      <trkpt lat="55.516689" lon="-2.814454">
        <ele>263.0</ele>
      </trkpt>
      <trkpt lat="55.516731" lon="-2.81449">
        <ele>263.6</ele>
      </trkpt>
      <trkpt lat="55.516769" lon="-2.81453">
        <ele>263.8</ele>
      </trkpt>
      <trkpt lat="55.516808" lon="-2.814569">
        <ele>264.4</ele>
      </trkpt>
      <trkpt lat="55.516842" lon="-2.814608">
        <ele>264.6</ele>
      </trkpt>
      <trkpt lat="55.51688" lon="-2.814653">
        <ele>265.4</ele>
      </trkpt>
      <trkpt lat="55.516918" lon="-2.814709">
        <ele>266.0</ele>
      </trkpt>
      <trkpt lat="55.516956" lon="-2.814771">
        <ele>266.2</ele>
      </trkpt>
      <trkpt lat="55.516994" lon="-2.814835">
        <ele>266.6</ele>
      </trkpt>
      <trkpt lat="55.517033" lon="-2.814902">
        <ele>266.8</ele>
      </trkpt>
      <trkpt lat="55.517075" lon="-2.814971">
        <ele>267.2</ele>
      </trkpt>
      <trkpt lat="55.517113" lon="-2.815044">
        <ele>267.4</ele>
      </trkpt>
      <trkpt lat="55.517159" lon="-2.815119">
        <ele>267.6</ele>
      </trkpt>
      <trkpt lat="55.517204" lon="-2.815196">
        <ele>267.8</ele>
      </trkpt>
      <trkpt lat="55.51725" lon="-2.815269">
        <ele>268.0</ele>
      </trkpt>
      <trkpt lat="55.5173" lon="-2.815341">
        <ele>268.2</ele>
      </trkpt>
      <trkpt lat="55.517353" lon="-2.815416">
        <ele>268.2</ele>
      </trkpt>
      <trkpt lat="55.51741" lon="-2.815493">
        <ele>268.2</ele>
      </trkpt>
      <trkpt lat="55.517471" lon="-2.815569">
        <ele>268.4</ele>
      </trkpt>
      <trkpt lat="55.517536" lon="-2.815641">
        <ele>268.4</ele>
      </trkpt>
      <trkpt lat="55.517609" lon="-2.81571">
        <ele>268.4</ele>
      </trkpt>
      <trkpt lat="55.517681" lon="-2.815777">
        <ele>268.4</ele>
      </trkpt>
      <trkpt lat="55.517757" lon="-2.815842">
        <ele>268.2</ele>
      </trkpt>
      <trkpt lat="55.517838" lon="-2.815903">
        <ele>267.6</ele>
      </trkpt>
      <trkpt lat="55.517918" lon="-2.815962">
        <ele>267.4</ele>
      </trkpt>
      <trkpt lat="55.518005" lon="-2.81602">
        <ele>267.0</ele>
      </trkpt>
      <trkpt lat="55.518093" lon="-2.816078">
        <ele>267.0</ele>
      </trkpt>
      <trkpt lat="55.518181" lon="-2.816136">
        <ele>266.6</ele>
      </trkpt>
      <trkpt lat="55.518295" lon="-2.816205">
        <ele>266.4</ele>
      </trkpt>
      <trkpt lat="55.518372" lon="-2.816249">
        <ele>265.8</ele>
      </trkpt>
      <trkpt lat="55.518471" lon="-2.816304">
        <ele>265.6</ele>
      </trkpt>
      <trkpt lat="55.518574" lon="-2.816359">
        <ele>265.0</ele>
      </trkpt>
      <trkpt lat="55.518677" lon="-2.816421">
        <ele>264.2</ele>
      </trkpt>
      <trkpt lat="55.51878" lon="-2.81649">
        <ele>263.8</ele>
      </trkpt>
      <trkpt lat="55.518883" lon="-2.816567">
        <ele>263.0</ele>
      </trkpt>
      <trkpt lat="55.518986" lon="-2.816647">
        <ele>262.0</ele>
      </trkpt>
      <trkpt lat="55.519089" lon="-2.816727">
        <ele>261.4</ele>
      </trkpt>
      <trkpt lat="55.519196" lon="-2.816808">
        <ele>260.6</ele>
      </trkpt>
      <trkpt lat="55.519302" lon="-2.816891">
        <ele>260.4</ele>
      </trkpt>
      <trkpt lat="55.519409" lon="-2.816976">
        <ele>258.8</ele>
      </trkpt>
      <trkpt lat="55.51952" lon="-2.817063">
        <ele>258.4</ele>
      </trkpt>
      <trkpt lat="55.519634" lon="-2.817151">
        <ele>257.6</ele>
      </trkpt>
      <trkpt lat="55.519749" lon="-2.817243">
        <ele>257.0</ele>
      </trkpt>
      <trkpt lat="55.519859" lon="-2.817349">
        <ele>256.4</ele>
      </trkpt>
      <trkpt lat="55.519859" lon="-2.817349">
        <ele>255.0</ele>
      </trkpt>
      <trkpt lat="55.52005" lon="-2.817584">
        <ele>254.6</ele>
      </trkpt>
      <trkpt lat="55.52013" lon="-2.817706">
        <ele>253.6</ele>
      </trkpt>
      <trkpt lat="55.52013" lon="-2.817706">
        <ele>252.8</ele>
      </trkpt>
      <trkpt lat="55.520348" lon="-2.818101">
        <ele>252.4</ele>
      </trkpt>
      <trkpt lat="55.520435" lon="-2.818269">
        <ele>250.8</ele>
      </trkpt>
      <trkpt lat="55.520519" lon="-2.818441">
        <ele>250.0</ele>
      </trkpt>
      <trkpt lat="55.520603" lon="-2.818618">
        <ele>248.4</ele>
      </trkpt>
      <trkpt lat="55.520679" lon="-2.818798">
        <ele>247.8</ele>
      </trkpt>
      <trkpt lat="55.520748" lon="-2.81898">
        <ele>246.8</ele>
      </trkpt>
      <trkpt lat="55.520817" lon="-2.819164">
        <ele>246.0</ele>
      </trkpt>
      <trkpt lat="55.520882" lon="-2.819345">
        <ele>245.4</ele>
      </trkpt>
      <trkpt lat="55.520943" lon="-2.819524">
        <ele>244.6</ele>
      </trkpt>
      <trkpt lat="55.521" lon="-2.819702">
        <ele>244.2</ele>
      </trkpt>
      <trkpt lat="55.521061" lon="-2.819875">
        <ele>243.6</ele>
      </trkpt>
      <trkpt lat="55.521126" lon="-2.820043">
        <ele>243.2</ele>
      </trkpt>
      <trkpt lat="55.521191" lon="-2.820206">
        <ele>243.0</ele>
      </trkpt>
      <trkpt lat="55.521267" lon="-2.820361">
        <ele>242.6</ele>
      </trkpt>
      <trkpt lat="55.521351" lon="-2.8205">
        <ele>242.2</ele>
      </trkpt>
      <trkpt lat="55.521446" lon="-2.820616">
        <ele>241.6</ele>
      </trkpt>
      <trkpt lat="55.521557" lon="-2.820698">
        <ele>241.0</ele>
      </trkpt>
      <trkpt lat="55.521671" lon="-2.820755">
        <ele>240.6</ele>
      </trkpt>
      <trkpt lat="55.521793" lon="-2.820792">
        <ele>239.8</ele>
      </trkpt>
      <trkpt lat="55.521915" lon="-2.820815">
        <ele>239.4</ele>
      </trkpt>
      <trkpt lat="55.522045" lon="-2.820835">
        <ele>238.6</ele>
      </trkpt>
      <trkpt lat="55.522171" lon="-2.820858">
        <ele>238.2</ele>
      </trkpt>
      <trkpt lat="55.522301" lon="-2.820887">
        <ele>237.4</ele>
      </trkpt>
      <trkpt lat="55.522434" lon="-2.820916">
        <ele>236.8</ele>
      </trkpt>
      <trkpt lat="55.522564" lon="-2.820945">
        <ele>236.6</ele>
      </trkpt>
      <trkpt lat="55.522697" lon="-2.820974">
        <ele>235.8</ele>
      </trkpt>
      <trkpt lat="55.522827" lon="-2.821004">
        <ele>235.4</ele>
      </trkpt>
      <trkpt lat="55.522957" lon="-2.821033">
        <ele>234.6</ele>
      </trkpt>
      <trkpt lat="55.523087" lon="-2.821064">
        <ele>234.2</ele>
      </trkpt>
      <trkpt lat="55.523216" lon="-2.821107">
        <ele>233.0</ele>
      </trkpt>
      <trkpt lat="55.523342" lon="-2.821166">
        <ele>231.8</ele>
      </trkpt>
      <trkpt lat="55.523464" lon="-2.821243">
        <ele>231.0</ele>
      </trkpt>
      <trkpt lat="55.523586" lon="-2.82133">
        <ele>230.2</ele>
      </trkpt>
      <trkpt lat="55.523701" lon="-2.821426">
        <ele>229.6</ele>
      </trkpt>
      <trkpt lat="55.523815" lon="-2.821532">
        <ele>228.2</ele>
      </trkpt>
      <trkpt lat="55.523918" lon="-2.821654">
        <ele>227.2</ele>
      </trkpt>
      <trkpt lat="55.524014" lon="-2.821795">
        <ele>226.8</ele>
      </trkpt>
      <trkpt lat="55.524097" lon="-2.821956">
        <ele>226.0</ele>
      </trkpt>
      <trkpt lat="55.52417" lon="-2.822131">
        <ele>225.8</ele>
      </trkpt>
      <trkpt lat="55.524231" lon="-2.822313">
        <ele>225.4</ele>
      </trkpt>
      <trkpt lat="55.524288" lon="-2.822499">
        <ele>225.2</ele>
      </trkpt>
      <trkpt lat="55.524345" lon="-2.822726">
        <ele>224.8</ele>
      </trkpt>
      <trkpt lat="55.524384" lon="-2.822922">
        <ele>224.4</ele>
      </trkpt>
      <trkpt lat="55.524406" lon="-2.823083">
        <ele>224.2</ele>
      </trkpt>
      <trkpt lat="55.524426" lon="-2.823286">
        <ele>223.2</ele>
      </trkpt>
      <trkpt lat="55.524429" lon="-2.823488">
        <ele>222.8</ele>
      </trkpt>
      <trkpt lat="55.524429" lon="-2.823687">
        <ele>222.0</ele>
      </trkpt>
      <trkpt lat="55.524418" lon="-2.823883">
        <ele>221.2</ele>
      </trkpt>
      <trkpt lat="55.52441" lon="-2.824077">
        <ele>221.0</ele>
      </trkpt>
      <trkpt lat="55.524406" lon="-2.824271">
        <ele>220.4</ele>
      </trkpt>
      <trkpt lat="55.524403" lon="-2.824463">
        <ele>220.0</ele>
      </trkpt>
      <trkpt lat="55.524414" lon="-2.824652">
        <ele>219.2</ele>
      </trkpt>
      <trkpt lat="55.524441" lon="-2.824833">
        <ele>219.0</ele>
      </trkpt>
      <trkpt lat="55.52449" lon="-2.824993">
        <ele>218.4</ele>
      </trkpt>
      <trkpt lat="55.52457" lon="-2.825112">
        <ele>218.0</ele>
      </trkpt>
      <trkpt lat="55.524662" lon="-2.825196">
        <ele>217.6</ele>
      </trkpt>
      <trkpt lat="55.524773" lon="-2.825247">
        <ele>217.4</ele>
      </trkpt>
      <trkpt lat="55.524887" lon="-2.825284">
        <ele>217.2</ele>
      </trkpt>
      <trkpt lat="55.525002" lon="-2.825338">
        <ele>217.0</ele>
      </trkpt>
      <trkpt lat="55.525101" lon="-2.825413">
        <ele>216.6</ele>
      </trkpt>
      <trkpt lat="55.525185" lon="-2.825503">
        <ele>215.6</ele>
      </trkpt>
      <trkpt lat="55.525246" lon="-2.82561">
        <ele>214.6</ele>
      </trkpt>
      <trkpt lat="55.525291" lon="-2.825729">
        <ele>214.0</ele>
      </trkpt>
      <trkpt lat="55.525326" lon="-2.825842">
        <ele>213.6</ele>
      </trkpt>
      <trkpt lat="55.525356" lon="-2.825939">
        <ele>213.4</ele>
      </trkpt>
      <trkpt lat="55.525391" lon="-2.826018">
        <ele>213.2</ele>
      </trkpt>
      <trkpt lat="55.525433" lon="-2.826066">
        <ele>212.8</ele>
      </trkpt>
      <trkpt lat="55.525482" lon="-2.826074">
        <ele>212.8</ele>
      </trkpt>
      <trkpt lat="55.525543" lon="-2.826056">
        <ele>212.6</ele>
      </trkpt>
      <trkpt lat="55.525608" lon="-2.826038">
        <ele>212.4</ele>
      </trkpt>
      <trkpt lat="55.525677" lon="-2.826025">
        <ele>212.4</ele>
      </trkpt>
      <trkpt lat="55.525761" lon="-2.826012">
        <ele>212.4</ele>
      </trkpt>
      <trkpt lat="55.525822" lon="-2.826001">
        <ele>212.2</ele>
      </trkpt>
      <trkpt lat="55.525898" lon="-2.825988">
        <ele>212.0</ele>
      </trkpt>
      <trkpt lat="55.525974" lon="-2.825978">
        <ele>212.0</ele>
      </trkpt>
      <trkpt lat="55.526054" lon="-2.825969">
        <ele>212.0</ele>
      </trkpt>
      <trkpt lat="55.526138" lon="-2.825958">
        <ele>212.0</ele>
      </trkpt>
      <trkpt lat="55.526222" lon="-2.825949">
        <ele>212.0</ele>
      </trkpt>
      <trkpt lat="55.526306" lon="-2.825938">
        <ele>211.8</ele>
      </trkpt>
      <trkpt lat="55.52639" lon="-2.825928">
        <ele>211.8</ele>
      </trkpt>
      <trkpt lat="55.526482" lon="-2.825921">
        <ele>211.8</ele>
      </trkpt>
      <trkpt lat="55.526569" lon="-2.825918">
        <ele>211.8</ele>
      </trkpt>
      <trkpt lat="55.526569" lon="-2.825918">
        <ele>211.8</ele>
      </trkpt>
      <trkpt lat="55.526714" lon="-2.825914">
        <ele>211.8</ele>
      </trkpt>
      <trkpt lat="55.52681" lon="-2.82591">
        <ele>211.8</ele>
      </trkpt>
      <trkpt lat="55.526955" lon="-2.825907">
        <ele>211.6</ele>
      </trkpt>
      <trkpt lat="55.527023" lon="-2.825911">
        <ele>211.6</ele>
      </trkpt>
      <trkpt lat="55.527111" lon="-2.825917">
        <ele>211.6</ele>
      </trkpt>
      <trkpt lat="55.527199" lon="-2.825923">
        <ele>211.6</ele>
      </trkpt>
      <trkpt lat="55.527283" lon="-2.825928">
        <ele>211.6</ele>
      </trkpt>
      <trkpt lat="55.52739" lon="-2.825939">
        <ele>211.6</ele>
      </trkpt>
      <trkpt lat="55.527473" lon="-2.825953">
        <ele>211.6</ele>
      </trkpt>
      <trkpt lat="55.527542" lon="-2.825966">
        <ele>211.6</ele>
      </trkpt>
      <trkpt lat="55.527645" lon="-2.825983">
        <ele>211.4</ele>
      </trkpt>
      <trkpt lat="55.527729" lon="-2.825998">
        <ele>211.4</ele>
      </trkpt>
      <trkpt lat="55.527794" lon="-2.82601">
        <ele>211.4</ele>
      </trkpt>
      <trkpt lat="55.527874" lon="-2.826022">
        <ele>211.4</ele>
      </trkpt>
      <trkpt lat="55.527958" lon="-2.826036">
        <ele>211.2</ele>
      </trkpt>
      <trkpt lat="55.528042" lon="-2.826053">
        <ele>211.2</ele>
      </trkpt>
      <trkpt lat="55.528122" lon="-2.826066">
        <ele>211.2</ele>
      </trkpt>
      <trkpt lat="55.528221" lon="-2.826084">
        <ele>211.2</ele>
      </trkpt>
      <trkpt lat="55.528286" lon="-2.826098">
        <ele>211.0</ele>
      </trkpt>
      <trkpt lat="55.528385" lon="-2.826114">
        <ele>211.0</ele>
      </trkpt>
      <trkpt lat="55.528469" lon="-2.826126">
        <ele>211.0</ele>
      </trkpt>
      <trkpt lat="55.528549" lon="-2.826136">
        <ele>211.0</ele>
      </trkpt>
      <trkpt lat="55.528614" lon="-2.826143">
        <ele>210.8</ele>
      </trkpt>
      <trkpt lat="55.52869" lon="-2.826156">
        <ele>210.8</ele>
      </trkpt>
      <trkpt lat="55.528786" lon="-2.826175">
        <ele>210.8</ele>
      </trkpt>
      <trkpt lat="55.528866" lon="-2.826188">
        <ele>210.8</ele>
      </trkpt>
      <trkpt lat="55.528942" lon="-2.826201">
        <ele>210.8</ele>
      </trkpt>
      <trkpt lat="55.529007" lon="-2.826211">
        <ele>210.6</ele>
      </trkpt>
      <trkpt lat="55.529087" lon="-2.826221">
        <ele>210.8</ele>
      </trkpt>
      <trkpt lat="55.529182" lon="-2.826227">
        <ele>210.6</ele>
      </trkpt>
      <trkpt lat="55.529243" lon="-2.826226">
        <ele>210.6</ele>
      </trkpt>
      <trkpt lat="55.529343" lon="-2.826234">
        <ele>210.4</ele>
      </trkpt>
      <trkpt lat="55.529404" lon="-2.826245">
        <ele>210.4</ele>
      </trkpt>
      <trkpt lat="55.529503" lon="-2.826264">
        <ele>210.2</ele>
      </trkpt>
      <trkpt lat="55.529568" lon="-2.826279">
        <ele>210.2</ele>
      </trkpt>
      <trkpt lat="55.529652" lon="-2.826304">
        <ele>210.0</ele>
      </trkpt>
      <trkpt lat="55.529732" lon="-2.826327">
        <ele>210.0</ele>
      </trkpt>
      <trkpt lat="55.529812" lon="-2.826343">
        <ele>210.0</ele>
      </trkpt>
      <trkpt lat="55.529892" lon="-2.826358">
        <ele>210.0</ele>
      </trkpt>
      <trkpt lat="55.529976" lon="-2.826374">
        <ele>210.0</ele>
      </trkpt>
      <trkpt lat="55.530056" lon="-2.826389">
        <ele>210.0</ele>
      </trkpt>
      <trkpt lat="55.530136" lon="-2.826406">
        <ele>210.0</ele>
      </trkpt>
      <trkpt lat="55.530216" lon="-2.826421">
        <ele>210.0</ele>
      </trkpt>
      <trkpt lat="55.530296" lon="-2.826434">
        <ele>210.0</ele>
      </trkpt>
      <trkpt lat="55.53038" lon="-2.826444">
        <ele>210.0</ele>
      </trkpt>
      <trkpt lat="55.53046" lon="-2.826462">
        <ele>210.0</ele>
      </trkpt>
      <trkpt lat="55.530556" lon="-2.826481">
        <ele>210.0</ele>
      </trkpt>
      <trkpt lat="55.53064" lon="-2.826496">
        <ele>209.8</ele>
      </trkpt>
      <trkpt lat="55.530724" lon="-2.826511">
        <ele>209.8</ele>
      </trkpt>
      <trkpt lat="55.530804" lon="-2.826526">
        <ele>209.6</ele>
      </trkpt>
      <trkpt lat="55.530888" lon="-2.826538">
        <ele>209.6</ele>
      </trkpt>
      <trkpt lat="55.530975" lon="-2.82655">
        <ele>209.4</ele>
      </trkpt>
      <trkpt lat="55.531059" lon="-2.826565">
        <ele>209.4</ele>
      </trkpt>
      <trkpt lat="55.531147" lon="-2.826581">
        <ele>209.2</ele>
      </trkpt>
      <trkpt lat="55.531231" lon="-2.826595">
        <ele>209.0</ele>
      </trkpt>
      <trkpt lat="55.531315" lon="-2.826612">
        <ele>209.0</ele>
      </trkpt>
      <trkpt lat="55.531403" lon="-2.826626">
        <ele>208.8</ele>
      </trkpt>
      <trkpt lat="55.531471" lon="-2.826639">
        <ele>208.6</ele>
      </trkpt>
      <trkpt lat="55.531559" lon="-2.826656">
        <ele>208.6</ele>
      </trkpt>
      <trkpt lat="55.531647" lon="-2.826667">
        <ele>208.4</ele>
      </trkpt>
      <trkpt lat="55.531738" lon="-2.82668">
        <ele>208.2</ele>
      </trkpt>
      <trkpt lat="55.531845" lon="-2.826699">
        <ele>207.8</ele>
      </trkpt>
      <trkpt lat="55.531933" lon="-2.826719">
        <ele>207.6</ele>
      </trkpt>
      <trkpt lat="55.531933" lon="-2.826719">
        <ele>207.4</ele>
      </trkpt>
      <trkpt lat="55.532078" lon="-2.826744">
        <ele>207.2</ele>
      </trkpt>
      <trkpt lat="55.53215" lon="-2.826758">
        <ele>207.2</ele>
      </trkpt>
      <trkpt lat="55.532295" lon="-2.826782">
        <ele>207.0</ele>
      </trkpt>
      <trkpt lat="55.532387" lon="-2.826799">
        <ele>207.0</ele>
      </trkpt>
      <trkpt lat="55.532478" lon="-2.826815">
        <ele>206.8</ele>
      </trkpt>
      <trkpt lat="55.532574" lon="-2.826832">
        <ele>206.6</ele>
      </trkpt>
      <trkpt lat="55.532665" lon="-2.82685">
        <ele>206.6</ele>
      </trkpt>
      <trkpt lat="55.532757" lon="-2.826869">
        <ele>206.4</ele>
      </trkpt>
      <trkpt lat="55.532852" lon="-2.826887">
        <ele>206.2</ele>
      </trkpt>
      <trkpt lat="55.532928" lon="-2.8269">
        <ele>206.0</ele>
      </trkpt>
      <trkpt lat="55.533024" lon="-2.826916">
        <ele>205.8</ele>
      </trkpt>
      <trkpt lat="55.533134" lon="-2.826936">
        <ele>205.8</ele>
      </trkpt>
      <trkpt lat="55.533226" lon="-2.826947">
        <ele>205.6</ele>
      </trkpt>
      <trkpt lat="55.533298" lon="-2.826957">
        <ele>205.4</ele>
      </trkpt>
      <trkpt lat="55.533409" lon="-2.826975">
        <ele>205.2</ele>
      </trkpt>
      <trkpt lat="55.533497" lon="-2.826991">
        <ele>205.0</ele>
      </trkpt>
      <trkpt lat="55.533585" lon="-2.827007">
        <ele>204.8</ele>
      </trkpt>
      <trkpt lat="55.533676" lon="-2.827024">
        <ele>204.4</ele>
      </trkpt>
      <trkpt lat="55.533768" lon="-2.827041">
        <ele>204.2</ele>
      </trkpt>
      <trkpt lat="55.533859" lon="-2.827059">
        <ele>203.8</ele>
      </trkpt>
      <trkpt lat="55.533951" lon="-2.82708">
        <ele>203.6</ele>
      </trkpt>
      <trkpt lat="55.534042" lon="-2.827101">
        <ele>203.4</ele>
      </trkpt>
      <trkpt lat="55.53413" lon="-2.827126">
        <ele>203.2</ele>
      </trkpt>
      <trkpt lat="55.534203" lon="-2.827146">
        <ele>203.0</ele>
      </trkpt>
      <trkpt lat="55.53429" lon="-2.827173">
        <ele>202.8</ele>
      </trkpt>
      <trkpt lat="55.534378" lon="-2.827206">
        <ele>202.6</ele>
      </trkpt>
      <trkpt lat="55.534466" lon="-2.827241">
        <ele>202.4</ele>
      </trkpt>
      <trkpt lat="55.53455" lon="-2.827281">
        <ele>202.4</ele>
      </trkpt>
      <trkpt lat="55.534634" lon="-2.82732">
        <ele>202.4</ele>
      </trkpt>
      <trkpt lat="55.534733" lon="-2.827372">
        <ele>202.2</ele>
      </trkpt>
      <trkpt lat="55.534801" lon="-2.827411">
        <ele>202.2</ele>
      </trkpt>
      <trkpt lat="55.534878" lon="-2.827462">
        <ele>202.2</ele>
      </trkpt>
      <trkpt lat="55.534954" lon="-2.827513">
        <ele>202.2</ele>
      </trkpt>
      <trkpt lat="55.53503" lon="-2.827563">
        <ele>202.2</ele>
      </trkpt>
      <trkpt lat="55.535107" lon="-2.827613">
        <ele>202.4</ele>
      </trkpt>
      <trkpt lat="55.535194" lon="-2.827676">
        <ele>202.4</ele>
      </trkpt>
      <trkpt lat="55.535252" lon="-2.82772">
        <ele>202.6</ele>
      </trkpt>
      <trkpt lat="55.53532" lon="-2.827775">
        <ele>202.6</ele>
      </trkpt>
      <trkpt lat="55.5354" lon="-2.827843">
        <ele>202.8</ele>
      </trkpt>
      <trkpt lat="55.53545" lon="-2.827888">
        <ele>203.0</ele>
      </trkpt>
      <trkpt lat="55.535515" lon="-2.827941">
        <ele>203.0</ele>
      </trkpt>
      <trkpt lat="55.535576" lon="-2.827997">
        <ele>203.2</ele>
      </trkpt>
      <trkpt lat="55.535633" lon="-2.82806">
        <ele>203.2</ele>
      </trkpt>
      <trkpt lat="55.535698" lon="-2.828133">
        <ele>203.4</ele>
      </trkpt>
      <trkpt lat="55.535751" lon="-2.828192">
        <ele>203.4</ele>
      </trkpt>
      <trkpt lat="55.535805" lon="-2.828252">
        <ele>203.8</ele>
      </trkpt>
      <trkpt lat="55.535858" lon="-2.82831">
        <ele>204.0</ele>
      </trkpt>
      <trkpt lat="55.535912" lon="-2.828371">
        <ele>204.0</ele>
      </trkpt>
      <trkpt lat="55.535961" lon="-2.828437">
        <ele>204.4</ele>
      </trkpt>
      <trkpt lat="55.536011" lon="-2.8285">
        <ele>204.6</ele>
      </trkpt>
      <trkpt lat="55.536064" lon="-2.82856">
        <ele>204.8</ele>
      </trkpt>
      <trkpt lat="55.536118" lon="-2.828621">
        <ele>205.0</ele>
      </trkpt>
      <trkpt lat="55.536167" lon="-2.828684">
        <ele>205.2</ele>
      </trkpt>
      <trkpt lat="55.536217" lon="-2.828748">
        <ele>205.4</ele>
      </trkpt>
      <trkpt lat="55.536263" lon="-2.82881">
        <ele>205.4</ele>
      </trkpt>
      <trkpt lat="55.536301" lon="-2.828861">
        <ele>205.6</ele>
      </trkpt>
      <trkpt lat="55.53635" lon="-2.828924">
        <ele>206.0</ele>
      </trkpt>
      <trkpt lat="55.536404" lon="-2.828998">
        <ele>206.4</ele>
      </trkpt>
      <trkpt lat="55.536404" lon="-2.828998">
        <ele>206.8</ele>
      </trkpt>
      <trkpt lat="55.536442" lon="-2.829049">
        <ele>207.0</ele>
      </trkpt>
      <trkpt lat="55.536526" lon="-2.829159">
        <ele>207.2</ele>
      </trkpt>
      <trkpt lat="55.536564" lon="-2.829207">
        <ele>207.4</ele>
      </trkpt>
      <trkpt lat="55.536636" lon="-2.829308">
        <ele>207.8</ele>
      </trkpt>
      <trkpt lat="55.536686" lon="-2.82937">
        <ele>208.2</ele>
      </trkpt>
      <trkpt lat="55.536732" lon="-2.829433">
        <ele>208.2</ele>
      </trkpt>
      <trkpt lat="55.536777" lon="-2.829495">
        <ele>208.6</ele>
      </trkpt>
      <trkpt lat="55.536823" lon="-2.829554">
        <ele>208.8</ele>
      </trkpt>
      <trkpt lat="55.536865" lon="-2.829619">
        <ele>209.0</ele>
      </trkpt>
      <trkpt lat="55.536911" lon="-2.829686">
        <ele>209.2</ele>
      </trkpt>
      <trkpt lat="55.536945" lon="-2.82974">
        <ele>209.4</ele>
      </trkpt>
      <trkpt lat="55.536987" lon="-2.829806">
        <ele>209.8</ele>
      </trkpt>
      <trkpt lat="55.537041" lon="-2.829882">
        <ele>209.8</ele>
      </trkpt>
      <trkpt lat="55.537086" lon="-2.829942">
        <ele>210.2</ele>
      </trkpt>
      <trkpt lat="55.537132" lon="-2.830002">
        <ele>210.4</ele>
      </trkpt>
      <trkpt lat="55.53717" lon="-2.830051">
        <ele>210.8</ele>
      </trkpt>
      <trkpt lat="55.537224" lon="-2.830127">
        <ele>211.4</ele>
      </trkpt>
      <trkpt lat="55.537266" lon="-2.830188">
        <ele>211.6</ele>
      </trkpt>
      <trkpt lat="55.537312" lon="-2.830247">
        <ele>212.2</ele>
      </trkpt>
      <trkpt lat="55.537357" lon="-2.830306">
        <ele>212.4</ele>
      </trkpt>
      <trkpt lat="55.537395" lon="-2.830353">
        <ele>212.8</ele>
      </trkpt>
      <trkpt lat="55.537453" lon="-2.830424">
        <ele>213.0</ele>
      </trkpt>
      <trkpt lat="55.537498" lon="-2.830485">
        <ele>213.4</ele>
      </trkpt>
      <trkpt lat="55.537537" lon="-2.830534">
        <ele>213.6</ele>
      </trkpt>
      <trkpt lat="55.537582" lon="-2.830595">
        <ele>213.6</ele>
      </trkpt>
      <trkpt lat="55.537628" lon="-2.830658">
        <ele>214.2</ele>
      </trkpt>
      <trkpt lat="55.537685" lon="-2.830731">
        <ele>214.6</ele>
      </trkpt>
      <trkpt lat="55.537731" lon="-2.83079">
        <ele>214.8</ele>
      </trkpt>
      <trkpt lat="55.537769" lon="-2.830838">
        <ele>215.2</ele>
      </trkpt>
      <trkpt lat="55.537823" lon="-2.830911">
        <ele>215.4</ele>
      </trkpt>
      <trkpt lat="55.537868" lon="-2.830972">
        <ele>216.0</ele>
      </trkpt>
      <trkpt lat="55.537918" lon="-2.831033">
        <ele>216.2</ele>
      </trkpt>
      <trkpt lat="55.537964" lon="-2.831093">
        <ele>216.8</ele>
      </trkpt>
      <trkpt lat="55.53801" lon="-2.831151">
        <ele>217.0</ele>
      </trkpt>
      <trkpt lat="55.538055" lon="-2.831211">
        <ele>217.2</ele>
      </trkpt>
      <trkpt lat="55.538101" lon="-2.831272">
        <ele>217.6</ele>
      </trkpt>
      <trkpt lat="55.538151" lon="-2.831334">
        <ele>217.8</ele>
      </trkpt>
      <trkpt lat="55.538197" lon="-2.831392">
        <ele>218.0</ele>
      </trkpt>
      <trkpt lat="55.538246" lon="-2.831445">
        <ele>218.2</ele>
      </trkpt>
      <trkpt lat="55.538296" lon="-2.831498">
        <ele>218.6</ele>
      </trkpt>
      <trkpt lat="55.538342" lon="-2.831552">
        <ele>219.0</ele>
      </trkpt>
      <trkpt lat="55.538376" lon="-2.831595">
        <ele>219.0</ele>
      </trkpt>
      <trkpt lat="55.538425" lon="-2.831647">
        <ele>219.4</ele>
      </trkpt>
      <trkpt lat="55.538475" lon="-2.831694">
        <ele>219.6</ele>
      </trkpt>
      <trkpt lat="55.538528" lon="-2.83174">
        <ele>220.0</ele>
      </trkpt>
      <trkpt lat="55.538578" lon="-2.831785">
        <ele>220.2</ele>
      </trkpt>
      <trkpt lat="55.538631" lon="-2.831828">
        <ele>220.4</ele>
      </trkpt>
      <trkpt lat="55.538681" lon="-2.831874">
        <ele>221.0</ele>
      </trkpt>
      <trkpt lat="55.538734" lon="-2.83192">
        <ele>221.2</ele>
      </trkpt>
      <trkpt lat="55.538788" lon="-2.831963">
        <ele>221.6</ele>
      </trkpt>
      <trkpt lat="55.538841" lon="-2.832004">
        <ele>221.8</ele>
      </trkpt>
      <trkpt lat="55.538895" lon="-2.832045">
        <ele>222.2</ele>
      </trkpt>
      <trkpt lat="55.538948" lon="-2.832086">
        <ele>222.8</ele>
      </trkpt>
      <trkpt lat="55.539005" lon="-2.832126">
        <ele>223.0</ele>
      </trkpt>
      <trkpt lat="55.539055" lon="-2.832164">
        <ele>223.4</ele>
      </trkpt>
      <trkpt lat="55.539112" lon="-2.832203">
        <ele>223.6</ele>
      </trkpt>
      <trkpt lat="55.539165" lon="-2.832242">
        <ele>224.2</ele>
      </trkpt>
      <trkpt lat="55.539219" lon="-2.832276">
        <ele>224.4</ele>
      </trkpt>
      <trkpt lat="55.539276" lon="-2.832309">
        <ele>224.8</ele>
      </trkpt>
      <trkpt lat="55.539345" lon="-2.832347">
        <ele>225.2</ele>
      </trkpt>
      <trkpt lat="55.539345" lon="-2.832347">
        <ele>225.2</ele>
      </trkpt>
      <trkpt lat="55.539436" lon="-2.832399">
        <ele>225.8</ele>
      </trkpt>
      <trkpt lat="55.539482" lon="-2.832425">
        <ele>225.8</ele>
      </trkpt>
      <trkpt lat="55.539577" lon="-2.832467">
        <ele>226.2</ele>
      </trkpt>
      <trkpt lat="55.539627" lon="-2.832488">
        <ele>226.6</ele>
      </trkpt>
      <trkpt lat="55.539692" lon="-2.832512">
        <ele>226.6</ele>
      </trkpt>
      <trkpt lat="55.539757" lon="-2.832535">
        <ele>227.0</ele>
      </trkpt>
      <trkpt lat="55.539822" lon="-2.832558">
        <ele>227.2</ele>
      </trkpt>
      <trkpt lat="55.539886" lon="-2.832578">
        <ele>227.4</ele>
      </trkpt>
      <trkpt lat="55.539951" lon="-2.832596">
        <ele>227.6</ele>
      </trkpt>
      <trkpt lat="55.540016" lon="-2.832611">
        <ele>228.0</ele>
      </trkpt>
      <trkpt lat="55.540077" lon="-2.832623">
        <ele>228.4</ele>
      </trkpt>
      <trkpt lat="55.540138" lon="-2.832636">
        <ele>228.4</ele>
      </trkpt>
      <trkpt lat="55.540203" lon="-2.832649">
        <ele>228.6</ele>
      </trkpt>
      <trkpt lat="55.540264" lon="-2.832662">
        <ele>228.6</ele>
      </trkpt>
      <trkpt lat="55.540333" lon="-2.832675">
        <ele>228.8</ele>
      </trkpt>
      <trkpt lat="55.540398" lon="-2.832684">
        <ele>228.8</ele>
      </trkpt>
      <trkpt lat="55.540466" lon="-2.832686">
        <ele>228.8</ele>
      </trkpt>
      <trkpt lat="55.540535" lon="-2.832689">
        <ele>228.8</ele>
      </trkpt>
      <trkpt lat="55.540607" lon="-2.832696">
        <ele>228.8</ele>
      </trkpt>
      <trkpt lat="55.54068" lon="-2.832707">
        <ele>228.6</ele>
      </trkpt>
      <trkpt lat="55.540752" lon="-2.83272">
        <ele>228.6</ele>
      </trkpt>
      <trkpt lat="55.540833" lon="-2.832731">
        <ele>228.4</ele>
      </trkpt>
      <trkpt lat="55.540909" lon="-2.832741">
        <ele>228.0</ele>
      </trkpt>
      <trkpt lat="55.540989" lon="-2.832747">
        <ele>227.8</ele>
      </trkpt>
      <trkpt lat="55.541088" lon="-2.832753">
        <ele>227.6</ele>
      </trkpt>
      <trkpt lat="55.541176" lon="-2.832758">
        <ele>227.4</ele>
      </trkpt>
      <trkpt lat="55.541264" lon="-2.832767">
        <ele>227.0</ele>
      </trkpt>
      <trkpt lat="55.541355" lon="-2.832775">
        <ele>226.8</ele>
      </trkpt>
      <trkpt lat="55.541451" lon="-2.832786">
        <ele>226.6</ele>
      </trkpt>
      <trkpt lat="55.541546" lon="-2.832798">
        <ele>226.0</ele>
      </trkpt>
      <trkpt lat="55.541645" lon="-2.832807">
        <ele>225.8</ele>
      </trkpt>
      <trkpt lat="55.541744" lon="-2.832812">
        <ele>225.4</ele>
      </trkpt>
      <trkpt lat="55.541847" lon="-2.832819">
        <ele>225.0</ele>
      </trkpt>
      <trkpt lat="55.54195" lon="-2.832828">
        <ele>224.2</ele>
      </trkpt>
      <trkpt lat="55.542053" lon="-2.832834">
        <ele>224.0</ele>
      </trkpt>
      <trkpt lat="55.542145" lon="-2.832837">
        <ele>223.6</ele>
      </trkpt>
      <trkpt lat="55.542225" lon="-2.832842">
        <ele>222.8</ele>
      </trkpt>
      <trkpt lat="55.542282" lon="-2.832845">
        <ele>222.4</ele>
      </trkpt>
      <trkpt lat="55.542355" lon="-2.832847">
        <ele>221.8</ele>
      </trkpt>
      <trkpt lat="55.5424" lon="-2.832847">
        <ele>220.8</ele>
      </trkpt>
      <trkpt lat="55.542431" lon="-2.832849">
        <ele>220.4</ele>
      </trkpt>
      <trkpt lat="55.542454" lon="-2.832858">
        <ele>219.6</ele>
      </trkpt>
      <trkpt lat="55.542461" lon="-2.832867">
        <ele>219.2</ele>
      </trkpt>
      <trkpt lat="55.542461" lon="-2.832867">
        <ele>218.4</ele>
      </trkpt>
      <trkpt lat="55.542461" lon="-2.832867">
        <ele>218.0</ele>
      </trkpt>
      <trkpt lat="55.54248" lon="-2.8329">
        <ele>215.8</ele>
      </trkpt>
      <trkpt lat="55.542511" lon="-2.832929">
        <ele>215.8</ele>
      </trkpt>
      <trkpt lat="55.542553" lon="-2.832954">
        <ele>215.6</ele>
      </trkpt>
      <trkpt lat="55.54261" lon="-2.832968">
        <ele>215.6</ele>
      </trkpt>
      <trkpt lat="55.542675" lon="-2.832967">
        <ele>215.6</ele>
      </trkpt>
      <trkpt lat="55.542747" lon="-2.832952">
        <ele>215.4</ele>
      </trkpt>
      <trkpt lat="55.542824" lon="-2.832929">
        <ele>215.4</ele>
      </trkpt>
      <trkpt lat="55.542904" lon="-2.832893">
        <ele>215.2</ele>
      </trkpt>
      <trkpt lat="55.542988" lon="-2.832847">
        <ele>215.2</ele>
      </trkpt>
      <trkpt lat="55.543079" lon="-2.832788">
        <ele>215.0</ele>
      </trkpt>
      <trkpt lat="55.543167" lon="-2.832714">
        <ele>214.4</ele>
      </trkpt>
      <trkpt lat="55.543255" lon="-2.832627">
        <ele>214.0</ele>
      </trkpt>
      <trkpt lat="55.543343" lon="-2.832529">
        <ele>213.6</ele>
      </trkpt>
      <trkpt lat="55.543427" lon="-2.832426">
        <ele>213.2</ele>
      </trkpt>
      <trkpt lat="55.54351" lon="-2.832326">
        <ele>213.0</ele>
      </trkpt>
      <trkpt lat="55.543602" lon="-2.832228">
        <ele>212.4</ele>
      </trkpt>
      <trkpt lat="55.54369" lon="-2.83213">
        <ele>212.2</ele>
      </trkpt>
      <trkpt lat="55.543781" lon="-2.832032">
        <ele>211.8</ele>
      </trkpt>
      <trkpt lat="55.543873" lon="-2.831934">
        <ele>211.4</ele>
      </trkpt>
      <trkpt lat="55.543968" lon="-2.831843">
        <ele>210.8</ele>
      </trkpt>
      <trkpt lat="55.544067" lon="-2.831767">
        <ele>210.4</ele>
      </trkpt>
      <trkpt lat="55.54417" lon="-2.83171">
        <ele>210.2</ele>
      </trkpt>
      <trkpt lat="55.544281" lon="-2.831667">
        <ele>209.6</ele>
      </trkpt>
      <trkpt lat="55.544388" lon="-2.83164">
        <ele>209.2</ele>
      </trkpt>
      <trkpt lat="55.544498" lon="-2.831617">
        <ele>208.8</ele>
      </trkpt>
      <trkpt lat="55.544609" lon="-2.831592">
        <ele>208.4</ele>
      </trkpt>
      <trkpt lat="55.54472" lon="-2.831566">
        <ele>208.2</ele>
      </trkpt>
      <trkpt lat="55.544834" lon="-2.831544">
        <ele>208.0</ele>
      </trkpt>
      <trkpt lat="55.544945" lon="-2.831522">
        <ele>207.8</ele>
      </trkpt>
      <trkpt lat="55.545059" lon="-2.831499">
        <ele>207.4</ele>
      </trkpt>
      <trkpt lat="55.545174" lon="-2.831474">
        <ele>207.4</ele>
      </trkpt>
      <trkpt lat="55.545284" lon="-2.831448">
        <ele>207.0</ele>
      </trkpt>
      <trkpt lat="55.545399" lon="-2.831421">
        <ele>206.6</ele>
      </trkpt>
      <trkpt lat="55.545509" lon="-2.831393">
        <ele>206.4</ele>
      </trkpt>
      <trkpt lat="55.545616" lon="-2.831369">
        <ele>206.2</ele>
      </trkpt>
      <trkpt lat="55.545723" lon="-2.831347">
        <ele>205.8</ele>
      </trkpt>
      <trkpt lat="55.54583" lon="-2.831328">
        <ele>205.4</ele>
      </trkpt>
      <trkpt lat="55.545933" lon="-2.831316">
        <ele>205.2</ele>
      </trkpt>
      <trkpt lat="55.546059" lon="-2.831316">
        <ele>205.0</ele>
      </trkpt>
      <trkpt lat="55.546162" lon="-2.831342">
        <ele>204.6</ele>
      </trkpt>
      <trkpt lat="55.546265" lon="-2.831392">
        <ele>204.6</ele>
      </trkpt>
      <trkpt lat="55.54636" lon="-2.83147">
        <ele>204.2</ele>
      </trkpt>
      <trkpt lat="55.546452" lon="-2.831569">
        <ele>204.0</ele>
      </trkpt>
      <trkpt lat="55.546535" lon="-2.831678">
        <ele>203.4</ele>
      </trkpt>
      <trkpt lat="55.546619" lon="-2.831794">
        <ele>203.0</ele>
      </trkpt>
      <trkpt lat="55.5467" lon="-2.831917">
        <ele>202.8</ele>
      </trkpt>
      <trkpt lat="55.54678" lon="-2.832049">
        <ele>202.4</ele>
      </trkpt>
      <trkpt lat="55.546841" lon="-2.832157">
        <ele>202.2</ele>
      </trkpt>
      <trkpt lat="55.546913" lon="-2.832297">
        <ele>201.6</ele>
      </trkpt>
      <trkpt lat="55.546986" lon="-2.832441">
        <ele>201.0</ele>
      </trkpt>
      <trkpt lat="55.547062" lon="-2.832584">
        <ele>200.8</ele>
      </trkpt>
      <trkpt lat="55.547138" lon="-2.832726">
        <ele>200.0</ele>
      </trkpt>
      <trkpt lat="55.54723" lon="-2.832891">
        <ele>199.4</ele>
      </trkpt>
      <trkpt lat="55.547314" lon="-2.83302">
        <ele>198.6</ele>
      </trkpt>
      <trkpt lat="55.547401" lon="-2.833138">
        <ele>198.4</ele>
      </trkpt>
      <trkpt lat="55.547493" lon="-2.833246">
        <ele>198.0</ele>
      </trkpt>
      <trkpt lat="55.547588" lon="-2.833344">
        <ele>197.4</ele>
      </trkpt>
      <trkpt lat="55.547684" lon="-2.833439">
        <ele>197.0</ele>
      </trkpt>
      <trkpt lat="55.547775" lon="-2.833535">
        <ele>196.4</ele>
      </trkpt>
      <trkpt lat="55.547871" lon="-2.833628">
        <ele>196.2</ele>
      </trkpt>
      <trkpt lat="55.547943" lon="-2.833701">
        <ele>195.6</ele>
      </trkpt>
      <trkpt lat="55.548035" lon="-2.833795">
        <ele>195.0</ele>
      </trkpt>
      <trkpt lat="55.548122" lon="-2.833893">
        <ele>194.8</ele>
      </trkpt>
      <trkpt lat="55.548206" lon="-2.833997">
        <ele>194.2</ele>
      </trkpt>
      <trkpt lat="55.54829" lon="-2.834115">
        <ele>194.0</ele>
      </trkpt>
      <trkpt lat="55.548363" lon="-2.834251">
        <ele>193.8</ele>
      </trkpt>
      <trkpt lat="55.548424" lon="-2.834406">
        <ele>193.6</ele>
      </trkpt>
      <trkpt lat="55.548473" lon="-2.834575">
        <ele>192.8</ele>
      </trkpt>
      <trkpt lat="55.548515" lon="-2.834755">
        <ele>192.2</ele>
      </trkpt>
      <trkpt lat="55.54855" lon="-2.834939">
        <ele>192.0</ele>
      </trkpt>
      <trkpt lat="55.548573" lon="-2.835133">
        <ele>191.6</ele>
      </trkpt>
      <trkpt lat="55.548584" lon="-2.835329">
        <ele>191.2</ele>
      </trkpt>
      <trkpt lat="55.54858" lon="-2.835569">
        <ele>190.2</ele>
      </trkpt>
      <trkpt lat="55.548561" lon="-2.835729">
        <ele>189.4</ele>
      </trkpt>
      <trkpt lat="55.548515" lon="-2.835923">
        <ele>189.0</ele>
      </trkpt>
      <trkpt lat="55.548458" lon="-2.836106">
        <ele>188.6</ele>
      </trkpt>
      <trkpt lat="55.548382" lon="-2.836272">
        <ele>188.4</ele>
      </trkpt>
      <trkpt lat="55.548298" lon="-2.836426">
        <ele>187.8</ele>
      </trkpt>
      <trkpt lat="55.548214" lon="-2.836571">
        <ele>187.4</ele>
      </trkpt>
      <trkpt lat="55.548134" lon="-2.836714">
        <ele>186.4</ele>
      </trkpt>
      <trkpt lat="55.548134" lon="-2.836714">
        <ele>185.6</ele>
      </trkpt>
      <trkpt lat="55.547981" lon="-2.836968">
        <ele>185.2</ele>
      </trkpt>
      <trkpt lat="55.547909" lon="-2.837078">
        <ele>184.8</ele>
      </trkpt>
      <trkpt lat="55.547771" lon="-2.83729">
        <ele>184.6</ele>
      </trkpt>
      <trkpt lat="55.547703" lon="-2.837398">
        <ele>183.8</ele>
      </trkpt>
      <trkpt lat="55.547619" lon="-2.837537">
        <ele>183.2</ele>
      </trkpt>
      <trkpt lat="55.547516" lon="-2.837696">
        <ele>182.8</ele>
      </trkpt>
      <trkpt lat="55.547451" lon="-2.837795">
        <ele>182.4</ele>
      </trkpt>
      <trkpt lat="55.547375" lon="-2.837925">
        <ele>182.0</ele>
      </trkpt>
      <trkpt lat="55.54731" lon="-2.838056">
        <ele>180.6</ele>
      </trkpt>
      <trkpt lat="55.547268" lon="-2.8382">
        <ele>180.2</ele>
      </trkpt>
      <trkpt lat="55.54726" lon="-2.838364">
        <ele>179.6</ele>
      </trkpt>
      <trkpt lat="55.547272" lon="-2.838534">
        <ele>179.0</ele>
      </trkpt>
      <trkpt lat="55.547295" lon="-2.8387">
        <ele>178.6</ele>
      </trkpt>
      <trkpt lat="55.547325" lon="-2.838862">
        <ele>177.8</ele>
      </trkpt>
      <trkpt lat="55.547356" lon="-2.83902">
        <ele>177.4</ele>
      </trkpt>
      <trkpt lat="55.547394" lon="-2.839169">
        <ele>176.6</ele>
      </trkpt>
      <trkpt lat="55.547424" lon="-2.839312">
        <ele>176.4</ele>
      </trkpt>
      <trkpt lat="55.547459" lon="-2.839454">
        <ele>175.6</ele>
      </trkpt>
      <trkpt lat="55.547489" lon="-2.839588">
        <ele>175.2</ele>
      </trkpt>
      <trkpt lat="55.547516" lon="-2.839706">
        <ele>174.8</ele>
      </trkpt>
      <trkpt lat="55.547539" lon="-2.839814">
        <ele>174.2</ele>
      </trkpt>
      <trkpt lat="55.547565" lon="-2.839926">
        <ele>174.0</ele>
      </trkpt>
      <trkpt lat="55.547592" lon="-2.840033">
        <ele>173.2</ele>
      </trkpt>
      <trkpt lat="55.547619" lon="-2.840134">
        <ele>172.8</ele>
      </trkpt>
      <trkpt lat="55.547642" lon="-2.840232">
        <ele>172.6</ele>
      </trkpt>
      <trkpt lat="55.547668" lon="-2.840328">
        <ele>172.2</ele>
      </trkpt>
      <trkpt lat="55.547691" lon="-2.840415">
        <ele>172.0</ele>
      </trkpt>
      <trkpt lat="55.547714" lon="-2.8405">
        <ele>171.8</ele>
      </trkpt>
      <trkpt lat="55.547737" lon="-2.840587">
        <ele>171.6</ele>
      </trkpt>
      <trkpt lat="55.547729" lon="-2.840683">
        <ele>171.2</ele>
      </trkpt>
      <trkpt lat="55.547699" lon="-2.84077">
        <ele>171.0</ele>
      </trkpt>
      <trkpt lat="55.547653" lon="-2.84084">
        <ele>170.8</ele>
      </trkpt>
      <trkpt lat="55.547604" lon="-2.840903">
        <ele>170.6</ele>
      </trkpt>
      <trkpt lat="55.547554" lon="-2.840964">
        <ele>170.4</ele>
      </trkpt>
      <trkpt lat="55.547504" lon="-2.841026">
        <ele>170.0</ele>
      </trkpt>
      <trkpt lat="55.547455" lon="-2.841093">
        <ele>169.8</ele>
      </trkpt>
      <trkpt lat="55.547405" lon="-2.841164">
        <ele>169.6</ele>
      </trkpt>
      <trkpt lat="55.547356" lon="-2.841241">
        <ele>169.4</ele>
      </trkpt>
      <trkpt lat="55.547302" lon="-2.841318">
        <ele>169.2</ele>
      </trkpt>
      <trkpt lat="55.547256" lon="-2.841396">
        <ele>168.8</ele>
      </trkpt>
      <trkpt lat="55.547207" lon="-2.84148">
        <ele>168.6</ele>
      </trkpt>
      <trkpt lat="55.547169" lon="-2.841573">
        <ele>168.4</ele>
      </trkpt>
      <trkpt lat="55.547142" lon="-2.84168">
        <ele>168.2</ele>
      </trkpt>
      <trkpt lat="55.547115" lon="-2.841793">
        <ele>168.2</ele>
      </trkpt>
      <trkpt lat="55.547073" lon="-2.841902">
        <ele>168.0</ele>
      </trkpt>
      <trkpt lat="55.547024" lon="-2.842006">
        <ele>167.8</ele>
      </trkpt>
      <trkpt lat="55.546974" lon="-2.842113">
        <ele>167.8</ele>
      </trkpt>
      <trkpt lat="55.546928" lon="-2.842229">
        <ele>167.6</ele>
      </trkpt>
      <trkpt lat="55.546883" lon="-2.842351">
        <ele>167.6</ele>
      </trkpt>
      <trkpt lat="55.546837" lon="-2.842476">
        <ele>167.2</ele>
      </trkpt>
      <trkpt lat="55.546783" lon="-2.842593">
        <ele>167.2</ele>
      </trkpt>
      <trkpt lat="55.54673" lon="-2.842712">
        <ele>166.6</ele>
      </trkpt>
      <trkpt lat="55.546677" lon="-2.842833">
        <ele>166.4</ele>
      </trkpt>
      <trkpt lat="55.546627" lon="-2.842956">
        <ele>165.8</ele>
      </trkpt>
      <trkpt lat="55.546577" lon="-2.843077">
        <ele>165.4</ele>
      </trkpt>
      <trkpt lat="55.546528" lon="-2.843197">
        <ele>165.0</ele>
      </trkpt>
      <trkpt lat="55.546471" lon="-2.843319">
        <ele>164.4</ele>
      </trkpt>
      <trkpt lat="55.546413" lon="-2.84344">
        <ele>164.2</ele>
      </trkpt>
      <trkpt lat="55.546356" lon="-2.843557">
        <ele>163.6</ele>
      </trkpt>
      <trkpt lat="55.546299" lon="-2.843677">
        <ele>163.0</ele>
      </trkpt>
      <trkpt lat="55.546242" lon="-2.843799">
        <ele>162.4</ele>
      </trkpt>
      <trkpt lat="55.546185" lon="-2.843925">
        <ele>161.6</ele>
      </trkpt>
      <trkpt lat="55.546131" lon="-2.844058">
        <ele>161.2</ele>
      </trkpt>
      <trkpt lat="55.546082" lon="-2.844193">
        <ele>160.0</ele>
      </trkpt>
      <trkpt lat="55.546032" lon="-2.844337">
        <ele>159.4</ele>
      </trkpt>
      <trkpt lat="55.545982" lon="-2.844478">
        <ele>158.0</ele>
      </trkpt>
      <trkpt lat="55.545944" lon="-2.844623">
        <ele>157.0</ele>
      </trkpt>
      <trkpt lat="55.545918" lon="-2.844781">
        <ele>156.4</ele>
      </trkpt>
      <trkpt lat="55.545906" lon="-2.844949">
        <ele>155.2</ele>
      </trkpt>
      <trkpt lat="55.54591" lon="-2.845122">
        <ele>154.6</ele>
      </trkpt>
      <trkpt lat="55.545921" lon="-2.845301">
        <ele>153.4</ele>
      </trkpt>
      <trkpt lat="55.54594" lon="-2.845484">
        <ele>152.2</ele>
      </trkpt>
      <trkpt lat="55.545971" lon="-2.845663">
        <ele>151.6</ele>
      </trkpt>
      <trkpt lat="55.546001" lon="-2.845838">
        <ele>150.4</ele>
      </trkpt>
      <trkpt lat="55.546036" lon="-2.846009">
        <ele>149.8</ele>
      </trkpt>
      <trkpt lat="55.546066" lon="-2.846184">
        <ele>148.6</ele>
      </trkpt>
      <trkpt lat="55.546101" lon="-2.84637">
        <ele>148.2</ele>
      </trkpt>
      <trkpt lat="55.546131" lon="-2.846561">
        <ele>147.4</ele>
      </trkpt>
      <trkpt lat="55.546162" lon="-2.846752">
        <ele>146.4</ele>
      </trkpt>
      <trkpt lat="55.546188" lon="-2.846935">
        <ele>145.8</ele>
      </trkpt>
      <trkpt lat="55.546215" lon="-2.847111">
        <ele>144.6</ele>
      </trkpt>
      <trkpt lat="55.546238" lon="-2.847281">
        <ele>144.2</ele>
      </trkpt>
      <trkpt lat="55.546265" lon="-2.847449">
        <ele>143.4</ele>
      </trkpt>
      <trkpt lat="55.546295" lon="-2.847611">
        <ele>142.6</ele>
      </trkpt>
      <trkpt lat="55.546326" lon="-2.847761">
        <ele>141.6</ele>
      </trkpt>
      <trkpt lat="55.546371" lon="-2.847885">
        <ele>140.2</ele>
      </trkpt>
      <trkpt lat="55.546432" lon="-2.847983">
        <ele>139.6</ele>
      </trkpt>
      <trkpt lat="55.546505" lon="-2.848061">
        <ele>139.0</ele>
      </trkpt>
      <trkpt lat="55.546585" lon="-2.84811">
        <ele>138.8</ele>
      </trkpt>
      <trkpt lat="55.546665" lon="-2.848131">
        <ele>138.2</ele>
      </trkpt>
      <trkpt lat="55.546749" lon="-2.848127">
        <ele>137.6</ele>
      </trkpt>
      <trkpt lat="55.546829" lon="-2.848105">
        <ele>137.4</ele>
      </trkpt>
      <trkpt lat="55.546909" lon="-2.84807">
        <ele>137.2</ele>
      </trkpt>
      <trkpt lat="55.546989" lon="-2.848023">
        <ele>136.6</ele>
      </trkpt>
      <trkpt lat="55.54707" lon="-2.847976">
        <ele>136.0</ele>
      </trkpt>
      <trkpt lat="55.547153" lon="-2.847934">
        <ele>135.8</ele>
      </trkpt>
      <trkpt lat="55.547237" lon="-2.847914">
        <ele>135.4</ele>
      </trkpt>
      <trkpt lat="55.54734" lon="-2.84793">
        <ele>135.0</ele>
      </trkpt>
      <trkpt lat="55.547409" lon="-2.847961">
        <ele>134.8</ele>
      </trkpt>
      <trkpt lat="55.547485" lon="-2.848027">
        <ele>134.4</ele>
      </trkpt>
      <trkpt lat="55.54755" lon="-2.848114">
        <ele>134.2</ele>
      </trkpt>
      <trkpt lat="55.547604" lon="-2.848214">
        <ele>133.6</ele>
      </trkpt>
      <trkpt lat="55.547646" lon="-2.848329">
        <ele>133.4</ele>
      </trkpt>
      <trkpt lat="55.547676" lon="-2.848449">
        <ele>133.0</ele>
      </trkpt>
      <trkpt lat="55.547703" lon="-2.848562">
        <ele>132.8</ele>
      </trkpt>
      <trkpt lat="55.547726" lon="-2.848673">
        <ele>132.6</ele>
      </trkpt>
      <trkpt lat="55.547741" lon="-2.848779">
        <ele>132.6</ele>
      </trkpt>
      <trkpt lat="55.547752" lon="-2.848885">
        <ele>132.6</ele>
      </trkpt>
      <trkpt lat="55.547756" lon="-2.848995">
        <ele>132.6</ele>
      </trkpt>
      <trkpt lat="55.547749" lon="-2.849102">
        <ele>132.6</ele>
      </trkpt>
      <trkpt lat="55.547726" lon="-2.849199">
        <ele>132.6</ele>
      </trkpt>
      <trkpt lat="55.547684" lon="-2.849268">
        <ele>132.8</ele>
      </trkpt>
      <trkpt lat="55.547634" lon="-2.849325">
        <ele>133.0</ele>
      </trkpt>
      <trkpt lat="55.547581" lon="-2.849378">
        <ele>133.4</ele>
      </trkpt>
      <trkpt lat="55.547535" lon="-2.849431">
        <ele>134.0</ele>
      </trkpt>
      <trkpt lat="55.547535" lon="-2.849431">
        <ele>134.2</ele>
      </trkpt>
      <trkpt lat="55.547455" lon="-2.849526">
        <ele>134.8</ele>
      </trkpt>
      <trkpt lat="55.547417" lon="-2.849566">
        <ele>135.2</ele>
      </trkpt>
      <trkpt lat="55.54734" lon="-2.84966">
        <ele>135.4</ele>
      </trkpt>
      <trkpt lat="55.547306" lon="-2.849709">
        <ele>135.6</ele>
      </trkpt>
      <trkpt lat="55.54726" lon="-2.849771">
        <ele>136.0</ele>
      </trkpt>
      <trkpt lat="55.547215" lon="-2.84983">
        <ele>136.8</ele>
      </trkpt>
      <trkpt lat="55.547176" lon="-2.849889">
        <ele>137.0</ele>
      </trkpt>
      <trkpt lat="55.547134" lon="-2.849943">
        <ele>137.8</ele>
      </trkpt>
      <trkpt lat="55.547092" lon="-2.849995">
        <ele>138.0</ele>
      </trkpt>
      <trkpt lat="55.547047" lon="-2.850046">
        <ele>138.8</ele>
      </trkpt>
      <trkpt lat="55.547001" lon="-2.850097">
        <ele>139.6</ele>
      </trkpt>
      <trkpt lat="55.546951" lon="-2.850149">
        <ele>139.8</ele>
      </trkpt>
      <trkpt lat="55.546913" lon="-2.850193">
        <ele>140.4</ele>
      </trkpt>
      <trkpt lat="55.546871" lon="-2.850244">
        <ele>140.8</ele>
      </trkpt>
      <trkpt lat="55.546825" lon="-2.850312">
        <ele>141.4</ele>
      </trkpt>
      <trkpt lat="55.546776" lon="-2.850378">
        <ele>141.8</ele>
      </trkpt>
      <trkpt lat="55.546722" lon="-2.850439">
        <ele>142.2</ele>
      </trkpt>
      <trkpt lat="55.546665" lon="-2.850503">
        <ele>142.6</ele>
      </trkpt>
      <trkpt lat="55.546616" lon="-2.850571">
        <ele>143.0</ele>
      </trkpt>
      <trkpt lat="55.54657" lon="-2.850636">
        <ele>143.6</ele>
      </trkpt>
      <trkpt lat="55.54652" lon="-2.8507">
        <ele>144.0</ele>
      </trkpt>
      <trkpt lat="55.546478" lon="-2.850762">
        <ele>144.4</ele>
      </trkpt>
      <trkpt lat="55.546436" lon="-2.850831">
        <ele>144.6</ele>
      </trkpt>
      <trkpt lat="55.54641" lon="-2.850906">
        <ele>145.4</ele>
      </trkpt>
      <trkpt lat="55.546394" lon="-2.850986">
        <ele>146.0</ele>
      </trkpt>
      <trkpt lat="55.546402" lon="-2.851069">
        <ele>146.2</ele>
      </trkpt>
      <trkpt lat="55.546413" lon="-2.851155">
        <ele>146.8</ele>
      </trkpt>
      <trkpt lat="55.546421" lon="-2.85125">
        <ele>147.0</ele>
      </trkpt>
    </trkseg>
  </trk>
</gpx>
