<?xml version="1.0" encoding="UTF-8"?>
<gpx creator="StravaGPX" version="1.1" xmlns="http://www.topografix.com/GPX/1/1" xmlns:xsi="http://www.w3.org/2001/XMLSchema-instance" xsi:schemaLocation="http://www.topografix.com/GPX/1/1 http://www.topografix.com/GPX/1/1/gpx.xsd">
 <metadata>
  <name>Hawick loop</name>
  <author>
   <name>Gavin Stewart 🇺🇦</name>
   <link href="https://www.strava.com/athletes/2133363"/>
  </author>
  <copyright author="OpenStreetMap contributors">
   <year>2020</year>
   <license>https://www.openstreetmap.org/copyright</license>
  </copyright>
  <link href="https://www.strava.com/routes/3542549859077647996"/>
 </metadata>
 <trk>
  <name>Hawick loop</name>
  <link href="https://www.strava.com/routes/3542549859077647996"/>
  <type>cycling</type>
  <trkseg>
   <trkpt lat="55.549170000000004" lon="-2.8481400000000003">
    <ele>118.44</ele>
   </trkpt>
   <trkpt lat="55.54883" lon="-2.84857">
    <ele>119.82000000000001</ele>
   </trkpt>
   <trkpt lat="55.54878000000001" lon="-2.8486000000000002">
    <ele>119.82000000000001</ele>
   </trkpt>
   <trkpt lat="55.548700000000004" lon="-2.84859">
    <ele>119.82000000000001</ele>
   </trkpt>
   <trkpt lat="55.548610000000004" lon="-2.8485">
    <ele>120.77000000000001</ele>
   </trkpt>
   <trkpt lat="55.54851000000001" lon="-2.849">
    <ele>121.03000000000002</ele>
   </trkpt>
   <trkpt lat="55.548305002501216" lon="-2.849800004578679">
    <ele>121.48</ele>
   </trkpt>
   <trkpt lat="55.548100000000005" lon="-2.8506">
    <ele>122.31000000000002</ele>
   </trkpt>
   <trkpt lat="55.547850000000004" lon="-2.8516500000000002">
    <ele>123.61000000000001</ele>
   </trkpt>
   <trkpt lat="55.547700000000006" lon="-2.85196">
    <ele>124.84</ele>
   </trkpt>
   <trkpt lat="55.547520000000006" lon="-2.85223">
    <ele>125.21000000000001</ele>
   </trkpt>
   <trkpt lat="55.547090000000004" lon="-2.85277">
    <ele>128.35000000000002</ele>
   </trkpt>
   <trkpt lat="55.546910000000004" lon="-2.8528000000000002">
    <ele>128.81</ele>
   </trkpt>
   <trkpt lat="55.54693" lon="-2.85298">
    <ele>128.65</ele>
   </trkpt>
   <trkpt lat="55.54697" lon="-2.8531400000000002">
    <ele>128.35000000000002</ele>
   </trkpt>
   <trkpt lat="55.54737000744693" lon="-2.8540999803265263">
    <ele>125.0</ele>
   </trkpt>
   <trkpt lat="55.5477700073905" lon="-2.855059980190745">
    <ele>122.33000000000001</ele>
   </trkpt>
   <trkpt lat="55.548170000000006" lon="-2.8560200000000004">
    <ele>122.23</ele>
   </trkpt>
   <trkpt lat="55.54851000000001" lon="-2.85665">
    <ele>122.48</ele>
   </trkpt>
   <trkpt lat="55.54858" lon="-2.85673">
    <ele>122.57000000000001</ele>
   </trkpt>
   <trkpt lat="55.54852" lon="-2.85698">
    <ele>122.13000000000001</ele>
   </trkpt>
   <trkpt lat="55.54838" lon="-2.85829">
    <ele>122.74000000000001</ele>
   </trkpt>
   <trkpt lat="55.548320000000004" lon="-2.85914">
    <ele>123.65</ele>
   </trkpt>
   <trkpt lat="55.54823500329505" lon="-2.860040001971279">
    <ele>124.02</ele>
   </trkpt>
   <trkpt lat="55.54815000000001" lon="-2.8609400000000003">
    <ele>124.95</ele>
   </trkpt>
   <trkpt lat="55.548100000000005" lon="-2.86131">
    <ele>125.08</ele>
   </trkpt>
   <trkpt lat="55.54798" lon="-2.86172">
    <ele>125.16000000000003</ele>
   </trkpt>
   <trkpt lat="55.547720000000005" lon="-2.86249">
    <ele>123.59</ele>
   </trkpt>
   <trkpt lat="55.547610000000006" lon="-2.86274">
    <ele>123.41</ele>
   </trkpt>
   <trkpt lat="55.54692000000001" lon="-2.86375">
    <ele>122.54</ele>
   </trkpt>
   <trkpt lat="55.54655000192786" lon="-2.8644450066139964">
    <ele>122.65</ele>
   </trkpt>
   <trkpt lat="55.54618000000001" lon="-2.8651400000000002">
    <ele>123.07000000000001</ele>
   </trkpt>
   <trkpt lat="55.545726671047596" lon="-2.8658766837181724">
    <ele>123.36000000000001</ele>
   </trkpt>
   <trkpt lat="55.545273337676576" lon="-2.866613350445795">
    <ele>123.69000000000001</ele>
   </trkpt>
   <trkpt lat="55.54482" lon="-2.86735">
    <ele>124.36000000000001</ele>
   </trkpt>
   <trkpt lat="55.54433000156473" lon="-2.8679950082090353">
    <ele>125.54</ele>
   </trkpt>
   <trkpt lat="55.54384" lon="-2.86864">
    <ele>126.38000000000002</ele>
   </trkpt>
   <trkpt lat="55.54354000000001" lon="-2.8691700000000004">
    <ele>126.48</ele>
   </trkpt>
   <trkpt lat="55.543220000000005" lon="-2.86961">
    <ele>126.96000000000001</ele>
   </trkpt>
   <trkpt lat="55.542930000000005" lon="-2.8699500000000002">
    <ele>127.07000000000001</ele>
   </trkpt>
   <trkpt lat="55.54261" lon="-2.87027">
    <ele>127.09</ele>
   </trkpt>
   <trkpt lat="55.54198" lon="-2.87083">
    <ele>127.92</ele>
   </trkpt>
   <trkpt lat="55.54187" lon="-2.8710400000000003">
    <ele>127.83</ele>
   </trkpt>
   <trkpt lat="55.54158" lon="-2.87182">
    <ele>127.83</ele>
   </trkpt>
   <trkpt lat="55.54142" lon="-2.8720800000000004">
    <ele>128.18</ele>
   </trkpt>
   <trkpt lat="55.541230000000006" lon="-2.87232">
    <ele>128.31</ele>
   </trkpt>
   <trkpt lat="55.541050000000006" lon="-2.87251">
    <ele>128.42000000000002</ele>
   </trkpt>
   <trkpt lat="55.540890000000005" lon="-2.87277">
    <ele>128.4</ele>
   </trkpt>
   <trkpt lat="55.540780000000005" lon="-2.8732100000000003">
    <ele>128.32000000000002</ele>
   </trkpt>
   <trkpt lat="55.5407" lon="-2.87446">
    <ele>128.68</ele>
   </trkpt>
   <trkpt lat="55.540620000000004" lon="-2.8751">
    <ele>128.72</ele>
   </trkpt>
   <trkpt lat="55.540420000000005" lon="-2.87589">
    <ele>128.93</ele>
   </trkpt>
   <trkpt lat="55.540060000000004" lon="-2.87677">
    <ele>129.27</ele>
   </trkpt>
   <trkpt lat="55.539930000000005" lon="-2.87718">
    <ele>129.4</ele>
   </trkpt>
   <trkpt lat="55.539820000000006" lon="-2.87758">
    <ele>129.5</ele>
   </trkpt>
   <trkpt lat="55.53965" lon="-2.8787300000000005">
    <ele>130.26999999999998</ele>
   </trkpt>
   <trkpt lat="55.53958000000001" lon="-2.87935">
    <ele>130.56</ele>
   </trkpt>
   <trkpt lat="55.53958000000001" lon="-2.87984">
    <ele>130.56</ele>
   </trkpt>
   <trkpt lat="55.53963" lon="-2.88105">
    <ele>131.24</ele>
   </trkpt>
   <trkpt lat="55.53961335366081" lon="-2.8826300013348987">
    <ele>132.47</ele>
   </trkpt>
   <trkpt lat="55.53959668699419" lon="-2.884210001331177">
    <ele>133.05</ele>
   </trkpt>
   <trkpt lat="55.53958000000001" lon="-2.88579">
    <ele>134.19</ele>
   </trkpt>
   <trkpt lat="55.53963" lon="-2.8861600000000003">
    <ele>134.25</ele>
   </trkpt>
   <trkpt lat="55.53976" lon="-2.88673">
    <ele>134.15</ele>
   </trkpt>
   <trkpt lat="55.53985" lon="-2.88721">
    <ele>134.36</ele>
   </trkpt>
   <trkpt lat="55.539930000000005" lon="-2.88777">
    <ele>134.48000000000002</ele>
   </trkpt>
   <trkpt lat="55.53996000000001" lon="-2.88829">
    <ele>135.14000000000001</ele>
   </trkpt>
   <trkpt lat="55.53999" lon="-2.8896800000000002">
    <ele>136.48000000000002</ele>
   </trkpt>
   <trkpt lat="55.54005000000001" lon="-2.8907700000000003">
    <ele>137.28</ele>
   </trkpt>
   <trkpt lat="55.540110000000006" lon="-2.89148">
    <ele>136.42000000000002</ele>
   </trkpt>
   <trkpt lat="55.540090000000006" lon="-2.89209">
    <ele>135.89000000000001</ele>
   </trkpt>
   <trkpt lat="55.539860000000004" lon="-2.89359">
    <ele>135.98000000000002</ele>
   </trkpt>
   <trkpt lat="55.53981" lon="-2.8940900000000003">
    <ele>136.1</ele>
   </trkpt>
   <trkpt lat="55.539820000000006" lon="-2.89467">
    <ele>136.32000000000002</ele>
   </trkpt>
   <trkpt lat="55.539860000000004" lon="-2.8949700000000003">
    <ele>136.54000000000002</ele>
   </trkpt>
   <trkpt lat="55.54001" lon="-2.89561">
    <ele>136.70000000000002</ele>
   </trkpt>
   <trkpt lat="55.540200000000006" lon="-2.8961900000000003">
    <ele>136.99</ele>
   </trkpt>
   <trkpt lat="55.540600000000005" lon="-2.8971400000000003">
    <ele>137.52</ele>
   </trkpt>
   <trkpt lat="55.541085002155576" lon="-2.8978649910801892">
    <ele>137.62</ele>
   </trkpt>
   <trkpt lat="55.54157000000001" lon="-2.8985900000000004">
    <ele>138.0</ele>
   </trkpt>
   <trkpt lat="55.54213000000001" lon="-2.89903">
    <ele>138.6</ele>
   </trkpt>
   <trkpt lat="55.54289000000001" lon="-2.8995400000000005">
    <ele>141.1</ele>
   </trkpt>
   <trkpt lat="55.543470000000006" lon="-2.8998800000000005">
    <ele>143.6</ele>
   </trkpt>
   <trkpt lat="55.543670000000006" lon="-2.90003">
    <ele>144.32</ele>
   </trkpt>
   <trkpt lat="55.543820000000004" lon="-2.90029">
    <ele>144.63</ele>
   </trkpt>
   <trkpt lat="55.543800000000005" lon="-2.90031">
    <ele>144.66</ele>
   </trkpt>
   <trkpt lat="55.543600000000005" lon="-2.9005300000000003">
    <ele>145.21</ele>
   </trkpt>
   <trkpt lat="55.54339" lon="-2.9006900000000004">
    <ele>145.59000000000003</ele>
   </trkpt>
   <trkpt lat="55.54316000000001" lon="-2.90078">
    <ele>147.11</ele>
   </trkpt>
   <trkpt lat="55.542820000000006" lon="-2.90105">
    <ele>150.69000000000003</ele>
   </trkpt>
   <trkpt lat="55.54262000000001" lon="-2.90063">
    <ele>152.05</ele>
   </trkpt>
   <trkpt lat="55.542440000000006" lon="-2.90029">
    <ele>152.51</ele>
   </trkpt>
   <trkpt lat="55.54197500059478" lon="-2.8998849951464565">
    <ele>152.45</ele>
   </trkpt>
   <trkpt lat="55.54151" lon="-2.89948">
    <ele>151.86</ele>
   </trkpt>
   <trkpt lat="55.54099000000001" lon="-2.89881">
    <ele>150.03000000000003</ele>
   </trkpt>
   <trkpt lat="55.54057000132922" lon="-2.8982299937487164">
    <ele>148.66000000000003</ele>
   </trkpt>
   <trkpt lat="55.540150000000004" lon="-2.89765">
    <ele>145.73</ele>
   </trkpt>
   <trkpt lat="55.53977000099137" lon="-2.897139994980467">
    <ele>140.74</ele>
   </trkpt>
   <trkpt lat="55.539390000000004" lon="-2.89663">
    <ele>138.53</ele>
   </trkpt>
   <trkpt lat="55.53900500114266" lon="-2.896069994321825">
    <ele>138.21</ele>
   </trkpt>
   <trkpt lat="55.53862" lon="-2.8955100000000003">
    <ele>138.28</ele>
   </trkpt>
   <trkpt lat="55.537985003039566" lon="-2.894644986022259">
    <ele>137.97</ele>
   </trkpt>
   <trkpt lat="55.53735" lon="-2.89378">
    <ele>137.86</ele>
   </trkpt>
   <trkpt lat="55.53680000482123" lon="-2.893006644966086">
    <ele>137.33</ele>
   </trkpt>
   <trkpt lat="55.53625000477245" lon="-2.8922333115645578">
    <ele>136.89000000000001</ele>
   </trkpt>
   <trkpt lat="55.535700000000006" lon="-2.8914600000000004">
    <ele>136.5</ele>
   </trkpt>
   <trkpt lat="55.535500000000006" lon="-2.89107">
    <ele>136.19</ele>
   </trkpt>
   <trkpt lat="55.53507500392777" lon="-2.89008998944934">
    <ele>135.46</ele>
   </trkpt>
   <trkpt lat="55.534650000000006" lon="-2.88911">
    <ele>135.48000000000002</ele>
   </trkpt>
   <trkpt lat="55.53408333583263" lon="-2.8896633492730808">
    <ele>134.87</ele>
   </trkpt>
   <trkpt lat="55.533516669171874" lon="-2.8902166826003572">
    <ele>135.17000000000002</ele>
   </trkpt>
   <trkpt lat="55.53295000000001" lon="-2.8907700000000003">
    <ele>135.98000000000002</ele>
   </trkpt>
   <trkpt lat="55.53278" lon="-2.89081">
    <ele>135.77</ele>
   </trkpt>
   <trkpt lat="55.53262" lon="-2.8907700000000003">
    <ele>135.09</ele>
   </trkpt>
   <trkpt lat="55.53247" lon="-2.8908300000000002">
    <ele>134.97</ele>
   </trkpt>
   <trkpt lat="55.532430000000005" lon="-2.8909000000000002">
    <ele>134.82000000000002</ele>
   </trkpt>
   <trkpt lat="55.53247" lon="-2.8908300000000002">
    <ele>134.89000000000001</ele>
   </trkpt>
   <trkpt lat="55.532340000000005" lon="-2.89107">
    <ele>134.69</ele>
   </trkpt>
   <trkpt lat="55.532090000000004" lon="-2.89168">
    <ele>135.12</ele>
   </trkpt>
   <trkpt lat="55.53186" lon="-2.89243">
    <ele>135.44</ele>
   </trkpt>
   <trkpt lat="55.53159" lon="-2.89347">
    <ele>135.96</ele>
   </trkpt>
   <trkpt lat="55.531180000000006" lon="-2.89475">
    <ele>136.89000000000001</ele>
   </trkpt>
   <trkpt lat="55.53092" lon="-2.89563">
    <ele>136.78</ele>
   </trkpt>
   <trkpt lat="55.530820000000006" lon="-2.89625">
    <ele>136.76000000000002</ele>
   </trkpt>
   <trkpt lat="55.53079" lon="-2.89677">
    <ele>136.88</ele>
   </trkpt>
   <trkpt lat="55.53083" lon="-2.89731">
    <ele>137.3</ele>
   </trkpt>
   <trkpt lat="55.53105000000001" lon="-2.8982900000000003">
    <ele>137.87</ele>
   </trkpt>
   <trkpt lat="55.53103" lon="-2.8986">
    <ele>138.51000000000002</ele>
   </trkpt>
   <trkpt lat="55.530930000000005" lon="-2.89894">
    <ele>138.77</ele>
   </trkpt>
   <trkpt lat="55.53059500294043" lon="-2.8998000075071144">
    <ele>139.19</ele>
   </trkpt>
   <trkpt lat="55.530260000000006" lon="-2.9006600000000002">
    <ele>139.71</ele>
   </trkpt>
   <trkpt lat="55.53020000000001" lon="-2.9009">
    <ele>139.71</ele>
   </trkpt>
   <trkpt lat="55.53020000000001" lon="-2.9012100000000003">
    <ele>139.88</ele>
   </trkpt>
   <trkpt lat="55.530315004072904" lon="-2.9022099970852144">
    <ele>140.34</ele>
   </trkpt>
   <trkpt lat="55.53043" lon="-2.90321">
    <ele>140.71</ele>
   </trkpt>
   <trkpt lat="55.53060000000001" lon="-2.9043900000000002">
    <ele>141.76000000000002</ele>
   </trkpt>
   <trkpt lat="55.53056" lon="-2.90449">
    <ele>141.69</ele>
   </trkpt>
   <trkpt lat="55.53051000000001" lon="-2.90456">
    <ele>141.69</ele>
   </trkpt>
   <trkpt lat="55.530150000000006" lon="-2.90479">
    <ele>141.14000000000001</ele>
   </trkpt>
   <trkpt lat="55.53032000257858" lon="-2.905594996236151">
    <ele>138.74</ele>
   </trkpt>
   <trkpt lat="55.53049000000001" lon="-2.9064">
    <ele>138.39000000000001</ele>
   </trkpt>
   <trkpt lat="55.530640000000005" lon="-2.90748">
    <ele>139.11</ele>
   </trkpt>
   <trkpt lat="55.53076500613075" lon="-2.9087049963073155">
    <ele>139.79</ele>
   </trkpt>
   <trkpt lat="55.53089000000001" lon="-2.90993">
    <ele>141.14000000000001</ele>
   </trkpt>
   <trkpt lat="55.53094500419498" lon="-2.9109449985825018">
    <ele>141.94</ele>
   </trkpt>
   <trkpt lat="55.531000000000006" lon="-2.91196">
    <ele>143.0</ele>
   </trkpt>
   <trkpt lat="55.53099" lon="-2.91263">
    <ele>142.92000000000002</ele>
   </trkpt>
   <trkpt lat="55.530950002675084" lon="-2.913440000751665">
    <ele>142.92000000000002</ele>
   </trkpt>
   <trkpt lat="55.530910000000006" lon="-2.9142500000000005">
    <ele>143.17000000000002</ele>
   </trkpt>
   <trkpt lat="55.530820000000006" lon="-2.91534">
    <ele>143.62000000000003</ele>
   </trkpt>
   <trkpt lat="55.53072" lon="-2.91597">
    <ele>143.71</ele>
   </trkpt>
   <trkpt lat="55.53047500360715" lon="-2.9169100058195516">
    <ele>144.32</ele>
   </trkpt>
   <trkpt lat="55.53023" lon="-2.91785">
    <ele>145.46</ele>
   </trkpt>
   <trkpt lat="55.53005" lon="-2.91832">
    <ele>145.62</ele>
   </trkpt>
   <trkpt lat="55.52951" lon="-2.9193300000000004">
    <ele>146.65</ele>
   </trkpt>
   <trkpt lat="55.529180000000004" lon="-2.9195800000000003">
    <ele>146.81000000000003</ele>
   </trkpt>
   <trkpt lat="55.52846000296203" lon="-2.9199617015978045">
    <ele>147.53000000000003</ele>
   </trkpt>
   <trkpt lat="55.52774000473754" lon="-2.9203433892228436">
    <ele>148.29</ele>
   </trkpt>
   <trkpt lat="55.52702000532663" lon="-2.9207250628759818">
    <ele>148.51</ele>
   </trkpt>
   <trkpt lat="55.5263000047294" lon="-2.9211067225580822">
    <ele>149.32</ele>
   </trkpt>
   <trkpt lat="55.52558000294588" lon="-2.9214883682700123">
    <ele>150.14000000000001</ele>
   </trkpt>
   <trkpt lat="55.524860000000004" lon="-2.92187">
    <ele>150.71</ele>
   </trkpt>
   <trkpt lat="55.524170000000005" lon="-2.9222">
    <ele>151.72000000000003</ele>
   </trkpt>
   <trkpt lat="55.523860000000006" lon="-2.92248">
    <ele>151.95</ele>
   </trkpt>
   <trkpt lat="55.523270000000004" lon="-2.9231200000000004">
    <ele>151.87</ele>
   </trkpt>
   <trkpt lat="55.523" lon="-2.9233700000000002">
    <ele>151.85000000000002</ele>
   </trkpt>
   <trkpt lat="55.52228" lon="-2.92388">
    <ele>152.36</ele>
   </trkpt>
   <trkpt lat="55.52156000000001" lon="-2.92423">
    <ele>152.50000000000003</ele>
   </trkpt>
   <trkpt lat="55.52109000000001" lon="-2.92429">
    <ele>152.27</ele>
   </trkpt>
   <trkpt lat="55.520610000000005" lon="-2.92429">
    <ele>152.34</ele>
   </trkpt>
   <trkpt lat="55.52012000017913" lon="-2.9241549983477797">
    <ele>152.50000000000003</ele>
   </trkpt>
   <trkpt lat="55.51963000000001" lon="-2.92402">
    <ele>153.52</ele>
   </trkpt>
   <trkpt lat="55.519155000027766" lon="-2.9239249988514477">
    <ele>155.43</ele>
   </trkpt>
   <trkpt lat="55.51868" lon="-2.92383">
    <ele>157.65</ele>
   </trkpt>
   <trkpt lat="55.51831000000001" lon="-2.9237100000000003">
    <ele>159.73000000000002</ele>
   </trkpt>
   <trkpt lat="55.51796" lon="-2.92355">
    <ele>161.74</ele>
   </trkpt>
   <trkpt lat="55.51782000000001" lon="-2.92356">
    <ele>162.19</ele>
   </trkpt>
   <trkpt lat="55.51769" lon="-2.9236400000000002">
    <ele>163.17000000000002</ele>
   </trkpt>
   <trkpt lat="55.517520000000005" lon="-2.92383">
    <ele>164.47</ele>
   </trkpt>
   <trkpt lat="55.517160000000004" lon="-2.92456">
    <ele>166.59</ele>
   </trkpt>
   <trkpt lat="55.516920000000006" lon="-2.92484">
    <ele>167.95000000000002</ele>
   </trkpt>
   <trkpt lat="55.51621000000001" lon="-2.92544">
    <ele>168.22</ele>
   </trkpt>
   <trkpt lat="55.515930000000004" lon="-2.9257700000000004">
    <ele>168.51000000000002</ele>
   </trkpt>
   <trkpt lat="55.51572" lon="-2.92605">
    <ele>169.28</ele>
   </trkpt>
   <trkpt lat="55.51540000000001" lon="-2.92666">
    <ele>169.63</ele>
   </trkpt>
   <trkpt lat="55.51484000000001" lon="-2.92742">
    <ele>168.72</ele>
   </trkpt>
   <trkpt lat="55.51427" lon="-2.9284800000000004">
    <ele>165.52</ele>
   </trkpt>
   <trkpt lat="55.514070000000004" lon="-2.9289">
    <ele>163.07000000000002</ele>
   </trkpt>
   <trkpt lat="55.513980000000004" lon="-2.92918">
    <ele>162.4</ele>
   </trkpt>
   <trkpt lat="55.51393" lon="-2.92953">
    <ele>161.46</ele>
   </trkpt>
   <trkpt lat="55.51389" lon="-2.9301800000000005">
    <ele>161.25</ele>
   </trkpt>
   <trkpt lat="55.51379000000001" lon="-2.9307600000000003">
    <ele>162.24</ele>
   </trkpt>
   <trkpt lat="55.51366" lon="-2.9313300000000004">
    <ele>164.29000000000002</ele>
   </trkpt>
   <trkpt lat="55.51333" lon="-2.9321800000000002">
    <ele>167.60000000000002</ele>
   </trkpt>
   <trkpt lat="55.513200000000005" lon="-2.9333">
    <ele>170.16</ele>
   </trkpt>
   <trkpt lat="55.51315" lon="-2.9336">
    <ele>170.57000000000002</ele>
   </trkpt>
   <trkpt lat="55.51288" lon="-2.93433">
    <ele>173.58</ele>
   </trkpt>
   <trkpt lat="55.512660000000004" lon="-2.93507">
    <ele>175.14000000000001</ele>
   </trkpt>
   <trkpt lat="55.51258000000001" lon="-2.9351700000000003">
    <ele>175.26000000000002</ele>
   </trkpt>
   <trkpt lat="55.512280000000004" lon="-2.93541">
    <ele>176.68</ele>
   </trkpt>
   <trkpt lat="55.512130000000006" lon="-2.9355700000000002">
    <ele>178.6</ele>
   </trkpt>
   <trkpt lat="55.511950000000006" lon="-2.9359">
    <ele>180.05</ele>
   </trkpt>
   <trkpt lat="55.51161000515147" lon="-2.93702500972849">
    <ele>183.49</ele>
   </trkpt>
   <trkpt lat="55.51127" lon="-2.9381500000000003">
    <ele>184.10000000000002</ele>
   </trkpt>
   <trkpt lat="55.51105500380404" lon="-2.9391150052205286">
    <ele>182.87</ele>
   </trkpt>
   <trkpt lat="55.51084" lon="-2.94008">
    <ele>182.54</ele>
   </trkpt>
   <trkpt lat="55.51088000000001" lon="-2.94042">
    <ele>182.48</ele>
   </trkpt>
   <trkpt lat="55.511050000000004" lon="-2.94139">
    <ele>182.35</ele>
   </trkpt>
   <trkpt lat="55.51104" lon="-2.94165">
    <ele>182.6</ele>
   </trkpt>
   <trkpt lat="55.51086000000001" lon="-2.9430300000000003">
    <ele>184.37</ele>
   </trkpt>
   <trkpt lat="55.51052000000001" lon="-2.94402">
    <ele>183.68</ele>
   </trkpt>
   <trkpt lat="55.51041000000001" lon="-2.94476">
    <ele>183.54</ele>
   </trkpt>
   <trkpt lat="55.51034000000001" lon="-2.94585">
    <ele>185.31</ele>
   </trkpt>
   <trkpt lat="55.51028" lon="-2.9463100000000004">
    <ele>184.69000000000003</ele>
   </trkpt>
   <trkpt lat="55.510180000000005" lon="-2.94673">
    <ele>183.61</ele>
   </trkpt>
   <trkpt lat="55.51005000000001" lon="-2.94713">
    <ele>182.51</ele>
   </trkpt>
   <trkpt lat="55.510000000000005" lon="-2.9474">
    <ele>181.70000000000002</ele>
   </trkpt>
   <trkpt lat="55.51005000000001" lon="-2.9484500000000002">
    <ele>178.65</ele>
   </trkpt>
   <trkpt lat="55.509980000000006" lon="-2.94931">
    <ele>177.53000000000003</ele>
   </trkpt>
   <trkpt lat="55.509930000000004" lon="-2.95021">
    <ele>177.75000000000003</ele>
   </trkpt>
   <trkpt lat="55.50983000000001" lon="-2.95093">
    <ele>176.79</ele>
   </trkpt>
   <trkpt lat="55.50983000000001" lon="-2.95154">
    <ele>175.54</ele>
   </trkpt>
   <trkpt lat="55.50985000000001" lon="-2.9520500000000003">
    <ele>175.26000000000002</ele>
   </trkpt>
   <trkpt lat="55.509840000000004" lon="-2.9527500000000004">
    <ele>175.82</ele>
   </trkpt>
   <trkpt lat="55.510020000000004" lon="-2.95344">
    <ele>177.07</ele>
   </trkpt>
   <trkpt lat="55.51030000000001" lon="-2.95425">
    <ele>177.64000000000001</ele>
   </trkpt>
   <trkpt lat="55.51035" lon="-2.95452">
    <ele>177.69</ele>
   </trkpt>
   <trkpt lat="55.51030000000001" lon="-2.95595">
    <ele>178.15</ele>
   </trkpt>
   <trkpt lat="55.51028" lon="-2.95615">
    <ele>178.17000000000002</ele>
   </trkpt>
   <trkpt lat="55.510110000000005" lon="-2.95685">
    <ele>178.46</ele>
   </trkpt>
   <trkpt lat="55.51003000000001" lon="-2.95725">
    <ele>178.45000000000002</ele>
   </trkpt>
   <trkpt lat="55.510050003484885" lon="-2.958174999528351">
    <ele>177.67000000000002</ele>
   </trkpt>
   <trkpt lat="55.510070000000006" lon="-2.9591000000000003">
    <ele>177.04</ele>
   </trkpt>
   <trkpt lat="55.510130000000004" lon="-2.95962">
    <ele>177.15</ele>
   </trkpt>
   <trkpt lat="55.510370005002045" lon="-2.9607299931571607">
    <ele>177.86</ele>
   </trkpt>
   <trkpt lat="55.51061000000001" lon="-2.96184">
    <ele>175.11</ele>
   </trkpt>
   <trkpt lat="55.51070000000001" lon="-2.9624200000000003">
    <ele>173.48000000000002</ele>
   </trkpt>
   <trkpt lat="55.510720000000006" lon="-2.9628200000000002">
    <ele>173.08</ele>
   </trkpt>
   <trkpt lat="55.51068000000001" lon="-2.96341">
    <ele>171.63</ele>
   </trkpt>
   <trkpt lat="55.51064" lon="-2.9637000000000002">
    <ele>171.25</ele>
   </trkpt>
   <trkpt lat="55.51041000000001" lon="-2.96449">
    <ele>170.42000000000002</ele>
   </trkpt>
   <trkpt lat="55.510290000000005" lon="-2.9647500000000004">
    <ele>170.13</ele>
   </trkpt>
   <trkpt lat="55.510130000000004" lon="-2.96496">
    <ele>170.08</ele>
   </trkpt>
   <trkpt lat="55.50949000000001" lon="-2.96544">
    <ele>172.16</ele>
   </trkpt>
   <trkpt lat="55.50901" lon="-2.96593">
    <ele>173.09000000000003</ele>
   </trkpt>
   <trkpt lat="55.50842000000001" lon="-2.9666200000000003">
    <ele>173.63</ele>
   </trkpt>
   <trkpt lat="55.50836" lon="-2.9667800000000004">
    <ele>173.6</ele>
   </trkpt>
   <trkpt lat="55.50846000000001" lon="-2.9673200000000004">
    <ele>173.25</ele>
   </trkpt>
   <trkpt lat="55.50845" lon="-2.9677200000000004">
    <ele>173.19</ele>
   </trkpt>
   <trkpt lat="55.50846000000001" lon="-2.9688800000000004">
    <ele>173.71</ele>
   </trkpt>
   <trkpt lat="55.50848500966059" lon="-2.9704199990800015">
    <ele>175.83</ele>
   </trkpt>
   <trkpt lat="55.50851" lon="-2.97196">
    <ele>180.28000000000003</ele>
   </trkpt>
   <trkpt lat="55.508480000000006" lon="-2.9724500000000003">
    <ele>181.82</ele>
   </trkpt>
   <trkpt lat="55.50842000000001" lon="-2.9727500000000004">
    <ele>183.67000000000002</ele>
   </trkpt>
   <trkpt lat="55.50811" lon="-2.9736700000000003">
    <ele>189.57000000000002</ele>
   </trkpt>
   <trkpt lat="55.50761000000001" lon="-2.97488">
    <ele>195.76000000000002</ele>
   </trkpt>
   <trkpt lat="55.507470000000005" lon="-2.97527">
    <ele>197.81</ele>
   </trkpt>
   <trkpt lat="55.50732000000001" lon="-2.9760000000000004">
    <ele>201.47</ele>
   </trkpt>
   <trkpt lat="55.507200000000005" lon="-2.97629">
    <ele>201.47</ele>
   </trkpt>
   <trkpt lat="55.507220000000004" lon="-2.9762500000000003">
    <ele>201.3</ele>
   </trkpt>
   <trkpt lat="55.50703000000001" lon="-2.97662">
    <ele>203.02</ele>
   </trkpt>
   <trkpt lat="55.506890000000006" lon="-2.9767900000000003">
    <ele>204.38</ele>
   </trkpt>
   <trkpt lat="55.506600000000006" lon="-2.9771">
    <ele>205.45000000000002</ele>
   </trkpt>
   <trkpt lat="55.50621" lon="-2.97737">
    <ele>205.59000000000003</ele>
   </trkpt>
   <trkpt lat="55.506080000000004" lon="-2.9774700000000003">
    <ele>204.89000000000001</ele>
   </trkpt>
   <trkpt lat="55.50576" lon="-2.97798">
    <ele>204.12000000000003</ele>
   </trkpt>
   <trkpt lat="55.50562000000001" lon="-2.97825">
    <ele>203.84</ele>
   </trkpt>
   <trkpt lat="55.50555000000001" lon="-2.97845">
    <ele>203.71000000000004</ele>
   </trkpt>
   <trkpt lat="55.50538" lon="-2.97941">
    <ele>201.02</ele>
   </trkpt>
   <trkpt lat="55.50515000000001" lon="-2.98055">
    <ele>198.12</ele>
   </trkpt>
   <trkpt lat="55.505" lon="-2.98098">
    <ele>196.84</ele>
   </trkpt>
   <trkpt lat="55.50479000000001" lon="-2.98143">
    <ele>195.85000000000002</ele>
   </trkpt>
   <trkpt lat="55.504630000000006" lon="-2.9817000000000005">
    <ele>195.19</ele>
   </trkpt>
   <trkpt lat="55.50413000216926" lon="-2.982445009597329">
    <ele>193.60000000000002</ele>
   </trkpt>
   <trkpt lat="55.50363" lon="-2.9831900000000005">
    <ele>192.47</ele>
   </trkpt>
   <trkpt lat="55.50348" lon="-2.98334">
    <ele>192.35000000000002</ele>
   </trkpt>
   <trkpt lat="55.50332" lon="-2.98347">
    <ele>192.25</ele>
   </trkpt>
   <trkpt lat="55.50292" lon="-2.9836">
    <ele>192.25</ele>
   </trkpt>
   <trkpt lat="55.502680000000005" lon="-2.9836300000000002">
    <ele>191.75</ele>
   </trkpt>
   <trkpt lat="55.50242000000001" lon="-2.9836300000000002">
    <ele>191.94000000000003</ele>
   </trkpt>
   <trkpt lat="55.50215000000001" lon="-2.98354">
    <ele>193.28</ele>
   </trkpt>
   <trkpt lat="55.50163500018288" lon="-2.9832749964809615">
    <ele>196.59</ele>
   </trkpt>
   <trkpt lat="55.50112000000001" lon="-2.98301">
    <ele>196.02</ele>
   </trkpt>
   <trkpt lat="55.50103000000001" lon="-2.98299">
    <ele>195.55</ele>
   </trkpt>
   <trkpt lat="55.50094000000001" lon="-2.98301">
    <ele>195.01000000000002</ele>
   </trkpt>
   <trkpt lat="55.50085000000001" lon="-2.98306">
    <ele>194.4</ele>
   </trkpt>
   <trkpt lat="55.50063" lon="-2.98326">
    <ele>193.73000000000002</ele>
   </trkpt>
   <trkpt lat="55.500260000000004" lon="-2.9835300000000005">
    <ele>189.66000000000003</ele>
   </trkpt>
   <trkpt lat="55.500170000000004" lon="-2.9836">
    <ele>187.65</ele>
   </trkpt>
   <trkpt lat="55.50005" lon="-2.98381">
    <ele>186.92</ele>
   </trkpt>
   <trkpt lat="55.49998000000001" lon="-2.98401">
    <ele>185.99</ele>
   </trkpt>
   <trkpt lat="55.499720003728676" lon="-2.9849600060812684">
    <ele>183.98</ele>
   </trkpt>
   <trkpt lat="55.499460000000006" lon="-2.98591">
    <ele>184.46</ele>
   </trkpt>
   <trkpt lat="55.499370000000006" lon="-2.98654">
    <ele>185.11</ele>
   </trkpt>
   <trkpt lat="55.49925000535193" lon="-2.9876900038430056">
    <ele>185.12</ele>
   </trkpt>
   <trkpt lat="55.49913000000001" lon="-2.98884">
    <ele>184.50000000000003</ele>
   </trkpt>
   <trkpt lat="55.49907" lon="-2.98909">
    <ele>184.65</ele>
   </trkpt>
   <trkpt lat="55.49868000000001" lon="-2.99031">
    <ele>184.84</ele>
   </trkpt>
   <trkpt lat="55.49842" lon="-2.99086">
    <ele>185.57000000000002</ele>
   </trkpt>
   <trkpt lat="55.498050000000006" lon="-2.99156">
    <ele>185.57000000000002</ele>
   </trkpt>
   <trkpt lat="55.497910000000005" lon="-2.9917700000000003">
    <ele>186.02</ele>
   </trkpt>
   <trkpt lat="55.497690000000006" lon="-2.99201">
    <ele>186.34</ele>
   </trkpt>
   <trkpt lat="55.49710666933246" lon="-2.9925800168673455">
    <ele>189.11</ele>
   </trkpt>
   <trkpt lat="55.49652333601775" lon="-2.9931500168488325">
    <ele>189.21</ele>
   </trkpt>
   <trkpt lat="55.495940000000004" lon="-2.99372">
    <ele>188.31</ele>
   </trkpt>
   <trkpt lat="55.49568000000001" lon="-2.9939000000000004">
    <ele>188.28</ele>
   </trkpt>
   <trkpt lat="55.49518500013521" lon="-2.9940800022610925">
    <ele>188.62</ele>
   </trkpt>
   <trkpt lat="55.494690000000006" lon="-2.99426">
    <ele>189.32000000000002</ele>
   </trkpt>
   <trkpt lat="55.494460000000004" lon="-2.99447">
    <ele>189.98000000000002</ele>
   </trkpt>
   <trkpt lat="55.494260000000004" lon="-2.9947500000000002">
    <ele>190.04000000000002</ele>
   </trkpt>
   <trkpt lat="55.493900000000004" lon="-2.9950500000000004">
    <ele>190.05</ele>
   </trkpt>
   <trkpt lat="55.49354" lon="-2.9952">
    <ele>189.97000000000003</ele>
   </trkpt>
   <trkpt lat="55.49322000000001" lon="-2.9952900000000002">
    <ele>190.19000000000003</ele>
   </trkpt>
   <trkpt lat="55.49273" lon="-2.9954">
    <ele>190.70000000000002</ele>
   </trkpt>
   <trkpt lat="55.49246" lon="-2.99541">
    <ele>190.87</ele>
   </trkpt>
   <trkpt lat="55.492180000000005" lon="-2.9954">
    <ele>191.08</ele>
   </trkpt>
   <trkpt lat="55.49192000000001" lon="-2.9954">
    <ele>191.16000000000003</ele>
   </trkpt>
   <trkpt lat="55.4917" lon="-2.99553">
    <ele>190.51000000000002</ele>
   </trkpt>
   <trkpt lat="55.49111500083624" lon="-2.9959850067627816">
    <ele>190.3</ele>
   </trkpt>
   <trkpt lat="55.49053000000001" lon="-2.99644">
    <ele>191.56</ele>
   </trkpt>
   <trkpt lat="55.490280000000006" lon="-2.99657">
    <ele>192.16000000000003</ele>
   </trkpt>
   <trkpt lat="55.489560000000004" lon="-2.99678">
    <ele>194.99</ele>
   </trkpt>
   <trkpt lat="55.489070000000005" lon="-2.99691">
    <ele>192.73000000000002</ele>
   </trkpt>
   <trkpt lat="55.4883" lon="-2.99709">
    <ele>190.73000000000002</ele>
   </trkpt>
   <trkpt lat="55.48801" lon="-2.99709">
    <ele>190.52</ele>
   </trkpt>
   <trkpt lat="55.48745" lon="-2.99705">
    <ele>190.71</ele>
   </trkpt>
   <trkpt lat="55.486830000000005" lon="-2.99697">
    <ele>191.79000000000002</ele>
   </trkpt>
   <trkpt lat="55.486610000000006" lon="-2.99696">
    <ele>191.98000000000002</ele>
   </trkpt>
   <trkpt lat="55.48641000000001" lon="-2.9970600000000003">
    <ele>192.67000000000002</ele>
   </trkpt>
   <trkpt lat="55.485807508089735" lon="-2.997872537246735">
    <ele>193.87</ele>
   </trkpt>
   <trkpt lat="55.48520501079982" lon="-2.9986850496431265">
    <ele>195.31</ele>
   </trkpt>
   <trkpt lat="55.484602508130514" lon="-2.9994975371902712">
    <ele>196.33</ele>
   </trkpt>
   <trkpt lat="55.484" lon="-3.0003100000000003">
    <ele>197.08</ele>
   </trkpt>
   <trkpt lat="55.483900000000006" lon="-3.0004100000000005">
    <ele>197.4</ele>
   </trkpt>
   <trkpt lat="55.48359000000001" lon="-3.00048">
    <ele>197.48000000000002</ele>
   </trkpt>
   <trkpt lat="55.4834" lon="-3.00063">
    <ele>197.4</ele>
   </trkpt>
   <trkpt lat="55.483290000000004" lon="-3.00082">
    <ele>197.4</ele>
   </trkpt>
   <trkpt lat="55.482910000000004" lon="-3.0018300000000004">
    <ele>197.8</ele>
   </trkpt>
   <trkpt lat="55.482710000000004" lon="-3.00252">
    <ele>197.97</ele>
   </trkpt>
   <trkpt lat="55.48227000000001" lon="-3.00369">
    <ele>196.53</ele>
   </trkpt>
   <trkpt lat="55.48228" lon="-3.0036600000000004">
    <ele>196.53</ele>
   </trkpt>
   <trkpt lat="55.48225000000001" lon="-3.00388">
    <ele>196.48000000000002</ele>
   </trkpt>
   <trkpt lat="55.48228" lon="-3.00421">
    <ele>196.5</ele>
   </trkpt>
   <trkpt lat="55.48246" lon="-3.00496">
    <ele>196.68</ele>
   </trkpt>
   <trkpt lat="55.482800000000005" lon="-3.00563">
    <ele>197.06</ele>
   </trkpt>
   <trkpt lat="55.482910000000004" lon="-3.00597">
    <ele>197.29000000000002</ele>
   </trkpt>
   <trkpt lat="55.483000000000004" lon="-3.0072200000000002">
    <ele>198.73000000000002</ele>
   </trkpt>
   <trkpt lat="55.482980000000005" lon="-3.0078300000000002">
    <ele>199.02</ele>
   </trkpt>
   <trkpt lat="55.48277" lon="-3.00903">
    <ele>199.09</ele>
   </trkpt>
   <trkpt lat="55.482545002067944" lon="-3.0097500042528873">
    <ele>198.89000000000001</ele>
   </trkpt>
   <trkpt lat="55.48232" lon="-3.01047">
    <ele>199.44</ele>
   </trkpt>
   <trkpt lat="55.48223" lon="-3.01065">
    <ele>199.44</ele>
   </trkpt>
   <trkpt lat="55.48176" lon="-3.0112500000000004">
    <ele>201.0</ele>
   </trkpt>
   <trkpt lat="55.481680000000004" lon="-3.01141">
    <ele>201.52</ele>
   </trkpt>
   <trkpt lat="55.481370000000005" lon="-3.01264">
    <ele>204.15000000000003</ele>
   </trkpt>
   <trkpt lat="55.481300000000005" lon="-3.0128500000000003">
    <ele>207.31000000000003</ele>
   </trkpt>
   <trkpt lat="55.480970000000006" lon="-3.0135">
    <ele>210.50000000000003</ele>
   </trkpt>
   <trkpt lat="55.480940000000004" lon="-3.01371">
    <ele>211.85</ele>
   </trkpt>
   <trkpt lat="55.48104334922776" lon="-3.0151066593172513">
    <ele>217.69000000000003</ele>
   </trkpt>
   <trkpt lat="55.48114668255932" lon="-3.0165033259598917">
    <ele>221.45000000000002</ele>
   </trkpt>
   <trkpt lat="55.48125" lon="-3.0179">
    <ele>222.45000000000002</ele>
   </trkpt>
   <trkpt lat="55.481390000000005" lon="-3.01893">
    <ele>221.77</ele>
   </trkpt>
   <trkpt lat="55.48160000000001" lon="-3.01989">
    <ele>220.41000000000003</ele>
   </trkpt>
   <trkpt lat="55.48176" lon="-3.02077">
    <ele>219.54000000000002</ele>
   </trkpt>
   <trkpt lat="55.48207000000001" lon="-3.0220300000000004">
    <ele>217.23</ele>
   </trkpt>
   <trkpt lat="55.48218000000001" lon="-3.02238">
    <ele>216.68</ele>
   </trkpt>
   <trkpt lat="55.48236000000001" lon="-3.02273">
    <ele>216.16000000000003</ele>
   </trkpt>
   <trkpt lat="55.482470000000006" lon="-3.02286">
    <ele>215.20000000000002</ele>
   </trkpt>
   <trkpt lat="55.48257" lon="-3.0229500000000002">
    <ele>215.20000000000002</ele>
   </trkpt>
   <trkpt lat="55.483055000145434" lon="-3.023204996798466">
    <ele>212.83</ele>
   </trkpt>
   <trkpt lat="55.483540000000005" lon="-3.02346">
    <ele>211.85</ele>
   </trkpt>
   <trkpt lat="55.484120000000004" lon="-3.0238">
    <ele>210.31000000000003</ele>
   </trkpt>
   <trkpt lat="55.48431000000001" lon="-3.02401">
    <ele>210.25000000000003</ele>
   </trkpt>
   <trkpt lat="55.484390000000005" lon="-3.02421">
    <ele>210.25000000000003</ele>
   </trkpt>
   <trkpt lat="55.48451000000001" lon="-3.02464">
    <ele>210.47000000000003</ele>
   </trkpt>
   <trkpt lat="55.48454" lon="-3.02495">
    <ele>210.66</ele>
   </trkpt>
   <trkpt lat="55.484540002673185" lon="-3.02575999981322">
    <ele>211.32</ele>
   </trkpt>
   <trkpt lat="55.48454" lon="-3.0265700000000004">
    <ele>212.09000000000003</ele>
   </trkpt>
   <trkpt lat="55.484730000000006" lon="-3.02794">
    <ele>213.25000000000003</ele>
   </trkpt>
   <trkpt lat="55.484915009475294" lon="-3.0294649928388346">
    <ele>215.34000000000003</ele>
   </trkpt>
   <trkpt lat="55.4851" lon="-3.03099">
    <ele>216.21</ele>
   </trkpt>
   <trkpt lat="55.48528" lon="-3.0318">
    <ele>216.59</ele>
   </trkpt>
   <trkpt lat="55.48546" lon="-3.03236">
    <ele>216.47000000000003</ele>
   </trkpt>
   <trkpt lat="55.48588000227" lon="-3.0331049920735564">
    <ele>214.38000000000002</ele>
   </trkpt>
   <trkpt lat="55.48630000000001" lon="-3.03385">
    <ele>213.71</ele>
   </trkpt>
   <trkpt lat="55.48646" lon="-3.03426">
    <ele>213.50000000000003</ele>
   </trkpt>
   <trkpt lat="55.48653" lon="-3.03473">
    <ele>214.29</ele>
   </trkpt>
   <trkpt lat="55.48661000265567" lon="-3.0355349985210087">
    <ele>214.50000000000003</ele>
   </trkpt>
   <trkpt lat="55.48669" lon="-3.03634">
    <ele>214.17000000000002</ele>
   </trkpt>
   <trkpt lat="55.48668000000001" lon="-3.03689">
    <ele>214.11</ele>
   </trkpt>
   <trkpt lat="55.486610000000006" lon="-3.03729">
    <ele>214.64000000000001</ele>
   </trkpt>
   <trkpt lat="55.486430000000006" lon="-3.0380000000000003">
    <ele>217.53000000000003</ele>
   </trkpt>
   <trkpt lat="55.48615" lon="-3.03899">
    <ele>221.85000000000002</ele>
   </trkpt>
   <trkpt lat="55.48594000452117" lon="-3.0400350052118985">
    <ele>223.12</ele>
   </trkpt>
   <trkpt lat="55.485730000000004" lon="-3.0410800000000004">
    <ele>221.94000000000003</ele>
   </trkpt>
   <trkpt lat="55.4855" lon="-3.04177">
    <ele>219.68</ele>
   </trkpt>
   <trkpt lat="55.48527000000001" lon="-3.04224">
    <ele>216.95</ele>
   </trkpt>
   <trkpt lat="55.485040000000005" lon="-3.04294">
    <ele>212.92000000000002</ele>
   </trkpt>
   <trkpt lat="55.484700002222" lon="-3.0436750062972595">
    <ele>212.16000000000003</ele>
   </trkpt>
   <trkpt lat="55.48436" lon="-3.04441">
    <ele>214.85000000000002</ele>
   </trkpt>
   <trkpt lat="55.484190000000005" lon="-3.04461">
    <ele>215.50000000000003</ele>
   </trkpt>
   <trkpt lat="55.483990000000006" lon="-3.04482">
    <ele>215.81000000000003</ele>
   </trkpt>
   <trkpt lat="55.483900000000006" lon="-3.0449400000000004">
    <ele>216.02</ele>
   </trkpt>
   <trkpt lat="55.4838" lon="-3.04511">
    <ele>216.14000000000001</ele>
   </trkpt>
   <trkpt lat="55.483520000000006" lon="-3.04579">
    <ele>217.05</ele>
   </trkpt>
   <trkpt lat="55.483410000000006" lon="-3.04597">
    <ele>217.46</ele>
   </trkpt>
   <trkpt lat="55.483090000000004" lon="-3.04631">
    <ele>218.43</ele>
   </trkpt>
   <trkpt lat="55.48265000000001" lon="-3.0469100000000005">
    <ele>220.48000000000002</ele>
   </trkpt>
   <trkpt lat="55.482110000000006" lon="-3.04755">
    <ele>222.38000000000002</ele>
   </trkpt>
   <trkpt lat="55.48183" lon="-3.0481300000000005">
    <ele>223.39000000000001</ele>
   </trkpt>
   <trkpt lat="55.48172" lon="-3.04827">
    <ele>224.03</ele>
   </trkpt>
   <trkpt lat="55.481480000000005" lon="-3.04848">
    <ele>224.70000000000002</ele>
   </trkpt>
   <trkpt lat="55.48124000000001" lon="-3.04895">
    <ele>226.05</ele>
   </trkpt>
   <trkpt lat="55.48115000000001" lon="-3.04936">
    <ele>226.3</ele>
   </trkpt>
   <trkpt lat="55.48093000000001" lon="-3.05011">
    <ele>226.53</ele>
   </trkpt>
   <trkpt lat="55.48077000382682" lon="-3.0510850042425206">
    <ele>226.25</ele>
   </trkpt>
   <trkpt lat="55.480610000000006" lon="-3.0520600000000004">
    <ele>226.95000000000002</ele>
   </trkpt>
   <trkpt lat="55.480500000000006" lon="-3.05263">
    <ele>226.04000000000002</ele>
   </trkpt>
   <trkpt lat="55.48030500322262" lon="-3.0535100040510232">
    <ele>224.14000000000001</ele>
   </trkpt>
   <trkpt lat="55.48011" lon="-3.05439">
    <ele>222.42000000000002</ele>
   </trkpt>
   <trkpt lat="55.48001500445188" lon="-3.055435002493753">
    <ele>224.64000000000001</ele>
   </trkpt>
   <trkpt lat="55.47992000000001" lon="-3.05648">
    <ele>227.86</ele>
   </trkpt>
   <trkpt lat="55.479850000000006" lon="-3.05675">
    <ele>229.04000000000002</ele>
   </trkpt>
   <trkpt lat="55.47968" lon="-3.05704">
    <ele>230.11</ele>
   </trkpt>
   <trkpt lat="55.47952000000001" lon="-3.05722">
    <ele>230.65</ele>
   </trkpt>
   <trkpt lat="55.47936000000001" lon="-3.0574500000000002">
    <ele>231.12</ele>
   </trkpt>
   <trkpt lat="55.479130000000005" lon="-3.05791">
    <ele>231.04000000000002</ele>
   </trkpt>
   <trkpt lat="55.47896000000001" lon="-3.05832">
    <ele>231.03</ele>
   </trkpt>
   <trkpt lat="55.47867" lon="-3.0592500000000005">
    <ele>230.42000000000002</ele>
   </trkpt>
   <trkpt lat="55.478505002366" lon="-3.060015003289095">
    <ele>228.14000000000001</ele>
   </trkpt>
   <trkpt lat="55.47834" lon="-3.0607800000000003">
    <ele>226.79000000000002</ele>
   </trkpt>
   <trkpt lat="55.47827" lon="-3.0609300000000004">
    <ele>226.36</ele>
   </trkpt>
   <trkpt lat="55.47825" lon="-3.06095">
    <ele>226.3</ele>
   </trkpt>
   <trkpt lat="55.477720000000005" lon="-3.0615500000000004">
    <ele>223.89000000000001</ele>
   </trkpt>
   <trkpt lat="55.477560000000004" lon="-3.06183">
    <ele>223.06</ele>
   </trkpt>
   <trkpt lat="55.47742" lon="-3.0621300000000002">
    <ele>221.73000000000002</ele>
   </trkpt>
   <trkpt lat="55.47729" lon="-3.06237">
    <ele>220.92</ele>
   </trkpt>
   <trkpt lat="55.476910000000004" lon="-3.06264">
    <ele>220.25000000000003</ele>
   </trkpt>
   <trkpt lat="55.476620000000004" lon="-3.06306">
    <ele>219.2</ele>
   </trkpt>
   <trkpt lat="55.476440000000004" lon="-3.06339">
    <ele>218.49</ele>
   </trkpt>
   <trkpt lat="55.47618000000001" lon="-3.064">
    <ele>217.64000000000001</ele>
   </trkpt>
   <trkpt lat="55.475730000000006" lon="-3.06531">
    <ele>216.32000000000002</ele>
   </trkpt>
   <trkpt lat="55.47542000000001" lon="-3.06591">
    <ele>217.13000000000002</ele>
   </trkpt>
   <trkpt lat="55.47518" lon="-3.06624">
    <ele>217.73</ele>
   </trkpt>
   <trkpt lat="55.47493000000001" lon="-3.0664000000000002">
    <ele>219.08</ele>
   </trkpt>
   <trkpt lat="55.474700000000006" lon="-3.0664000000000002">
    <ele>220.86</ele>
   </trkpt>
   <trkpt lat="55.47449" lon="-3.06637">
    <ele>221.59</ele>
   </trkpt>
   <trkpt lat="55.474250000000005" lon="-3.06644">
    <ele>223.17000000000002</ele>
   </trkpt>
   <trkpt lat="55.47395" lon="-3.06664">
    <ele>225.58</ele>
   </trkpt>
   <trkpt lat="55.47372000000001" lon="-3.06686">
    <ele>226.27</ele>
   </trkpt>
   <trkpt lat="55.473560000000006" lon="-3.06712">
    <ele>227.09</ele>
   </trkpt>
   <trkpt lat="55.47341" lon="-3.0675200000000005">
    <ele>227.08000000000004</ele>
   </trkpt>
   <trkpt lat="55.47303000292453" lon="-3.0683750083647574">
    <ele>223.70000000000002</ele>
   </trkpt>
   <trkpt lat="55.47265" lon="-3.06923">
    <ele>219.97000000000003</ele>
   </trkpt>
   <trkpt lat="55.472190000000005" lon="-3.07024">
    <ele>215.10000000000002</ele>
   </trkpt>
   <trkpt lat="55.47207" lon="-3.0704000000000002">
    <ele>214.79</ele>
   </trkpt>
   <trkpt lat="55.47131" lon="-3.0712">
    <ele>216.52</ele>
   </trkpt>
   <trkpt lat="55.47085000077133" lon="-3.0716450052271003">
    <ele>219.15</ele>
   </trkpt>
   <trkpt lat="55.47039" lon="-3.07209">
    <ele>221.06</ele>
   </trkpt>
   <trkpt lat="55.47014000000001" lon="-3.0723000000000003">
    <ele>222.02</ele>
   </trkpt>
   <trkpt lat="55.46933000000001" lon="-3.07282">
    <ele>226.04000000000002</ele>
   </trkpt>
   <trkpt lat="55.468990000000005" lon="-3.07308">
    <ele>227.26000000000002</ele>
   </trkpt>
   <trkpt lat="55.46878" lon="-3.07329">
    <ele>228.55000000000004</ele>
   </trkpt>
   <trkpt lat="55.468680000000006" lon="-3.07344">
    <ele>229.01000000000002</ele>
   </trkpt>
   <trkpt lat="55.468590000000006" lon="-3.07377">
    <ele>230.53</ele>
   </trkpt>
   <trkpt lat="55.46849" lon="-3.07424">
    <ele>232.24000000000004</ele>
   </trkpt>
   <trkpt lat="55.468430000000005" lon="-3.07437">
    <ele>232.76000000000002</ele>
   </trkpt>
   <trkpt lat="55.468300000000006" lon="-3.0745400000000003">
    <ele>233.55</ele>
   </trkpt>
   <trkpt lat="55.46802" lon="-3.0748400000000005">
    <ele>234.57000000000002</ele>
   </trkpt>
   <trkpt lat="55.467890000000004" lon="-3.07491">
    <ele>235.21000000000004</ele>
   </trkpt>
   <trkpt lat="55.467530000000004" lon="-3.07521">
    <ele>236.71000000000004</ele>
   </trkpt>
   <trkpt lat="55.46734000000001" lon="-3.07532">
    <ele>237.52</ele>
   </trkpt>
   <trkpt lat="55.46694" lon="-3.07546">
    <ele>239.05</ele>
   </trkpt>
   <trkpt lat="55.466730000000005" lon="-3.07559">
    <ele>239.74</ele>
   </trkpt>
   <trkpt lat="55.46604000000001" lon="-3.0763300000000005">
    <ele>236.46000000000004</ele>
   </trkpt>
   <trkpt lat="55.46584000000001" lon="-3.0765700000000002">
    <ele>235.63</ele>
   </trkpt>
   <trkpt lat="55.46546000000001" lon="-3.07735">
    <ele>232.63000000000002</ele>
   </trkpt>
   <trkpt lat="55.465140000000005" lon="-3.07776">
    <ele>230.95000000000002</ele>
   </trkpt>
   <trkpt lat="55.465050000000005" lon="-3.07797">
    <ele>230.65</ele>
   </trkpt>
   <trkpt lat="55.464940000000006" lon="-3.07837">
    <ele>230.20000000000002</ele>
   </trkpt>
   <trkpt lat="55.464850000000006" lon="-3.0785700000000005">
    <ele>230.17000000000002</ele>
   </trkpt>
   <trkpt lat="55.464330000000004" lon="-3.07948">
    <ele>230.77000000000004</ele>
   </trkpt>
   <trkpt lat="55.464150000000004" lon="-3.07975">
    <ele>230.77000000000004</ele>
   </trkpt>
   <trkpt lat="55.463800000000006" lon="-3.08041">
    <ele>230.96</ele>
   </trkpt>
   <trkpt lat="55.463370000000005" lon="-3.08135">
    <ele>230.94</ele>
   </trkpt>
   <trkpt lat="55.46289500323475" lon="-3.0822350105809835">
    <ele>231.19</ele>
   </trkpt>
   <trkpt lat="55.46242" lon="-3.08312">
    <ele>231.66000000000003</ele>
   </trkpt>
   <trkpt lat="55.462160000000004" lon="-3.08379">
    <ele>232.05</ele>
   </trkpt>
   <trkpt lat="55.46185500208223" lon="-3.0845050055331447">
    <ele>232.86</ele>
   </trkpt>
   <trkpt lat="55.46155" lon="-3.08522">
    <ele>234.47</ele>
   </trkpt>
   <trkpt lat="55.46115" lon="-3.08591">
    <ele>236.06</ele>
   </trkpt>
   <trkpt lat="55.46097" lon="-3.08617">
    <ele>236.3</ele>
   </trkpt>
   <trkpt lat="55.460570000000004" lon="-3.08651">
    <ele>235.94</ele>
   </trkpt>
   <trkpt lat="55.45993000000001" lon="-3.08714">
    <ele>234.51000000000002</ele>
   </trkpt>
   <trkpt lat="55.45976" lon="-3.08733">
    <ele>234.12</ele>
   </trkpt>
   <trkpt lat="55.459630000000004" lon="-3.08753">
    <ele>233.47</ele>
   </trkpt>
   <trkpt lat="55.45915" lon="-3.0884">
    <ele>230.64000000000001</ele>
   </trkpt>
   <trkpt lat="55.45870000175395" lon="-3.0890600075620545">
    <ele>229.55000000000004</ele>
   </trkpt>
   <trkpt lat="55.45825000000001" lon="-3.0897200000000002">
    <ele>229.31</ele>
   </trkpt>
   <trkpt lat="55.458110000000005" lon="-3.08998">
    <ele>229.06</ele>
   </trkpt>
   <trkpt lat="55.45773334129881" lon="-3.0909666854345583">
    <ele>226.94000000000003</ele>
   </trkpt>
   <trkpt lat="55.45735667466177" lon="-3.0919533520233395">
    <ele>223.48000000000002</ele>
   </trkpt>
   <trkpt lat="55.45698" lon="-3.0929400000000005">
    <ele>222.56</ele>
   </trkpt>
   <trkpt lat="55.45644000000001" lon="-3.09403">
    <ele>223.51000000000002</ele>
   </trkpt>
   <trkpt lat="55.456250000000004" lon="-3.09452">
    <ele>225.32000000000002</ele>
   </trkpt>
   <trkpt lat="55.45608000000001" lon="-3.09545">
    <ele>228.79000000000002</ele>
   </trkpt>
   <trkpt lat="55.455980000000004" lon="-3.0960900000000002">
    <ele>230.19</ele>
   </trkpt>
   <trkpt lat="55.45595" lon="-3.0970600000000004">
    <ele>231.46</ele>
   </trkpt>
   <trkpt lat="55.455890000000004" lon="-3.0973400000000004">
    <ele>231.82000000000002</ele>
   </trkpt>
   <trkpt lat="55.455600003329586" lon="-3.0982400065299025">
    <ele>231.48000000000002</ele>
   </trkpt>
   <trkpt lat="55.455310000000004" lon="-3.0991400000000002">
    <ele>231.4</ele>
   </trkpt>
   <trkpt lat="55.45488" lon="-3.10001">
    <ele>232.71000000000004</ele>
   </trkpt>
   <trkpt lat="55.454750000000004" lon="-3.10015">
    <ele>233.95000000000002</ele>
   </trkpt>
   <trkpt lat="55.45412333499664" lon="-3.1005966808325103">
    <ele>236.78</ele>
   </trkpt>
   <trkpt lat="55.4534966683668" lon="-3.1010433474726558">
    <ele>238.07000000000002</ele>
   </trkpt>
   <trkpt lat="55.452870000000004" lon="-3.10149">
    <ele>239.51000000000002</ele>
   </trkpt>
   <trkpt lat="55.452110002007394" lon="-3.1019866858059864">
    <ele>241.28000000000003</ele>
   </trkpt>
   <trkpt lat="55.45135000200372" lon="-3.102483352474611">
    <ele>243.25000000000003</ele>
   </trkpt>
   <trkpt lat="55.450590000000005" lon="-3.10298">
    <ele>243.15000000000003</ele>
   </trkpt>
   <trkpt lat="55.450070000000004" lon="-3.1032">
    <ele>241.42000000000002</ele>
   </trkpt>
   <trkpt lat="55.449780000000004" lon="-3.10325">
    <ele>239.09000000000003</ele>
   </trkpt>
   <trkpt lat="55.44957" lon="-3.1032">
    <ele>238.39000000000001</ele>
   </trkpt>
   <trkpt lat="55.449070000000006" lon="-3.10299">
    <ele>236.07000000000002</ele>
   </trkpt>
   <trkpt lat="55.44897" lon="-3.1030100000000003">
    <ele>236.07000000000002</ele>
   </trkpt>
   <trkpt lat="55.448890000000006" lon="-3.10306">
    <ele>236.07000000000002</ele>
   </trkpt>
   <trkpt lat="55.44863" lon="-3.10339">
    <ele>232.42000000000002</ele>
   </trkpt>
   <trkpt lat="55.448550000000004" lon="-3.10346">
    <ele>232.42000000000002</ele>
   </trkpt>
   <trkpt lat="55.44845" lon="-3.10352">
    <ele>232.42000000000002</ele>
   </trkpt>
   <trkpt lat="55.448190000000004" lon="-3.10352">
    <ele>230.18</ele>
   </trkpt>
   <trkpt lat="55.447990000000004" lon="-3.1036">
    <ele>229.17000000000002</ele>
   </trkpt>
   <trkpt lat="55.44755000000001" lon="-3.1039200000000005">
    <ele>227.98000000000002</ele>
   </trkpt>
   <trkpt lat="55.44755000000001" lon="-3.1039100000000004">
    <ele>227.98000000000002</ele>
   </trkpt>
   <trkpt lat="55.44716667457438" lon="-3.1029266476222217">
    <ele>223.63000000000002</ele>
   </trkpt>
   <trkpt lat="55.446783341265295" lon="-3.1019433143514408">
    <ele>221.60000000000002</ele>
   </trkpt>
   <trkpt lat="55.446400000000004" lon="-3.10096">
    <ele>221.81</ele>
   </trkpt>
   <trkpt lat="55.44604" lon="-3.10013">
    <ele>222.49</ele>
   </trkpt>
   <trkpt lat="55.4457" lon="-3.09947">
    <ele>222.63000000000002</ele>
   </trkpt>
   <trkpt lat="55.44545" lon="-3.0991000000000004">
    <ele>222.8</ele>
   </trkpt>
   <trkpt lat="55.44518000000001" lon="-3.09892">
    <ele>222.94000000000003</ele>
   </trkpt>
   <trkpt lat="55.44444000000001" lon="-3.09857">
    <ele>223.56</ele>
   </trkpt>
   <trkpt lat="55.444230000000005" lon="-3.0985300000000002">
    <ele>224.10000000000002</ele>
   </trkpt>
   <trkpt lat="55.443900000000006" lon="-3.0983">
    <ele>224.31</ele>
   </trkpt>
   <trkpt lat="55.44322500185423" lon="-3.0976549891184373">
    <ele>224.99</ele>
   </trkpt>
   <trkpt lat="55.442550000000004" lon="-3.09701">
    <ele>225.41000000000003</ele>
   </trkpt>
   <trkpt lat="55.44232" lon="-3.09668">
    <ele>225.76000000000002</ele>
   </trkpt>
   <trkpt lat="55.441930000000006" lon="-3.0958500000000004">
    <ele>225.91000000000003</ele>
   </trkpt>
   <trkpt lat="55.44145" lon="-3.09506">
    <ele>227.06</ele>
   </trkpt>
   <trkpt lat="55.44122" lon="-3.09444">
    <ele>227.39000000000001</ele>
   </trkpt>
   <trkpt lat="55.44108000000001" lon="-3.09383">
    <ele>227.43</ele>
   </trkpt>
   <trkpt lat="55.44086000000001" lon="-3.09247">
    <ele>227.20000000000002</ele>
   </trkpt>
   <trkpt lat="55.44059000250163" lon="-3.091684994598799">
    <ele>227.64000000000001</ele>
   </trkpt>
   <trkpt lat="55.44032000000001" lon="-3.0909000000000004">
    <ele>228.32000000000002</ele>
   </trkpt>
   <trkpt lat="55.440200000000004" lon="-3.09045">
    <ele>228.75</ele>
   </trkpt>
   <trkpt lat="55.440070000000006" lon="-3.0897900000000003">
    <ele>229.30000000000004</ele>
   </trkpt>
   <trkpt lat="55.439940006827996" lon="-3.0884949956460925">
    <ele>230.21</ele>
   </trkpt>
   <trkpt lat="55.43981" lon="-3.0872">
    <ele>230.72</ele>
   </trkpt>
   <trkpt lat="55.43959" lon="-3.0858200000000005">
    <ele>231.58</ele>
   </trkpt>
   <trkpt lat="55.439490000000006" lon="-3.0849400000000005">
    <ele>232.04000000000002</ele>
   </trkpt>
   <trkpt lat="55.439350000000005" lon="-3.08393">
    <ele>232.78</ele>
   </trkpt>
   <trkpt lat="55.43920000000001" lon="-3.08325">
    <ele>233.64000000000001</ele>
   </trkpt>
   <trkpt lat="55.43911000000001" lon="-3.08298">
    <ele>233.64000000000001</ele>
   </trkpt>
   <trkpt lat="55.438660000000006" lon="-3.0819">
    <ele>234.23000000000002</ele>
   </trkpt>
   <trkpt lat="55.43837000156087" lon="-3.0812349945589173">
    <ele>235.40000000000003</ele>
   </trkpt>
   <trkpt lat="55.43808000000001" lon="-3.0805700000000003">
    <ele>236.07000000000002</ele>
   </trkpt>
   <trkpt lat="55.438030000000005" lon="-3.0804400000000003">
    <ele>236.09</ele>
   </trkpt>
   <trkpt lat="55.43788000000001" lon="-3.0798900000000002">
    <ele>236.0</ele>
   </trkpt>
   <trkpt lat="55.4378" lon="-3.07968">
    <ele>236.0</ele>
   </trkpt>
   <trkpt lat="55.437740000000005" lon="-3.0796">
    <ele>236.05</ele>
   </trkpt>
   <trkpt lat="55.437580000000004" lon="-3.07946">
    <ele>236.10000000000002</ele>
   </trkpt>
   <trkpt lat="55.43713" lon="-3.07927">
    <ele>236.48000000000002</ele>
   </trkpt>
   <trkpt lat="55.4365" lon="-3.07891">
    <ele>236.62000000000003</ele>
   </trkpt>
   <trkpt lat="55.436260000000004" lon="-3.07885">
    <ele>237.45000000000002</ele>
   </trkpt>
   <trkpt lat="55.43605" lon="-3.07885">
    <ele>239.01000000000002</ele>
   </trkpt>
   <trkpt lat="55.43587" lon="-3.0789000000000004">
    <ele>239.44</ele>
   </trkpt>
   <trkpt lat="55.43549" lon="-3.07907">
    <ele>239.63</ele>
   </trkpt>
   <trkpt lat="55.434855000417706" lon="-3.079435005943655">
    <ele>238.59000000000003</ele>
   </trkpt>
   <trkpt lat="55.43422" lon="-3.0798">
    <ele>238.96</ele>
   </trkpt>
   <trkpt lat="55.4339" lon="-3.07987">
    <ele>239.99</ele>
   </trkpt>
   <trkpt lat="55.433510000000005" lon="-3.08007">
    <ele>240.69</ele>
   </trkpt>
   <trkpt lat="55.43316000000001" lon="-3.08013">
    <ele>241.47</ele>
   </trkpt>
   <trkpt lat="55.43301" lon="-3.08014">
    <ele>242.01000000000002</ele>
   </trkpt>
   <trkpt lat="55.432770000000005" lon="-3.08007">
    <ele>242.39000000000001</ele>
   </trkpt>
   <trkpt lat="55.43260000000001" lon="-3.0799600000000003">
    <ele>242.57</ele>
   </trkpt>
   <trkpt lat="55.43244000000001" lon="-3.07981">
    <ele>242.64000000000001</ele>
   </trkpt>
   <trkpt lat="55.432190000000006" lon="-3.07941">
    <ele>242.74</ele>
   </trkpt>
   <trkpt lat="55.43171" lon="-3.07851">
    <ele>243.76000000000002</ele>
   </trkpt>
   <trkpt lat="55.43142" lon="-3.0781600000000005">
    <ele>244.15000000000003</ele>
   </trkpt>
   <trkpt lat="55.43074000184681" lon="-3.0774799882493262">
    <ele>244.52</ele>
   </trkpt>
   <trkpt lat="55.430060000000005" lon="-3.0768000000000004">
    <ele>245.96</ele>
   </trkpt>
   <trkpt lat="55.42943500148473" lon="-3.076194990415481">
    <ele>246.50000000000003</ele>
   </trkpt>
   <trkpt lat="55.428810000000006" lon="-3.07559">
    <ele>248.47000000000003</ele>
   </trkpt>
   <trkpt lat="55.428540000000005" lon="-3.0754">
    <ele>248.87</ele>
   </trkpt>
   <trkpt lat="55.428200000000004" lon="-3.07526">
    <ele>249.18</ele>
   </trkpt>
   <trkpt lat="55.427600000139066" lon="-3.075094997500435">
    <ele>249.54000000000002</ele>
   </trkpt>
   <trkpt lat="55.42700000000001" lon="-3.07493">
    <ele>249.99</ele>
   </trkpt>
   <trkpt lat="55.426550000000006" lon="-3.07464">
    <ele>250.63000000000002</ele>
   </trkpt>
   <trkpt lat="55.42625" lon="-3.07451">
    <ele>251.38000000000005</ele>
   </trkpt>
   <trkpt lat="55.426050000000004" lon="-3.0745000000000005">
    <ele>251.52</ele>
   </trkpt>
   <trkpt lat="55.42551" lon="-3.07453">
    <ele>251.53000000000003</ele>
   </trkpt>
   <trkpt lat="55.424980000000005" lon="-3.07459">
    <ele>252.82999999999998</ele>
   </trkpt>
   <trkpt lat="55.42483000000001" lon="-3.07458">
    <ele>252.82999999999998</ele>
   </trkpt>
   <trkpt lat="55.424640000000004" lon="-3.07451">
    <ele>252.82999999999998</ele>
   </trkpt>
   <trkpt lat="55.42448" lon="-3.0743400000000003">
    <ele>253.34</ele>
   </trkpt>
   <trkpt lat="55.424290000000006" lon="-3.0739900000000002">
    <ele>253.92000000000002</ele>
   </trkpt>
   <trkpt lat="55.424150000000004" lon="-3.07364">
    <ele>254.24</ele>
   </trkpt>
   <trkpt lat="55.42394" lon="-3.07295">
    <ele>254.12</ele>
   </trkpt>
   <trkpt lat="55.42372000455351" lon="-3.0718999944268024">
    <ele>253.53000000000003</ele>
   </trkpt>
   <trkpt lat="55.423500000000004" lon="-3.07085">
    <ele>254.10000000000005</ele>
   </trkpt>
   <trkpt lat="55.423170000000006" lon="-3.06997">
    <ele>255.21000000000004</ele>
   </trkpt>
   <trkpt lat="55.42304000000001" lon="-3.06976">
    <ele>255.38</ele>
   </trkpt>
   <trkpt lat="55.422900000000006" lon="-3.0696200000000005">
    <ele>255.64000000000001</ele>
   </trkpt>
   <trkpt lat="55.42278" lon="-3.06956">
    <ele>255.95000000000002</ele>
   </trkpt>
   <trkpt lat="55.42257000000001" lon="-3.06949">
    <ele>256.79</ele>
   </trkpt>
   <trkpt lat="55.422230000000006" lon="-3.06929">
    <ele>258.68</ele>
   </trkpt>
   <trkpt lat="55.421850000000006" lon="-3.06896">
    <ele>260.04</ele>
   </trkpt>
   <trkpt lat="55.42152" lon="-3.06876">
    <ele>261.12</ele>
   </trkpt>
   <trkpt lat="55.42125000000001" lon="-3.0685000000000002">
    <ele>262.24</ele>
   </trkpt>
   <trkpt lat="55.4209" lon="-3.06801">
    <ele>264.41</ele>
   </trkpt>
   <trkpt lat="55.420820000000006" lon="-3.0677900000000005">
    <ele>264.41</ele>
   </trkpt>
   <trkpt lat="55.420730000000006" lon="-3.06739">
    <ele>266.26</ele>
   </trkpt>
   <trkpt lat="55.420390000000005" lon="-3.06646">
    <ele>269.97</ele>
   </trkpt>
   <trkpt lat="55.42015000000001" lon="-3.0656600000000003">
    <ele>272.21</ele>
   </trkpt>
   <trkpt lat="55.419940000000004" lon="-3.06522">
    <ele>273.66</ele>
   </trkpt>
   <trkpt lat="55.419740000000004" lon="-3.06436">
    <ele>279.29</ele>
   </trkpt>
   <trkpt lat="55.41967" lon="-3.0641700000000003">
    <ele>280.27000000000004</ele>
   </trkpt>
   <trkpt lat="55.419500000000006" lon="-3.06387">
    <ele>280.27000000000004</ele>
   </trkpt>
   <trkpt lat="55.41917" lon="-3.06346">
    <ele>286.65000000000003</ele>
   </trkpt>
   <trkpt lat="55.41901000000001" lon="-3.0631500000000003">
    <ele>286.65000000000003</ele>
   </trkpt>
   <trkpt lat="55.41881000000001" lon="-3.0624700000000002">
    <ele>288.89000000000004</ele>
   </trkpt>
   <trkpt lat="55.418530000000004" lon="-3.0617900000000002">
    <ele>291.7</ele>
   </trkpt>
   <trkpt lat="55.418330000000005" lon="-3.06103">
    <ele>296.28000000000003</ele>
   </trkpt>
   <trkpt lat="55.418290000000006" lon="-3.06068">
    <ele>296.28000000000003</ele>
   </trkpt>
   <trkpt lat="55.41832" lon="-3.06027">
    <ele>297.82000000000005</ele>
   </trkpt>
   <trkpt lat="55.418510000000005" lon="-3.05967">
    <ele>299.4</ele>
   </trkpt>
   <trkpt lat="55.41872000000001" lon="-3.05851">
    <ele>303.13</ele>
   </trkpt>
   <trkpt lat="55.41912000000001" lon="-3.0574600000000003">
    <ele>306.35</ele>
   </trkpt>
   <trkpt lat="55.41944000140863" lon="-3.056875004715708">
    <ele>307.24</ele>
   </trkpt>
   <trkpt lat="55.419760000000004" lon="-3.05629">
    <ele>309.88000000000005</ele>
   </trkpt>
   <trkpt lat="55.41993000000001" lon="-3.05587">
    <ele>310.17</ele>
   </trkpt>
   <trkpt lat="55.420270005446916" lon="-3.0547100101231384">
    <ele>309.22</ele>
   </trkpt>
   <trkpt lat="55.42061" lon="-3.0535500000000004">
    <ele>306.99</ele>
   </trkpt>
   <trkpt lat="55.42080000000001" lon="-3.05315">
    <ele>305.46</ele>
   </trkpt>
   <trkpt lat="55.42128" lon="-3.05242">
    <ele>301.55</ele>
   </trkpt>
   <trkpt lat="55.42146" lon="-3.0517600000000003">
    <ele>299.64</ele>
   </trkpt>
   <trkpt lat="55.4215950035073" lon="-3.05083000331376">
    <ele>296.65000000000003</ele>
   </trkpt>
   <trkpt lat="55.421730000000004" lon="-3.0499">
    <ele>297.50000000000006</ele>
   </trkpt>
   <trkpt lat="55.421960000000006" lon="-3.04902">
    <ele>300.75</ele>
   </trkpt>
   <trkpt lat="55.42225500210225" lon="-3.0483100051912158">
    <ele>301.63</ele>
   </trkpt>
   <trkpt lat="55.42255" lon="-3.0476">
    <ele>302.22</ele>
   </trkpt>
   <trkpt lat="55.42299500320743" lon="-3.0467150099451294">
    <ele>304.87</ele>
   </trkpt>
   <trkpt lat="55.42344000000001" lon="-3.04583">
    <ele>305.03000000000003</ele>
   </trkpt>
   <trkpt lat="55.42365" lon="-3.04544">
    <ele>305.25</ele>
   </trkpt>
   <trkpt lat="55.424130000000005" lon="-3.0451500000000005">
    <ele>307.33000000000004</ele>
   </trkpt>
   <trkpt lat="55.424310000000006" lon="-3.04488">
    <ele>307.61000000000007</ele>
   </trkpt>
   <trkpt lat="55.424675004063744" lon="-3.043875009439981">
    <ele>309.35</ele>
   </trkpt>
   <trkpt lat="55.42504" lon="-3.04287">
    <ele>311.3</ele>
   </trkpt>
   <trkpt lat="55.42515" lon="-3.04231">
    <ele>311.21000000000004</ele>
   </trkpt>
   <trkpt lat="55.42546" lon="-3.0415900000000002">
    <ele>311.6</ele>
   </trkpt>
   <trkpt lat="55.425630000000005" lon="-3.04103">
    <ele>311.36</ele>
   </trkpt>
   <trkpt lat="55.425975002684815" lon="-3.0402200070545398">
    <ele>312.06</ele>
   </trkpt>
   <trkpt lat="55.426320000000004" lon="-3.03941">
    <ele>311.98</ele>
   </trkpt>
   <trkpt lat="55.42643000266236" lon="-3.038600002351399">
    <ele>312.84</ele>
   </trkpt>
   <trkpt lat="55.42654" lon="-3.03779">
    <ele>314.04</ele>
   </trkpt>
   <trkpt lat="55.42683000543389" lon="-3.036635008504921">
    <ele>314.42</ele>
   </trkpt>
   <trkpt lat="55.42712" lon="-3.03548">
    <ele>313.20000000000005</ele>
   </trkpt>
   <trkpt lat="55.42732500587866" lon="-3.0342850058781363">
    <ele>313.96000000000004</ele>
   </trkpt>
   <trkpt lat="55.427530000000004" lon="-3.03309">
    <ele>315.90000000000003</ele>
   </trkpt>
   <trkpt lat="55.42762000931259" lon="-3.0315800031800846">
    <ele>315.70000000000005</ele>
   </trkpt>
   <trkpt lat="55.427710000000005" lon="-3.0300700000000003">
    <ele>315.51</ele>
   </trkpt>
   <trkpt lat="55.42761" lon="-3.02916">
    <ele>313.84</ele>
   </trkpt>
   <trkpt lat="55.42761" lon="-3.02875">
    <ele>312.77000000000004</ele>
   </trkpt>
   <trkpt lat="55.42763000000001" lon="-3.02848">
    <ele>312.77000000000004</ele>
   </trkpt>
   <trkpt lat="55.427730000000004" lon="-3.0281700000000003">
    <ele>311.93</ele>
   </trkpt>
   <trkpt lat="55.428236673886815" lon="-3.027230024097499">
    <ele>309.55000000000007</ele>
   </trkpt>
   <trkpt lat="55.428743340568204" lon="-3.0262900240706263">
    <ele>310.06</ele>
   </trkpt>
   <trkpt lat="55.42925" lon="-3.0253500000000004">
    <ele>310.64000000000004</ele>
   </trkpt>
   <trkpt lat="55.4294" lon="-3.02517">
    <ele>309.91</ele>
   </trkpt>
   <trkpt lat="55.429610000000004" lon="-3.02509">
    <ele>308.18</ele>
   </trkpt>
   <trkpt lat="55.43036500004516" lon="-3.0249250031697135">
    <ele>306.07</ele>
   </trkpt>
   <trkpt lat="55.43112000000001" lon="-3.02476">
    <ele>306.3</ele>
   </trkpt>
   <trkpt lat="55.431250000000006" lon="-3.0247">
    <ele>306.83000000000004</ele>
   </trkpt>
   <trkpt lat="55.431380000000004" lon="-3.02455">
    <ele>307.86</ele>
   </trkpt>
   <trkpt lat="55.431740000000005" lon="-3.0237000000000003">
    <ele>310.32000000000005</ele>
   </trkpt>
   <trkpt lat="55.431810000000006" lon="-3.02342">
    <ele>310.56</ele>
   </trkpt>
   <trkpt lat="55.431830000000005" lon="-3.02327">
    <ele>310.56</ele>
   </trkpt>
   <trkpt lat="55.43185000501907" lon="-3.022160000810607">
    <ele>312.19</ele>
   </trkpt>
   <trkpt lat="55.43187" lon="-3.0210500000000002">
    <ele>312.92</ele>
   </trkpt>
   <trkpt lat="55.43185000424584" lon="-3.020029999681614">
    <ele>312.64000000000004</ele>
   </trkpt>
   <trkpt lat="55.431830000000005" lon="-3.01901">
    <ele>313.43000000000006</ele>
   </trkpt>
   <trkpt lat="55.43200000488204" lon="-3.017915004758021">
    <ele>313.37</ele>
   </trkpt>
   <trkpt lat="55.432170000000006" lon="-3.01682">
    <ele>312.29</ele>
   </trkpt>
   <trkpt lat="55.43218500502105" lon="-3.0157100006059934">
    <ele>310.32000000000005</ele>
   </trkpt>
   <trkpt lat="55.4322" lon="-3.0146">
    <ele>308.85</ele>
   </trkpt>
   <trkpt lat="55.4321400122716" lon="-3.013373329636591">
    <ele>309.09000000000003</ele>
   </trkpt>
   <trkpt lat="55.43208001227313" lon="-3.0121466630014373">
    <ele>310.4</ele>
   </trkpt>
   <trkpt lat="55.43202" lon="-3.01092">
    <ele>312.02000000000004</ele>
   </trkpt>
   <trkpt lat="55.43199001280988" lon="-3.009666664784074">
    <ele>313.02000000000004</ele>
   </trkpt>
   <trkpt lat="55.4319600128104" lon="-3.008413331472576">
    <ele>306.85</ele>
   </trkpt>
   <trkpt lat="55.43193" lon="-3.0071600000000003">
    <ele>305.18</ele>
   </trkpt>
   <trkpt lat="55.43193" lon="-3.00719">
    <ele>305.1700000000001</ele>
   </trkpt>
   <trkpt lat="55.431900000000006" lon="-3.0068200000000003">
    <ele>305.37</ele>
   </trkpt>
   <trkpt lat="55.43184" lon="-3.00658">
    <ele>305.53000000000003</ele>
   </trkpt>
   <trkpt lat="55.43175000000001" lon="-3.0063600000000004">
    <ele>305.53000000000003</ele>
   </trkpt>
   <trkpt lat="55.43162" lon="-3.00591">
    <ele>305.29</ele>
   </trkpt>
   <trkpt lat="55.43157000000001" lon="-3.0054200000000004">
    <ele>305.32000000000005</ele>
   </trkpt>
   <trkpt lat="55.43146" lon="-3.0047800000000002">
    <ele>305.68</ele>
   </trkpt>
   <trkpt lat="55.43097500201258" lon="-3.004084991523971">
    <ele>307.74</ele>
   </trkpt>
   <trkpt lat="55.430490000000006" lon="-3.0033900000000004">
    <ele>309.26000000000005</ele>
   </trkpt>
   <trkpt lat="55.430160002181104" lon="-3.0026849944375495">
    <ele>310.38000000000005</ele>
   </trkpt>
   <trkpt lat="55.42983" lon="-3.00198">
    <ele>310.51</ele>
   </trkpt>
   <trkpt lat="55.429390000000005" lon="-3.00143">
    <ele>311.04</ele>
   </trkpt>
   <trkpt lat="55.42887" lon="-3.00069">
    <ele>310.52000000000004</ele>
   </trkpt>
   <trkpt lat="55.42873" lon="-3.00042">
    <ele>310.09000000000003</ele>
   </trkpt>
   <trkpt lat="55.428630000000005" lon="-3.0000700000000005">
    <ele>309.73</ele>
   </trkpt>
   <trkpt lat="55.428470000000004" lon="-2.99935">
    <ele>308.03000000000003</ele>
   </trkpt>
   <trkpt lat="55.42835" lon="-2.9982400000000005">
    <ele>306.55</ele>
   </trkpt>
   <trkpt lat="55.428180000000005" lon="-2.9972900000000005">
    <ele>305.55</ele>
   </trkpt>
   <trkpt lat="55.428020000000004" lon="-2.99671">
    <ele>304.91</ele>
   </trkpt>
   <trkpt lat="55.42768" lon="-2.99588">
    <ele>302.35</ele>
   </trkpt>
   <trkpt lat="55.42752" lon="-2.99554">
    <ele>301.24</ele>
   </trkpt>
   <trkpt lat="55.42748" lon="-2.99533">
    <ele>300.81</ele>
   </trkpt>
   <trkpt lat="55.42745000000001" lon="-2.995">
    <ele>299.63</ele>
   </trkpt>
   <trkpt lat="55.42737" lon="-2.99454">
    <ele>298.44000000000005</ele>
   </trkpt>
   <trkpt lat="55.427130000000005" lon="-2.99364">
    <ele>296.95000000000005</ele>
   </trkpt>
   <trkpt lat="55.42700000000001" lon="-2.99323">
    <ele>296.28000000000003</ele>
   </trkpt>
   <trkpt lat="55.4269" lon="-2.9931">
    <ele>296.21000000000004</ele>
   </trkpt>
   <trkpt lat="55.426770000000005" lon="-2.99298">
    <ele>296.2</ele>
   </trkpt>
   <trkpt lat="55.42612333517828" lon="-2.9925066511765483">
    <ele>295.67</ele>
   </trkpt>
   <trkpt lat="55.42547666852939" lon="-2.9920333178565364">
    <ele>295.41</ele>
   </trkpt>
   <trkpt lat="55.42483000000001" lon="-2.99156">
    <ele>295.03000000000003</ele>
   </trkpt>
   <trkpt lat="55.4245" lon="-2.9912300000000003">
    <ele>295.15000000000003</ele>
   </trkpt>
   <trkpt lat="55.42425000000001" lon="-2.99108">
    <ele>295.51000000000005</ele>
   </trkpt>
   <trkpt lat="55.424040000000005" lon="-2.99086">
    <ele>295.7</ele>
   </trkpt>
   <trkpt lat="55.423610000000004" lon="-2.99045">
    <ele>296.34000000000003</ele>
   </trkpt>
   <trkpt lat="55.423260000000006" lon="-2.9899700000000005">
    <ele>296.23</ele>
   </trkpt>
   <trkpt lat="55.422810000000005" lon="-2.98876">
    <ele>294.35</ele>
   </trkpt>
   <trkpt lat="55.42242" lon="-2.9876">
    <ele>292.40000000000003</ele>
   </trkpt>
   <trkpt lat="55.422140000000006" lon="-2.9869200000000005">
    <ele>290.83000000000004</ele>
   </trkpt>
   <trkpt lat="55.42192000000001" lon="-2.98626">
    <ele>290.51000000000005</ele>
   </trkpt>
   <trkpt lat="55.421670000000006" lon="-2.98573">
    <ele>290.03000000000003</ele>
   </trkpt>
   <trkpt lat="55.4215" lon="-2.98517">
    <ele>289.44</ele>
   </trkpt>
   <trkpt lat="55.421510000000005" lon="-2.98374">
    <ele>285.96999999999997</ele>
   </trkpt>
   <trkpt lat="55.421440000000004" lon="-2.9832">
    <ele>284.7</ele>
   </trkpt>
   <trkpt lat="55.421410003200364" lon="-2.9823149995206206">
    <ele>283.42</ele>
   </trkpt>
   <trkpt lat="55.421380000000006" lon="-2.98143">
    <ele>283.66</ele>
   </trkpt>
   <trkpt lat="55.421545005730806" lon="-2.9802450049173035">
    <ele>285.23</ele>
   </trkpt>
   <trkpt lat="55.421710000000004" lon="-2.97906">
    <ele>287.54</ele>
   </trkpt>
   <trkpt lat="55.421820000000004" lon="-2.97853">
    <ele>288.43</ele>
   </trkpt>
   <trkpt lat="55.42218500324404" lon="-2.977650007925197">
    <ele>290.61</ele>
   </trkpt>
   <trkpt lat="55.42255" lon="-2.97677">
    <ele>292.44000000000005</ele>
   </trkpt>
   <trkpt lat="55.422720000000005" lon="-2.97617">
    <ele>292.99</ele>
   </trkpt>
   <trkpt lat="55.42303000652576" lon="-2.974905009927839">
    <ele>289.51000000000005</ele>
   </trkpt>
   <trkpt lat="55.42334" lon="-2.97364">
    <ele>286.32</ele>
   </trkpt>
   <trkpt lat="55.42368500540868" lon="-2.972485010194202">
    <ele>282.07000000000005</ele>
   </trkpt>
   <trkpt lat="55.42403" lon="-2.97133">
    <ele>278.0</ele>
   </trkpt>
   <trkpt lat="55.42419" lon="-2.97072">
    <ele>277.46000000000004</ele>
   </trkpt>
   <trkpt lat="55.4243" lon="-2.9699700000000004">
    <ele>277.09</ele>
   </trkpt>
   <trkpt lat="55.424330000000005" lon="-2.96944">
    <ele>277.04</ele>
   </trkpt>
   <trkpt lat="55.42434000000001" lon="-2.9682500000000003">
    <ele>277.58000000000004</ele>
   </trkpt>
   <trkpt lat="55.424425004081414" lon="-2.9672500021079324">
    <ele>279.56</ele>
   </trkpt>
   <trkpt lat="55.424510000000005" lon="-2.96625">
    <ele>283.73</ele>
   </trkpt>
   <trkpt lat="55.42461" lon="-2.96538">
    <ele>285.23</ele>
   </trkpt>
   <trkpt lat="55.42461" lon="-2.96489">
    <ele>285.33000000000004</ele>
   </trkpt>
   <trkpt lat="55.424510000000005" lon="-2.96442">
    <ele>285.28000000000003</ele>
   </trkpt>
   <trkpt lat="55.424170000000004" lon="-2.96355">
    <ele>285.71000000000004</ele>
   </trkpt>
   <trkpt lat="55.424040000000005" lon="-2.9631000000000003">
    <ele>286.8</ele>
   </trkpt>
   <trkpt lat="55.42396" lon="-2.96245">
    <ele>286.46999999999997</ele>
   </trkpt>
   <trkpt lat="55.423955003121016" lon="-2.961574999724295">
    <ele>284.56</ele>
   </trkpt>
   <trkpt lat="55.423950000000005" lon="-2.9607">
    <ele>283.87</ele>
   </trkpt>
   <trkpt lat="55.42399" lon="-2.96009">
    <ele>283.46000000000004</ele>
   </trkpt>
   <trkpt lat="55.42409000000001" lon="-2.9595300000000004">
    <ele>283.29</ele>
   </trkpt>
   <trkpt lat="55.424220000000005" lon="-2.95906">
    <ele>282.26</ele>
   </trkpt>
   <trkpt lat="55.424580000000006" lon="-2.95818">
    <ele>280.85</ele>
   </trkpt>
   <trkpt lat="55.4247" lon="-2.95773">
    <ele>280.18</ele>
   </trkpt>
   <trkpt lat="55.424730000000004" lon="-2.9573">
    <ele>279.62</ele>
   </trkpt>
   <trkpt lat="55.42472000000001" lon="-2.95696">
    <ele>279.22</ele>
   </trkpt>
   <trkpt lat="55.42459" lon="-2.95616">
    <ele>278.64</ele>
   </trkpt>
   <trkpt lat="55.42441" lon="-2.95536">
    <ele>278.49</ele>
   </trkpt>
   <trkpt lat="55.42425500235613" lon="-2.9545999970213015">
    <ele>278.28000000000003</ele>
   </trkpt>
   <trkpt lat="55.4241" lon="-2.95384">
    <ele>278.37</ele>
   </trkpt>
   <trkpt lat="55.423950000000005" lon="-2.95296">
    <ele>280.32</ele>
   </trkpt>
   <trkpt lat="55.423970000000004" lon="-2.95278">
    <ele>280.6</ele>
   </trkpt>
   <trkpt lat="55.42414500225488" lon="-2.952030003489834">
    <ele>280.90000000000003</ele>
   </trkpt>
   <trkpt lat="55.42432" lon="-2.95128">
    <ele>280.62</ele>
   </trkpt>
   <trkpt lat="55.42451000756172" lon="-2.949920006402062">
    <ele>279.44</ele>
   </trkpt>
   <trkpt lat="55.4247" lon="-2.94856">
    <ele>281.27000000000004</ele>
   </trkpt>
   <trkpt lat="55.42495" lon="-2.94763">
    <ele>283.09</ele>
   </trkpt>
   <trkpt lat="55.425250000000005" lon="-2.94632">
    <ele>288.45000000000005</ele>
   </trkpt>
   <trkpt lat="55.4254" lon="-2.94572">
    <ele>289.88</ele>
   </trkpt>
   <trkpt lat="55.425630000000005" lon="-2.9453">
    <ele>292.49</ele>
   </trkpt>
   <trkpt lat="55.425760000000004" lon="-2.94491">
    <ele>293.78000000000003</ele>
   </trkpt>
   <trkpt lat="55.42586000000001" lon="-2.9443200000000003">
    <ele>296.72</ele>
   </trkpt>
   <trkpt lat="55.42589" lon="-2.94369">
    <ele>298.1</ele>
   </trkpt>
   <trkpt lat="55.425700000000006" lon="-2.94246">
    <ele>304.08</ele>
   </trkpt>
   <trkpt lat="55.425630000000005" lon="-2.94232">
    <ele>304.08</ele>
   </trkpt>
   <trkpt lat="55.42555" lon="-2.9422">
    <ele>304.64000000000004</ele>
   </trkpt>
   <trkpt lat="55.42539000000001" lon="-2.94207">
    <ele>305.23</ele>
   </trkpt>
   <trkpt lat="55.42524" lon="-2.94191">
    <ele>307.21000000000004</ele>
   </trkpt>
   <trkpt lat="55.42501000000001" lon="-2.94144">
    <ele>309.44000000000005</ele>
   </trkpt>
   <trkpt lat="55.42490000000001" lon="-2.94132">
    <ele>310.66</ele>
   </trkpt>
   <trkpt lat="55.424820000000004" lon="-2.9413">
    <ele>311.19</ele>
   </trkpt>
   <trkpt lat="55.424620000000004" lon="-2.94131">
    <ele>312.28</ele>
   </trkpt>
   <trkpt lat="55.42447000000001" lon="-2.94144">
    <ele>313.08000000000004</ele>
   </trkpt>
   <trkpt lat="55.423950000000005" lon="-2.94219">
    <ele>314.90000000000003</ele>
   </trkpt>
   <trkpt lat="55.423790000000004" lon="-2.94233">
    <ele>315.18</ele>
   </trkpt>
   <trkpt lat="55.423590000000004" lon="-2.9424200000000003">
    <ele>315.75</ele>
   </trkpt>
   <trkpt lat="55.42334" lon="-2.9424200000000003">
    <ele>317.38000000000005</ele>
   </trkpt>
   <trkpt lat="55.423030000000004" lon="-2.94227">
    <ele>319.47</ele>
   </trkpt>
   <trkpt lat="55.42259000000001" lon="-2.9421500000000003">
    <ele>321.51</ele>
   </trkpt>
   <trkpt lat="55.422430000000006" lon="-2.9420400000000004">
    <ele>322.01</ele>
   </trkpt>
   <trkpt lat="55.42224" lon="-2.9418400000000005">
    <ele>323.59000000000003</ele>
   </trkpt>
   <trkpt lat="55.421850000000006" lon="-2.94153">
    <ele>326.41</ele>
   </trkpt>
   <trkpt lat="55.4217" lon="-2.94139">
    <ele>327.20000000000005</ele>
   </trkpt>
   <trkpt lat="55.42159" lon="-2.9412000000000003">
    <ele>327.20000000000005</ele>
   </trkpt>
   <trkpt lat="55.421330000000005" lon="-2.9405500000000004">
    <ele>330.82</ele>
   </trkpt>
   <trkpt lat="55.42121" lon="-2.94035">
    <ele>330.82</ele>
   </trkpt>
   <trkpt lat="55.42052" lon="-2.93961">
    <ele>335.02000000000004</ele>
   </trkpt>
   <trkpt lat="55.42034" lon="-2.9392">
    <ele>333.23</ele>
   </trkpt>
   <trkpt lat="55.420230000000004" lon="-2.9388">
    <ele>330.45</ele>
   </trkpt>
   <trkpt lat="55.42033000000001" lon="-2.93737">
    <ele>324.19000000000005</ele>
   </trkpt>
   <trkpt lat="55.42027" lon="-2.9372000000000003">
    <ele>324.19000000000005</ele>
   </trkpt>
   <trkpt lat="55.42013000000001" lon="-2.9370900000000004">
    <ele>322.45</ele>
   </trkpt>
   <trkpt lat="55.41984000000001" lon="-2.93697">
    <ele>318.78000000000003</ele>
   </trkpt>
   <trkpt lat="55.41957000000001" lon="-2.93669">
    <ele>315.81</ele>
   </trkpt>
   <trkpt lat="55.41928000000001" lon="-2.93622">
    <ele>312.26000000000005</ele>
   </trkpt>
   <trkpt lat="55.419050000000006" lon="-2.9356400000000002">
    <ele>307.97</ele>
   </trkpt>
   <trkpt lat="55.418980000000005" lon="-2.9352">
    <ele>303.87</ele>
   </trkpt>
   <trkpt lat="55.418865004211085" lon="-2.9341849971322658">
    <ele>299.52</ele>
   </trkpt>
   <trkpt lat="55.41875" lon="-2.93317">
    <ele>295.98</ele>
   </trkpt>
   <trkpt lat="55.4185" lon="-2.93217">
    <ele>290.45000000000005</ele>
   </trkpt>
   <trkpt lat="55.41839" lon="-2.93114">
    <ele>287.2</ele>
   </trkpt>
   <trkpt lat="55.41818000000001" lon="-2.92994">
    <ele>283.53</ele>
   </trkpt>
   <trkpt lat="55.418060000000004" lon="-2.92849">
    <ele>276.13000000000005</ele>
   </trkpt>
   <trkpt lat="55.418060000000004" lon="-2.9279400000000004">
    <ele>274.29</ele>
   </trkpt>
   <trkpt lat="55.41814" lon="-2.92655">
    <ele>267.05</ele>
   </trkpt>
   <trkpt lat="55.418150000000004" lon="-2.92593">
    <ele>264.53000000000003</ele>
   </trkpt>
   <trkpt lat="55.418130000000005" lon="-2.9258">
    <ele>261.89</ele>
   </trkpt>
   <trkpt lat="55.417860000000005" lon="-2.92531">
    <ele>259.22</ele>
   </trkpt>
   <trkpt lat="55.41754" lon="-2.92449">
    <ele>255.65000000000003</ele>
   </trkpt>
   <trkpt lat="55.41747" lon="-2.92422">
    <ele>255.07000000000002</ele>
   </trkpt>
   <trkpt lat="55.41734" lon="-2.92361">
    <ele>254.95000000000002</ele>
   </trkpt>
   <trkpt lat="55.417260000000006" lon="-2.9233300000000004">
    <ele>254.96</ele>
   </trkpt>
   <trkpt lat="55.41699000197192" lon="-2.9226299951470147">
    <ele>255.63000000000002</ele>
   </trkpt>
   <trkpt lat="55.416720000000005" lon="-2.92193">
    <ele>256.98</ele>
   </trkpt>
   <trkpt lat="55.41644" lon="-2.92151">
    <ele>254.04999999999998</ele>
   </trkpt>
   <trkpt lat="55.41584" lon="-2.92083">
    <ele>250.32000000000005</ele>
   </trkpt>
   <trkpt lat="55.41568" lon="-2.92036">
    <ele>248.77</ele>
   </trkpt>
   <trkpt lat="55.41557" lon="-2.91969">
    <ele>245.91000000000003</ele>
   </trkpt>
   <trkpt lat="55.415580000000006" lon="-2.9195100000000003">
    <ele>245.58</ele>
   </trkpt>
   <trkpt lat="55.41561000000001" lon="-2.9194700000000005">
    <ele>245.58</ele>
   </trkpt>
   <trkpt lat="55.416050000000006" lon="-2.91902">
    <ele>245.29</ele>
   </trkpt>
   <trkpt lat="55.416520000000006" lon="-2.91821">
    <ele>242.43</ele>
   </trkpt>
   <trkpt lat="55.416850000000004" lon="-2.91771">
    <ele>240.48000000000002</ele>
   </trkpt>
   <trkpt lat="55.41714" lon="-2.91731">
    <ele>239.07000000000002</ele>
   </trkpt>
   <trkpt lat="55.41727" lon="-2.91719">
    <ele>239.02</ele>
   </trkpt>
   <trkpt lat="55.417930000000005" lon="-2.9166900000000004">
    <ele>239.93000000000004</ele>
   </trkpt>
   <trkpt lat="55.41808" lon="-2.9165300000000003">
    <ele>239.57000000000002</ele>
   </trkpt>
   <trkpt lat="55.418200000000006" lon="-2.91636">
    <ele>238.8</ele>
   </trkpt>
   <trkpt lat="55.41828" lon="-2.91622">
    <ele>238.58</ele>
   </trkpt>
   <trkpt lat="55.418470000000006" lon="-2.91569">
    <ele>238.72</ele>
   </trkpt>
   <trkpt lat="55.41854000000001" lon="-2.91541">
    <ele>237.78</ele>
   </trkpt>
   <trkpt lat="55.4185" lon="-2.91507">
    <ele>236.58</ele>
   </trkpt>
   <trkpt lat="55.41839" lon="-2.9146">
    <ele>234.72</ele>
   </trkpt>
   <trkpt lat="55.41839" lon="-2.91426">
    <ele>234.16</ele>
   </trkpt>
   <trkpt lat="55.41854000000001" lon="-2.91272">
    <ele>228.38000000000002</ele>
   </trkpt>
   <trkpt lat="55.41855" lon="-2.9118100000000005">
    <ele>224.59</ele>
   </trkpt>
   <trkpt lat="55.418620000000004" lon="-2.9114000000000004">
    <ele>221.07000000000002</ele>
   </trkpt>
   <trkpt lat="55.41875" lon="-2.91093">
    <ele>220.42</ele>
   </trkpt>
   <trkpt lat="55.41899000000001" lon="-2.9102200000000003">
    <ele>218.18</ele>
   </trkpt>
   <trkpt lat="55.41921000000001" lon="-2.9093700000000005">
    <ele>216.02</ele>
   </trkpt>
   <trkpt lat="55.41938500339981" lon="-2.908460003912806">
    <ele>211.47000000000003</ele>
   </trkpt>
   <trkpt lat="55.419560000000004" lon="-2.90755">
    <ele>207.87000000000003</ele>
   </trkpt>
   <trkpt lat="55.41975000000001" lon="-2.90688">
    <ele>203.44</ele>
   </trkpt>
   <trkpt lat="55.41991" lon="-2.90578">
    <ele>198.98000000000002</ele>
   </trkpt>
   <trkpt lat="55.419880000000006" lon="-2.90531">
    <ele>196.5</ele>
   </trkpt>
   <trkpt lat="55.41982" lon="-2.90483">
    <ele>193.88000000000002</ele>
   </trkpt>
   <trkpt lat="55.41977000000001" lon="-2.9039800000000002">
    <ele>189.76000000000002</ele>
   </trkpt>
   <trkpt lat="55.419700000000006" lon="-2.9033700000000002">
    <ele>188.25000000000003</ele>
   </trkpt>
   <trkpt lat="55.41966000000001" lon="-2.9022500000000004">
    <ele>183.87</ele>
   </trkpt>
   <trkpt lat="55.4195700026115" lon="-2.9014449978877854">
    <ele>181.59</ele>
   </trkpt>
   <trkpt lat="55.41948000000001" lon="-2.90064">
    <ele>179.58</ele>
   </trkpt>
   <trkpt lat="55.419360000000005" lon="-2.89982">
    <ele>178.45000000000002</ele>
   </trkpt>
   <trkpt lat="55.41935" lon="-2.8986300000000003">
    <ele>174.64000000000001</ele>
   </trkpt>
   <trkpt lat="55.419230000000006" lon="-2.89799">
    <ele>171.48000000000002</ele>
   </trkpt>
   <trkpt lat="55.419090000000004" lon="-2.8974300000000004">
    <ele>170.98000000000002</ele>
   </trkpt>
   <trkpt lat="55.41901000000001" lon="-2.8972100000000003">
    <ele>171.13</ele>
   </trkpt>
   <trkpt lat="55.41880500843831" lon="-2.8957699924019513">
    <ele>172.22</ele>
   </trkpt>
   <trkpt lat="55.418600000000005" lon="-2.89433">
    <ele>174.21</ele>
   </trkpt>
   <trkpt lat="55.418430002395624" lon="-2.8935599965853944">
    <ele>174.0</ele>
   </trkpt>
   <trkpt lat="55.418260000000004" lon="-2.89279">
    <ele>171.95000000000002</ele>
   </trkpt>
   <trkpt lat="55.41815500346813" lon="-2.891869997699281">
    <ele>171.07000000000002</ele>
   </trkpt>
   <trkpt lat="55.41805000000001" lon="-2.89095">
    <ele>172.38</ele>
   </trkpt>
   <trkpt lat="55.41796000000001" lon="-2.8898200000000003">
    <ele>172.76000000000002</ele>
   </trkpt>
   <trkpt lat="55.41796000000001" lon="-2.88954">
    <ele>172.76000000000002</ele>
   </trkpt>
   <trkpt lat="55.418000000000006" lon="-2.88913">
    <ele>173.84000000000003</ele>
   </trkpt>
   <trkpt lat="55.418150000000004" lon="-2.8883300000000003">
    <ele>173.47</ele>
   </trkpt>
   <trkpt lat="55.41816000000001" lon="-2.8879">
    <ele>172.77</ele>
   </trkpt>
   <trkpt lat="55.418150000000004" lon="-2.88707">
    <ele>169.79000000000002</ele>
   </trkpt>
   <trkpt lat="55.41825000000001" lon="-2.88565">
    <ele>167.83</ele>
   </trkpt>
   <trkpt lat="55.4184150054023" lon="-2.884500004739699">
    <ele>170.70000000000002</ele>
   </trkpt>
   <trkpt lat="55.418580000000006" lon="-2.88335">
    <ele>176.08</ele>
   </trkpt>
   <trkpt lat="55.418780000000005" lon="-2.8823900000000005">
    <ele>176.03000000000003</ele>
   </trkpt>
   <trkpt lat="55.41897" lon="-2.88105">
    <ele>179.05</ele>
   </trkpt>
   <trkpt lat="55.41902" lon="-2.88032">
    <ele>179.69000000000003</ele>
   </trkpt>
   <trkpt lat="55.41901500294626" lon="-2.8794699998837143">
    <ele>178.69</ele>
   </trkpt>
   <trkpt lat="55.41901000000001" lon="-2.87862">
    <ele>175.29</ele>
   </trkpt>
   <trkpt lat="55.41889000967303" lon="-2.877079995344581">
    <ele>172.58</ele>
   </trkpt>
   <trkpt lat="55.41877" lon="-2.8755400000000004">
    <ele>173.29000000000002</ele>
   </trkpt>
   <trkpt lat="55.41862500695412" lon="-2.8742349952928974">
    <ele>171.04000000000002</ele>
   </trkpt>
   <trkpt lat="55.41848" lon="-2.87293">
    <ele>169.16</ele>
   </trkpt>
   <trkpt lat="55.41825000000001" lon="-2.87182">
    <ele>163.62</ele>
   </trkpt>
   <trkpt lat="55.418150000000004" lon="-2.87108">
    <ele>158.53</ele>
   </trkpt>
   <trkpt lat="55.41816500319918" lon="-2.870195000028654">
    <ele>154.69000000000003</ele>
   </trkpt>
   <trkpt lat="55.41818000000001" lon="-2.86931">
    <ele>150.69000000000003</ele>
   </trkpt>
   <trkpt lat="55.41816000000001" lon="-2.8689400000000003">
    <ele>149.84</ele>
   </trkpt>
   <trkpt lat="55.41799" lon="-2.86796">
    <ele>150.29</ele>
   </trkpt>
   <trkpt lat="55.417970000000004" lon="-2.86769">
    <ele>151.06</ele>
   </trkpt>
   <trkpt lat="55.41805500636482" lon="-2.866440002793151">
    <ele>155.45</ele>
   </trkpt>
   <trkpt lat="55.41814" lon="-2.86519">
    <ele>157.79000000000002</ele>
   </trkpt>
   <trkpt lat="55.41808" lon="-2.86452">
    <ele>157.93</ele>
   </trkpt>
   <trkpt lat="55.41783000602119" lon="-2.863304992315796">
    <ele>158.42000000000002</ele>
   </trkpt>
   <trkpt lat="55.41758000000001" lon="-2.8620900000000002">
    <ele>158.23000000000002</ele>
   </trkpt>
   <trkpt lat="55.41751000000001" lon="-2.86165">
    <ele>157.93</ele>
   </trkpt>
   <trkpt lat="55.417430005378776" lon="-2.860499997464051">
    <ele>157.17</ele>
   </trkpt>
   <trkpt lat="55.417350000000006" lon="-2.85935">
    <ele>158.35999999999999</ele>
   </trkpt>
   <trkpt lat="55.417280000000005" lon="-2.85882">
    <ele>158.22</ele>
   </trkpt>
   <trkpt lat="55.417030000000004" lon="-2.85746">
    <ele>158.58</ele>
   </trkpt>
   <trkpt lat="55.41709" lon="-2.85596">
    <ele>155.41000000000003</ele>
   </trkpt>
   <trkpt lat="55.41704000000001" lon="-2.85542">
    <ele>154.89</ele>
   </trkpt>
   <trkpt lat="55.416940000000004" lon="-2.8547300000000004">
    <ele>154.88000000000002</ele>
   </trkpt>
   <trkpt lat="55.41682" lon="-2.85406">
    <ele>155.27</ele>
   </trkpt>
   <trkpt lat="55.41661000208913" lon="-2.85334999633827">
    <ele>154.36</ele>
   </trkpt>
   <trkpt lat="55.4164" lon="-2.85264">
    <ele>154.12</ele>
   </trkpt>
   <trkpt lat="55.416180000000004" lon="-2.85197">
    <ele>154.17</ele>
   </trkpt>
   <trkpt lat="55.415980000000005" lon="-2.85148">
    <ele>153.06</ele>
   </trkpt>
   <trkpt lat="55.415760000000006" lon="-2.85123">
    <ele>152.95</ele>
   </trkpt>
   <trkpt lat="55.41541" lon="-2.85108">
    <ele>153.34</ele>
   </trkpt>
   <trkpt lat="55.415000000000006" lon="-2.8510000000000004">
    <ele>153.50000000000003</ele>
   </trkpt>
   <trkpt lat="55.41469000000001" lon="-2.85082">
    <ele>153.46</ele>
   </trkpt>
   <trkpt lat="55.414190000000005" lon="-2.85041">
    <ele>151.92</ele>
   </trkpt>
   <trkpt lat="55.413540000000005" lon="-2.8496">
    <ele>147.18</ele>
   </trkpt>
   <trkpt lat="55.413340000000005" lon="-2.8492400000000004">
    <ele>145.28000000000003</ele>
   </trkpt>
   <trkpt lat="55.41293" lon="-2.8481">
    <ele>139.68</ele>
   </trkpt>
   <trkpt lat="55.41286" lon="-2.84755">
    <ele>137.11</ele>
   </trkpt>
   <trkpt lat="55.41274000000001" lon="-2.84613">
    <ele>133.26000000000002</ele>
   </trkpt>
   <trkpt lat="55.41254000000001" lon="-2.84493">
    <ele>128.46</ele>
   </trkpt>
   <trkpt lat="55.41234500310506" lon="-2.8440499954165928">
    <ele>125.76</ele>
   </trkpt>
   <trkpt lat="55.412150000000004" lon="-2.84317">
    <ele>125.4</ele>
   </trkpt>
   <trkpt lat="55.41196000000001" lon="-2.84207">
    <ele>126.77000000000002</ele>
   </trkpt>
   <trkpt lat="55.41188500318968" lon="-2.8411849982663067">
    <ele>127.83</ele>
   </trkpt>
   <trkpt lat="55.41181" lon="-2.8403">
    <ele>126.92</ele>
   </trkpt>
   <trkpt lat="55.41171000000001" lon="-2.8397500000000004">
    <ele>126.2</ele>
   </trkpt>
   <trkpt lat="55.411370000000005" lon="-2.83874">
    <ele>124.69000000000001</ele>
   </trkpt>
   <trkpt lat="55.41125" lon="-2.83822">
    <ele>124.19000000000001</ele>
   </trkpt>
   <trkpt lat="55.411100000000005" lon="-2.8374200000000003">
    <ele>123.74000000000001</ele>
   </trkpt>
   <trkpt lat="55.41104000000001" lon="-2.83664">
    <ele>123.63</ele>
   </trkpt>
   <trkpt lat="55.41097000562238" lon="-2.8354649977789825">
    <ele>123.52</ele>
   </trkpt>
   <trkpt lat="55.410900000000005" lon="-2.83429">
    <ele>122.06000000000002</ele>
   </trkpt>
   <trkpt lat="55.410900000000005" lon="-2.8343200000000004">
    <ele>122.10000000000001</ele>
   </trkpt>
   <trkpt lat="55.410900000000005" lon="-2.8339900000000005">
    <ele>121.69</ele>
   </trkpt>
   <trkpt lat="55.41095000000001" lon="-2.8334900000000003">
    <ele>121.17000000000002</ele>
   </trkpt>
   <trkpt lat="55.41111000000001" lon="-2.83237">
    <ele>120.49000000000001</ele>
   </trkpt>
   <trkpt lat="55.41128500522237" lon="-2.8312350052312865">
    <ele>119.95000000000002</ele>
   </trkpt>
   <trkpt lat="55.411460000000005" lon="-2.8301000000000003">
    <ele>119.69</ele>
   </trkpt>
   <trkpt lat="55.411730000000006" lon="-2.8287400000000003">
    <ele>119.65</ele>
   </trkpt>
   <trkpt lat="55.411910000000006" lon="-2.8280200000000004">
    <ele>120.39000000000001</ele>
   </trkpt>
   <trkpt lat="55.41219000812446" lon="-2.8270233473815383">
    <ele>120.73</ele>
   </trkpt>
   <trkpt lat="55.41247000814674" lon="-2.8260266806357732">
    <ele>119.9</ele>
   </trkpt>
   <trkpt lat="55.41275" lon="-2.8250300000000004">
    <ele>119.44</ele>
   </trkpt>
   <trkpt lat="55.41288" lon="-2.8245">
    <ele>119.3</ele>
   </trkpt>
   <trkpt lat="55.41292000000001" lon="-2.8242000000000003">
    <ele>119.10000000000001</ele>
   </trkpt>
   <trkpt lat="55.41293" lon="-2.82392">
    <ele>118.53</ele>
   </trkpt>
   <trkpt lat="55.412910000000004" lon="-2.82356">
    <ele>118.30000000000001</ele>
   </trkpt>
   <trkpt lat="55.41274000340419" lon="-2.822644996007582">
    <ele>117.86</ele>
   </trkpt>
   <trkpt lat="55.41257" lon="-2.82173">
    <ele>117.33</ele>
   </trkpt>
   <trkpt lat="55.412470000000006" lon="-2.8213800000000004">
    <ele>117.43</ele>
   </trkpt>
   <trkpt lat="55.41236000000001" lon="-2.8210800000000003">
    <ele>117.69</ele>
   </trkpt>
   <trkpt lat="55.412780000000005" lon="-2.82064">
    <ele>115.24000000000001</ele>
   </trkpt>
   <trkpt lat="55.413490001107775" lon="-2.8201000097668425">
    <ele>114.56</ele>
   </trkpt>
   <trkpt lat="55.4142" lon="-2.81956">
    <ele>114.52000000000001</ele>
   </trkpt>
   <trkpt lat="55.41433000000001" lon="-2.81936">
    <ele>114.7</ele>
   </trkpt>
   <trkpt lat="55.41458000000001" lon="-2.81888">
    <ele>114.73</ele>
   </trkpt>
   <trkpt lat="55.41516000000001" lon="-2.81788">
    <ele>114.83000000000001</ele>
   </trkpt>
   <trkpt lat="55.415310000000005" lon="-2.81766">
    <ele>115.43</ele>
   </trkpt>
   <trkpt lat="55.41546" lon="-2.81752">
    <ele>115.64</ele>
   </trkpt>
   <trkpt lat="55.4158900005108" lon="-2.817180003669927">
    <ele>116.29</ele>
   </trkpt>
   <trkpt lat="55.416320000000006" lon="-2.81684">
    <ele>115.41000000000001</ele>
   </trkpt>
   <trkpt lat="55.4167050006154" lon="-2.81641000434586">
    <ele>115.05000000000001</ele>
   </trkpt>
   <trkpt lat="55.41709" lon="-2.81598">
    <ele>115.06</ele>
   </trkpt>
   <trkpt lat="55.41765" lon="-2.8152100000000004">
    <ele>115.48</ele>
   </trkpt>
   <trkpt lat="55.4177" lon="-2.81502">
    <ele>114.94000000000001</ele>
   </trkpt>
   <trkpt lat="55.41772" lon="-2.8148700000000004">
    <ele>114.83000000000001</ele>
   </trkpt>
   <trkpt lat="55.4177" lon="-2.8146000000000004">
    <ele>114.83000000000001</ele>
   </trkpt>
   <trkpt lat="55.41765" lon="-2.8144">
    <ele>114.96000000000001</ele>
   </trkpt>
   <trkpt lat="55.417640000000006" lon="-2.81428">
    <ele>115.26000000000002</ele>
   </trkpt>
   <trkpt lat="55.41767" lon="-2.8141900000000004">
    <ele>115.26000000000002</ele>
   </trkpt>
   <trkpt lat="55.41754" lon="-2.81394">
    <ele>114.76000000000002</ele>
   </trkpt>
   <trkpt lat="55.4172" lon="-2.81285">
    <ele>113.04</ele>
   </trkpt>
   <trkpt lat="55.41705" lon="-2.8122000000000003">
    <ele>113.53</ele>
   </trkpt>
   <trkpt lat="55.417100000000005" lon="-2.81158">
    <ele>114.51</ele>
   </trkpt>
   <trkpt lat="55.417350000000006" lon="-2.81081">
    <ele>117.31</ele>
   </trkpt>
   <trkpt lat="55.417660000000005" lon="-2.81027">
    <ele>119.66000000000001</ele>
   </trkpt>
   <trkpt lat="55.41796000000001" lon="-2.80966">
    <ele>119.36</ele>
   </trkpt>
   <trkpt lat="55.41812" lon="-2.80905">
    <ele>119.8</ele>
   </trkpt>
   <trkpt lat="55.418380000000006" lon="-2.80757">
    <ele>118.74000000000001</ele>
   </trkpt>
   <trkpt lat="55.41863000000001" lon="-2.80703">
    <ele>119.53000000000002</ele>
   </trkpt>
   <trkpt lat="55.41886" lon="-2.80674">
    <ele>120.10000000000001</ele>
   </trkpt>
   <trkpt lat="55.419360001695075" lon="-2.8061350074137854">
    <ele>120.48</ele>
   </trkpt>
   <trkpt lat="55.41986000000001" lon="-2.80553">
    <ele>120.77000000000001</ele>
   </trkpt>
   <trkpt lat="55.42040000000001" lon="-2.80512">
    <ele>122.29</ele>
   </trkpt>
   <trkpt lat="55.420730000000006" lon="-2.80479">
    <ele>122.85000000000001</ele>
   </trkpt>
   <trkpt lat="55.421040000000005" lon="-2.8044300000000004">
    <ele>120.94</ele>
   </trkpt>
   <trkpt lat="55.42155000107014" lon="-2.8039550059940623">
    <ele>116.81</ele>
   </trkpt>
   <trkpt lat="55.42206" lon="-2.8034800000000004">
    <ele>117.53</ele>
   </trkpt>
   <trkpt lat="55.42226" lon="-2.8034600000000003">
    <ele>118.26</ele>
   </trkpt>
   <trkpt lat="55.42239000000001" lon="-2.80356">
    <ele>118.87</ele>
   </trkpt>
   <trkpt lat="55.42296" lon="-2.8042900000000004">
    <ele>122.73</ele>
   </trkpt>
   <trkpt lat="55.42305" lon="-2.80372">
    <ele>121.24000000000001</ele>
   </trkpt>
   <trkpt lat="55.42311" lon="-2.80302">
    <ele>120.4</ele>
   </trkpt>
   <trkpt lat="55.423100000000005" lon="-2.80261">
    <ele>121.97000000000001</ele>
   </trkpt>
   <trkpt lat="55.423" lon="-2.8016900000000002">
    <ele>123.7</ele>
   </trkpt>
   <trkpt lat="55.42304000000001" lon="-2.80128">
    <ele>122.98</ele>
   </trkpt>
   <trkpt lat="55.42320000412048" lon="-2.800275004059717">
    <ele>122.00000000000001</ele>
   </trkpt>
   <trkpt lat="55.42336" lon="-2.7992700000000004">
    <ele>123.42000000000002</ele>
   </trkpt>
   <trkpt lat="55.423390000000005" lon="-2.79875">
    <ele>123.21000000000001</ele>
   </trkpt>
   <trkpt lat="55.42329" lon="-2.7973600000000003">
    <ele>119.59000000000002</ele>
   </trkpt>
   <trkpt lat="55.42316" lon="-2.7959600000000004">
    <ele>114.24000000000001</ele>
   </trkpt>
   <trkpt lat="55.42315000000001" lon="-2.79563">
    <ele>112.94000000000001</ele>
   </trkpt>
   <trkpt lat="55.423230000000004" lon="-2.79536">
    <ele>110.26</ele>
   </trkpt>
   <trkpt lat="55.42315000000001" lon="-2.79523">
    <ele>109.31</ele>
   </trkpt>
   <trkpt lat="55.42307" lon="-2.79503">
    <ele>109.12</ele>
   </trkpt>
   <trkpt lat="55.423030000000004" lon="-2.79455">
    <ele>108.04</ele>
   </trkpt>
   <trkpt lat="55.423030000000004" lon="-2.79416">
    <ele>107.49</ele>
   </trkpt>
   <trkpt lat="55.42309500262068" lon="-2.7933600011819553">
    <ele>106.28000000000002</ele>
   </trkpt>
   <trkpt lat="55.42316" lon="-2.7925600000000004">
    <ele>105.59</ele>
   </trkpt>
   <trkpt lat="55.42326500306964" lon="-2.7916950021466085">
    <ele>105.52</ele>
   </trkpt>
   <trkpt lat="55.423370000000006" lon="-2.79083">
    <ele>105.49000000000001</ele>
   </trkpt>
   <trkpt lat="55.42343" lon="-2.79041">
    <ele>104.99000000000001</ele>
   </trkpt>
   <trkpt lat="55.42340000000001" lon="-2.79036">
    <ele>104.95000000000002</ele>
   </trkpt>
   <trkpt lat="55.423880000000004" lon="-2.79057">
    <ele>104.9</ele>
   </trkpt>
   <trkpt lat="55.42398000000001" lon="-2.7902">
    <ele>104.65</ele>
   </trkpt>
   <trkpt lat="55.42405" lon="-2.7901300000000004">
    <ele>104.65</ele>
   </trkpt>
   <trkpt lat="55.424820000000004" lon="-2.7894500000000004">
    <ele>103.68</ele>
   </trkpt>
   <trkpt lat="55.425290000000004" lon="-2.78905">
    <ele>103.43</ele>
   </trkpt>
   <trkpt lat="55.425160000000005" lon="-2.78803">
    <ele>103.18</ele>
   </trkpt>
   <trkpt lat="55.42555" lon="-2.78797">
    <ele>103.14</ele>
   </trkpt>
   <trkpt lat="55.42588000000001" lon="-2.78785">
    <ele>102.89</ele>
   </trkpt>
   <trkpt lat="55.426190000000005" lon="-2.7876800000000004">
    <ele>102.64</ele>
   </trkpt>
   <trkpt lat="55.4264" lon="-2.78749">
    <ele>102.52000000000001</ele>
   </trkpt>
   <trkpt lat="55.426950000000005" lon="-2.78688">
    <ele>102.5</ele>
   </trkpt>
   <trkpt lat="55.427290000000006" lon="-2.78643">
    <ele>102.75</ele>
   </trkpt>
   <trkpt lat="55.427760000000006" lon="-2.7857200000000004">
    <ele>103.53000000000002</ele>
   </trkpt>
   <trkpt lat="55.42797" lon="-2.78505">
    <ele>105.27</ele>
   </trkpt>
   <trkpt lat="55.428000000000004" lon="-2.7849700000000004">
    <ele>105.46000000000001</ele>
   </trkpt>
   <trkpt lat="55.42806" lon="-2.7848800000000002">
    <ele>105.78000000000002</ele>
   </trkpt>
   <trkpt lat="55.42819000000001" lon="-2.78478">
    <ele>106.06000000000002</ele>
   </trkpt>
   <trkpt lat="55.42830000000001" lon="-2.78472">
    <ele>106.26</ele>
   </trkpt>
   <trkpt lat="55.42839000000001" lon="-2.7847500000000003">
    <ele>106.45</ele>
   </trkpt>
   <trkpt lat="55.42871" lon="-2.78498">
    <ele>107.54</ele>
   </trkpt>
   <trkpt lat="55.42888000000001" lon="-2.78514">
    <ele>108.51</ele>
   </trkpt>
   <trkpt lat="55.42904000000001" lon="-2.78527">
    <ele>109.37</ele>
   </trkpt>
   <trkpt lat="55.429140000000004" lon="-2.78532">
    <ele>109.91000000000001</ele>
   </trkpt>
   <trkpt lat="55.429300000000005" lon="-2.7853600000000003">
    <ele>110.45</ele>
   </trkpt>
   <trkpt lat="55.42938" lon="-2.7853600000000003">
    <ele>111.63000000000001</ele>
   </trkpt>
   <trkpt lat="55.429480000000005" lon="-2.78533">
    <ele>111.63000000000001</ele>
   </trkpt>
   <trkpt lat="55.42958" lon="-2.78533">
    <ele>111.63000000000001</ele>
   </trkpt>
   <trkpt lat="55.42987" lon="-2.78526">
    <ele>113.55000000000001</ele>
   </trkpt>
   <trkpt lat="55.43001" lon="-2.7850900000000003">
    <ele>114.27000000000001</ele>
   </trkpt>
   <trkpt lat="55.430240000000005" lon="-2.78471">
    <ele>117.05000000000001</ele>
   </trkpt>
   <trkpt lat="55.43072667427904" lon="-2.7837433571802035">
    <ele>120.55</ele>
   </trkpt>
   <trkpt lat="55.43121334093831" lon="-2.7827766905287037">
    <ele>120.84</ele>
   </trkpt>
   <trkpt lat="55.431700000000006" lon="-2.78181">
    <ele>120.06000000000002</ele>
   </trkpt>
   <trkpt lat="55.43207" lon="-2.7811700000000004">
    <ele>118.86</ele>
   </trkpt>
   <trkpt lat="55.43245" lon="-2.78067">
    <ele>119.15</ele>
   </trkpt>
   <trkpt lat="55.432660000000006" lon="-2.78045">
    <ele>119.44</ele>
   </trkpt>
   <trkpt lat="55.432880000000004" lon="-2.7802700000000002">
    <ele>120.38000000000001</ele>
   </trkpt>
   <trkpt lat="55.43316000000001" lon="-2.7801">
    <ele>121.95000000000002</ele>
   </trkpt>
   <trkpt lat="55.43372" lon="-2.77991">
    <ele>125.22</ele>
   </trkpt>
   <trkpt lat="55.43431" lon="-2.7799">
    <ele>129.07999999999998</ele>
   </trkpt>
   <trkpt lat="55.43516" lon="-2.7799300000000002">
    <ele>133.88</ele>
   </trkpt>
   <trkpt lat="55.435660000000006" lon="-2.77986">
    <ele>136.75</ele>
   </trkpt>
   <trkpt lat="55.435880000000004" lon="-2.7798000000000003">
    <ele>138.13</ele>
   </trkpt>
   <trkpt lat="55.4363" lon="-2.7795900000000002">
    <ele>141.79</ele>
   </trkpt>
   <trkpt lat="55.436580000000006" lon="-2.77943">
    <ele>143.43</ele>
   </trkpt>
   <trkpt lat="55.43686" lon="-2.77917">
    <ele>143.94</ele>
   </trkpt>
   <trkpt lat="55.437446669343885" lon="-2.7785966837130607">
    <ele>148.05</ele>
   </trkpt>
   <trkpt lat="55.4380333360076" lon="-2.778023350382932">
    <ele>152.48</ele>
   </trkpt>
   <trkpt lat="55.43862000000001" lon="-2.7774500000000004">
    <ele>154.34</ele>
   </trkpt>
   <trkpt lat="55.438430000000004" lon="-2.77678">
    <ele>153.88000000000002</ele>
   </trkpt>
   <trkpt lat="55.438410000000005" lon="-2.77658">
    <ele>153.58</ele>
   </trkpt>
   <trkpt lat="55.43845" lon="-2.7761400000000003">
    <ele>153.28</ele>
   </trkpt>
   <trkpt lat="55.43851000000001" lon="-2.7758700000000003">
    <ele>153.43</ele>
   </trkpt>
   <trkpt lat="55.43879000354442" lon="-2.7749350066987963">
    <ele>154.41000000000003</ele>
   </trkpt>
   <trkpt lat="55.43907000000001" lon="-2.774">
    <ele>155.84</ele>
   </trkpt>
   <trkpt lat="55.43918000000001" lon="-2.77373">
    <ele>156.21</ele>
   </trkpt>
   <trkpt lat="55.43939" lon="-2.77332">
    <ele>156.45</ele>
   </trkpt>
   <trkpt lat="55.439930000000004" lon="-2.77258">
    <ele>156.33</ele>
   </trkpt>
   <trkpt lat="55.44063251017812" lon="-2.771667548735294">
    <ele>155.23</ele>
   </trkpt>
   <trkpt lat="55.441335013567645" lon="-2.770755064986002">
    <ele>151.71</ele>
   </trkpt>
   <trkpt lat="55.442037510168184" lon="-2.7698425487504283">
    <ele>154.67</ele>
   </trkpt>
   <trkpt lat="55.44274000000001" lon="-2.76893">
    <ele>154.37</ele>
   </trkpt>
   <trkpt lat="55.443090000000005" lon="-2.76851">
    <ele>154.54000000000002</ele>
   </trkpt>
   <trkpt lat="55.44353" lon="-2.7681">
    <ele>152.25000000000003</ele>
   </trkpt>
   <trkpt lat="55.44408500337642" lon="-2.7671850129294495">
    <ele>151.15</ele>
   </trkpt>
   <trkpt lat="55.44464000000001" lon="-2.76627">
    <ele>152.49</ele>
   </trkpt>
   <trkpt lat="55.444860000000006" lon="-2.76594">
    <ele>153.11</ele>
   </trkpt>
   <trkpt lat="55.44496" lon="-2.76582">
    <ele>153.36</ele>
   </trkpt>
   <trkpt lat="55.445190000000004" lon="-2.7656">
    <ele>153.44000000000003</ele>
   </trkpt>
   <trkpt lat="55.44587000250303" lon="-2.765142523691197">
    <ele>153.65</ele>
   </trkpt>
   <trkpt lat="55.446550003299706" lon="-2.764685031614254">
    <ele>154.22000000000003</ele>
   </trkpt>
   <trkpt lat="55.44723000238993" lon="-2.7642275237682674">
    <ele>155.85000000000002</ele>
   </trkpt>
   <trkpt lat="55.44791000000001" lon="-2.76377">
    <ele>157.56</ele>
   </trkpt>
   <trkpt lat="55.44814" lon="-2.76358">
    <ele>157.89</ele>
   </trkpt>
   <trkpt lat="55.448510000000006" lon="-2.76332">
    <ele>159.75</ele>
   </trkpt>
   <trkpt lat="55.448780000000006" lon="-2.7629900000000003">
    <ele>161.02</ele>
   </trkpt>
   <trkpt lat="55.44938667209778" lon="-2.762170025286743">
    <ele>162.11</ele>
   </trkpt>
   <trkpt lat="55.44999333871397" lon="-2.7613500253554855">
    <ele>163.07000000000002</ele>
   </trkpt>
   <trkpt lat="55.4506" lon="-2.76053">
    <ele>164.02</ele>
   </trkpt>
   <trkpt lat="55.45089" lon="-2.76004">
    <ele>163.62</ele>
   </trkpt>
   <trkpt lat="55.4513300054467" lon="-2.759223351532721">
    <ele>162.19</ele>
   </trkpt>
   <trkpt lat="55.45177000545639" lon="-2.7584066848483806">
    <ele>159.96</ele>
   </trkpt>
   <trkpt lat="55.45221000000001" lon="-2.7575900000000004">
    <ele>159.12</ele>
   </trkpt>
   <trkpt lat="55.452670000000005" lon="-2.75653">
    <ele>164.58</ele>
   </trkpt>
   <trkpt lat="55.452760000000005" lon="-2.75638">
    <ele>165.49</ele>
   </trkpt>
   <trkpt lat="55.45293" lon="-2.75618">
    <ele>166.88</ele>
   </trkpt>
   <trkpt lat="55.45351000119323" lon="-2.755645007841781">
    <ele>166.18</ele>
   </trkpt>
   <trkpt lat="55.45409000000001" lon="-2.75511">
    <ele>161.36</ele>
   </trkpt>
   <trkpt lat="55.45421" lon="-2.75497">
    <ele>160.4</ele>
   </trkpt>
   <trkpt lat="55.454350000000005" lon="-2.7547200000000003">
    <ele>159.67000000000002</ele>
   </trkpt>
   <trkpt lat="55.454510000000006" lon="-2.75428">
    <ele>158.72</ele>
   </trkpt>
   <trkpt lat="55.45461" lon="-2.75407">
    <ele>158.59</ele>
   </trkpt>
   <trkpt lat="55.45472" lon="-2.7539000000000002">
    <ele>158.62</ele>
   </trkpt>
   <trkpt lat="55.45492" lon="-2.75369">
    <ele>159.07999999999998</ele>
   </trkpt>
   <trkpt lat="55.45524" lon="-2.75308">
    <ele>160.32000000000002</ele>
   </trkpt>
   <trkpt lat="55.455450000000006" lon="-2.75274">
    <ele>159.69000000000003</ele>
   </trkpt>
   <trkpt lat="55.456030000000005" lon="-2.75191">
    <ele>160.16000000000003</ele>
   </trkpt>
   <trkpt lat="55.456100000000006" lon="-2.7518900000000004">
    <ele>159.85999999999999</ele>
   </trkpt>
   <trkpt lat="55.456160000000004" lon="-2.7519400000000003">
    <ele>159.85999999999999</ele>
   </trkpt>
   <trkpt lat="55.45658" lon="-2.75281">
    <ele>160.82999999999998</ele>
   </trkpt>
   <trkpt lat="55.45687" lon="-2.7532900000000002">
    <ele>161.77</ele>
   </trkpt>
   <trkpt lat="55.456920000000004" lon="-2.75335">
    <ele>161.77</ele>
   </trkpt>
   <trkpt lat="55.456990000000005" lon="-2.75339">
    <ele>161.77</ele>
   </trkpt>
   <trkpt lat="55.457060000000006" lon="-2.75339">
    <ele>161.77</ele>
   </trkpt>
   <trkpt lat="55.45769000073676" lon="-2.7529450071578503">
    <ele>164.09</ele>
   </trkpt>
   <trkpt lat="55.45832000000001" lon="-2.7525000000000004">
    <ele>166.38</ele>
   </trkpt>
   <trkpt lat="55.45891" lon="-2.7521000000000004">
    <ele>165.95000000000002</ele>
   </trkpt>
   <trkpt lat="55.45917000000001" lon="-2.75185">
    <ele>165.87</ele>
   </trkpt>
   <trkpt lat="55.45937000000001" lon="-2.7516000000000003">
    <ele>165.62</ele>
   </trkpt>
   <trkpt lat="55.45947" lon="-2.75144">
    <ele>165.48000000000002</ele>
   </trkpt>
   <trkpt lat="55.45965" lon="-2.75109">
    <ele>165.17000000000002</ele>
   </trkpt>
   <trkpt lat="55.45976" lon="-2.75098">
    <ele>165.11</ele>
   </trkpt>
   <trkpt lat="55.459880000000005" lon="-2.75098">
    <ele>165.22</ele>
   </trkpt>
   <trkpt lat="55.45994" lon="-2.75102">
    <ele>165.31</ele>
   </trkpt>
   <trkpt lat="55.46038000000001" lon="-2.75143">
    <ele>166.22</ele>
   </trkpt>
   <trkpt lat="55.4605" lon="-2.7515">
    <ele>166.33</ele>
   </trkpt>
   <trkpt lat="55.46067000000001" lon="-2.7515">
    <ele>166.59</ele>
   </trkpt>
   <trkpt lat="55.461310000000005" lon="-2.75136">
    <ele>169.1</ele>
   </trkpt>
   <trkpt lat="55.461360000000006" lon="-2.7513300000000003">
    <ele>169.42000000000002</ele>
   </trkpt>
   <trkpt lat="55.46153" lon="-2.75109">
    <ele>169.86</ele>
   </trkpt>
   <trkpt lat="55.46206334101553" lon="-2.750120026214557">
    <ele>170.26000000000002</ele>
   </trkpt>
   <trkpt lat="55.46259667436185" lon="-2.7491500261914648">
    <ele>171.57</ele>
   </trkpt>
   <trkpt lat="55.46313000000001" lon="-2.74818">
    <ele>175.21</ele>
   </trkpt>
   <trkpt lat="55.463280000000005" lon="-2.74785">
    <ele>175.89000000000001</ele>
   </trkpt>
   <trkpt lat="55.463420000000006" lon="-2.74739">
    <ele>176.26000000000002</ele>
   </trkpt>
   <trkpt lat="55.46387000000001" lon="-2.74623">
    <ele>178.25000000000003</ele>
   </trkpt>
   <trkpt lat="55.46405000000001" lon="-2.74582">
    <ele>178.57</ele>
   </trkpt>
   <trkpt lat="55.464565004213085" lon="-2.7448000133756807">
    <ele>179.00000000000003</ele>
   </trkpt>
   <trkpt lat="55.46508000000001" lon="-2.74378">
    <ele>178.1</ele>
   </trkpt>
   <trkpt lat="55.46538" lon="-2.7431200000000002">
    <ele>175.13</ele>
   </trkpt>
   <trkpt lat="55.465745003106164" lon="-2.742240008266442">
    <ele>172.52</ele>
   </trkpt>
   <trkpt lat="55.46611000000001" lon="-2.7413600000000002">
    <ele>166.94</ele>
   </trkpt>
   <trkpt lat="55.46640000000001" lon="-2.74073">
    <ele>163.02</ele>
   </trkpt>
   <trkpt lat="55.46687000000001" lon="-2.73999">
    <ele>159.28</ele>
   </trkpt>
   <trkpt lat="55.46721" lon="-2.73958">
    <ele>157.41000000000003</ele>
   </trkpt>
   <trkpt lat="55.467400000000005" lon="-2.73939">
    <ele>155.46</ele>
   </trkpt>
   <trkpt lat="55.46788000000001" lon="-2.73898">
    <ele>153.27</ele>
   </trkpt>
   <trkpt lat="55.468350000830675" lon="-2.738510005672605">
    <ele>152.33</ele>
   </trkpt>
   <trkpt lat="55.46882000000001" lon="-2.7380400000000003">
    <ele>151.31</ele>
   </trkpt>
   <trkpt lat="55.469060000000006" lon="-2.73774">
    <ele>150.68</ele>
   </trkpt>
   <trkpt lat="55.46934" lon="-2.73722">
    <ele>151.16000000000003</ele>
   </trkpt>
   <trkpt lat="55.469440000000006" lon="-2.73708">
    <ele>151.16000000000003</ele>
   </trkpt>
   <trkpt lat="55.46958000000001" lon="-2.73692">
    <ele>152.76</ele>
   </trkpt>
   <trkpt lat="55.4699" lon="-2.7366800000000002">
    <ele>153.83</ele>
   </trkpt>
   <trkpt lat="55.4701" lon="-2.7364800000000002">
    <ele>156.34</ele>
   </trkpt>
   <trkpt lat="55.47039" lon="-2.73599">
    <ele>158.29000000000002</ele>
   </trkpt>
   <trkpt lat="55.4707350027097" lon="-2.7351850068841914">
    <ele>159.07999999999998</ele>
   </trkpt>
   <trkpt lat="55.47108000000001" lon="-2.7343800000000003">
    <ele>157.78</ele>
   </trkpt>
   <trkpt lat="55.47146000354699" lon="-2.733450008909928">
    <ele>155.29000000000002</ele>
   </trkpt>
   <trkpt lat="55.47184000000001" lon="-2.73252">
    <ele>152.91000000000003</ele>
   </trkpt>
   <trkpt lat="55.47225500376988" lon="-2.7315650099313666">
    <ele>149.41000000000003</ele>
   </trkpt>
   <trkpt lat="55.47267000000001" lon="-2.7306100000000004">
    <ele>145.96</ele>
   </trkpt>
   <trkpt lat="55.472910000000006" lon="-2.72996">
    <ele>142.16</ele>
   </trkpt>
   <trkpt lat="55.473000000000006" lon="-2.7291600000000003">
    <ele>139.03</ele>
   </trkpt>
   <trkpt lat="55.47303" lon="-2.72852">
    <ele>138.09</ele>
   </trkpt>
   <trkpt lat="55.4729" lon="-2.72732">
    <ele>138.62</ele>
   </trkpt>
   <trkpt lat="55.47285" lon="-2.7264100000000004">
    <ele>138.1</ele>
   </trkpt>
   <trkpt lat="55.472870004160185" lon="-2.7254000003470757">
    <ele>138.01000000000002</ele>
   </trkpt>
   <trkpt lat="55.47289000000001" lon="-2.72439">
    <ele>136.8</ele>
   </trkpt>
   <trkpt lat="55.472840000000005" lon="-2.72331">
    <ele>133.55</ele>
   </trkpt>
   <trkpt lat="55.47280000000001" lon="-2.72263">
    <ele>131.29000000000002</ele>
   </trkpt>
   <trkpt lat="55.472640000000006" lon="-2.72175">
    <ele>129.85000000000002</ele>
   </trkpt>
   <trkpt lat="55.472640000000006" lon="-2.72161">
    <ele>129.89000000000001</ele>
   </trkpt>
   <trkpt lat="55.47269000000001" lon="-2.7215200000000004">
    <ele>129.98000000000002</ele>
   </trkpt>
   <trkpt lat="55.47279" lon="-2.72142">
    <ele>129.98000000000002</ele>
   </trkpt>
   <trkpt lat="55.4729" lon="-2.72126">
    <ele>130.41</ele>
   </trkpt>
   <trkpt lat="55.4733" lon="-2.7203500000000003">
    <ele>132.03</ele>
   </trkpt>
   <trkpt lat="55.47335" lon="-2.7202800000000003">
    <ele>132.38</ele>
   </trkpt>
   <trkpt lat="55.473400000000005" lon="-2.72025">
    <ele>132.38</ele>
   </trkpt>
   <trkpt lat="55.473600000000005" lon="-2.72045">
    <ele>133.48000000000002</ele>
   </trkpt>
   <trkpt lat="55.47366" lon="-2.72046">
    <ele>133.92000000000002</ele>
   </trkpt>
   <trkpt lat="55.473760000000006" lon="-2.72045">
    <ele>133.92000000000002</ele>
   </trkpt>
   <trkpt lat="55.473980000000005" lon="-2.72018">
    <ele>134.57000000000002</ele>
   </trkpt>
   <trkpt lat="55.47422" lon="-2.71979">
    <ele>134.61</ele>
   </trkpt>
   <trkpt lat="55.47437000000001" lon="-2.7195">
    <ele>134.33</ele>
   </trkpt>
   <trkpt lat="55.474410000000006" lon="-2.71945">
    <ele>134.37</ele>
   </trkpt>
   <trkpt lat="55.474450000000004" lon="-2.71943">
    <ele>134.37</ele>
   </trkpt>
   <trkpt lat="55.47451" lon="-2.71946">
    <ele>134.37</ele>
   </trkpt>
   <trkpt lat="55.474500000000006" lon="-2.71945">
    <ele>134.36</ele>
   </trkpt>
   <trkpt lat="55.474990000000005" lon="-2.72004">
    <ele>136.72</ele>
   </trkpt>
   <trkpt lat="55.475640000000006" lon="-2.72073">
    <ele>142.52</ele>
   </trkpt>
   <trkpt lat="55.476055000585106" lon="-2.7211449955136313">
    <ele>145.4</ele>
   </trkpt>
   <trkpt lat="55.476470000000006" lon="-2.72156">
    <ele>148.46</ele>
   </trkpt>
   <trkpt lat="55.47691000085958" lon="-2.7220549943176113">
    <ele>152.01</ele>
   </trkpt>
   <trkpt lat="55.47735" lon="-2.72255">
    <ele>154.34</ele>
   </trkpt>
   <trkpt lat="55.478060000000006" lon="-2.7235">
    <ele>153.69000000000003</ele>
   </trkpt>
   <trkpt lat="55.47867333916939" lon="-2.7243466403053587">
    <ele>155.53</ele>
   </trkpt>
   <trkpt lat="55.47928667249713" lon="-2.725193306963782">
    <ele>159.66000000000003</ele>
   </trkpt>
   <trkpt lat="55.47990000000001" lon="-2.7260400000000002">
    <ele>162.66000000000003</ele>
   </trkpt>
   <trkpt lat="55.47999000000001" lon="-2.72621">
    <ele>163.01000000000002</ele>
   </trkpt>
   <trkpt lat="55.48013" lon="-2.7265200000000003">
    <ele>163.42000000000002</ele>
   </trkpt>
   <trkpt lat="55.48043751659789" lon="-2.7276849727568173">
    <ele>162.74</ele>
   </trkpt>
   <trkpt lat="55.48074502213584" lon="-2.7288499636953705">
    <ele>160.95000000000002</ele>
   </trkpt>
   <trkpt lat="55.48105251661363" lon="-2.7300149728154977">
    <ele>157.66000000000003</ele>
   </trkpt>
   <trkpt lat="55.48136" lon="-2.73118">
    <ele>155.29000000000002</ele>
   </trkpt>
   <trkpt lat="55.48143" lon="-2.73139">
    <ele>155.23</ele>
   </trkpt>
   <trkpt lat="55.48191000978557" lon="-2.7322849672828013">
    <ele>158.96</ele>
   </trkpt>
   <trkpt lat="55.482390013043904" lon="-2.7331799563697405">
    <ele>165.89000000000001</ele>
   </trkpt>
   <trkpt lat="55.48287000977474" lon="-2.734074967261444">
    <ele>168.92000000000002</ele>
   </trkpt>
   <trkpt lat="55.48335" lon="-2.73497">
    <ele>171.20000000000002</ele>
   </trkpt>
   <trkpt lat="55.48350000000001" lon="-2.73516">
    <ele>171.23000000000002</ele>
   </trkpt>
   <trkpt lat="55.48364" lon="-2.73512">
    <ele>171.09</ele>
   </trkpt>
   <trkpt lat="55.484215000159445" lon="-2.734870003689729">
    <ele>170.03</ele>
   </trkpt>
   <trkpt lat="55.484790000000004" lon="-2.73462">
    <ele>166.87</ele>
   </trkpt>
   <trkpt lat="55.48494" lon="-2.7345200000000003">
    <ele>166.12</ele>
   </trkpt>
   <trkpt lat="55.48509000000001" lon="-2.73436">
    <ele>165.82000000000002</ele>
   </trkpt>
   <trkpt lat="55.485440001597475" lon="-2.7337250057232496">
    <ele>164.39000000000001</ele>
   </trkpt>
   <trkpt lat="55.48579" lon="-2.7330900000000002">
    <ele>163.83</ele>
   </trkpt>
   <trkpt lat="55.48631" lon="-2.73211">
    <ele>161.67000000000002</ele>
   </trkpt>
   <trkpt lat="55.486700000000006" lon="-2.73111">
    <ele>158.4</ele>
   </trkpt>
   <trkpt lat="55.48714000396996" lon="-2.730120011108794">
    <ele>160.22</ele>
   </trkpt>
   <trkpt lat="55.48758" lon="-2.72913">
    <ele>162.19</ele>
   </trkpt>
   <trkpt lat="55.48762000000001" lon="-2.72908">
    <ele>162.19</ele>
   </trkpt>
   <trkpt lat="55.48769000000001" lon="-2.72906">
    <ele>162.58</ele>
   </trkpt>
   <trkpt lat="55.48780000000001" lon="-2.72915">
    <ele>163.3</ele>
   </trkpt>
   <trkpt lat="55.48822500211855" lon="-2.7298749921395746">
    <ele>164.41</ele>
   </trkpt>
   <trkpt lat="55.48865000000001" lon="-2.7306000000000004">
    <ele>162.20000000000002</ele>
   </trkpt>
   <trkpt lat="55.48927000480499" lon="-2.7316899827828323">
    <ele>162.41000000000003</ele>
   </trkpt>
   <trkpt lat="55.48989" lon="-2.7327800000000004">
    <ele>164.39000000000001</ele>
   </trkpt>
   <trkpt lat="55.48995000000001" lon="-2.73292">
    <ele>164.39000000000001</ele>
   </trkpt>
   <trkpt lat="55.49049000333443" lon="-2.7338349873273846">
    <ele>168.37</ele>
   </trkpt>
   <trkpt lat="55.49103" lon="-2.73475">
    <ele>171.20000000000002</ele>
   </trkpt>
   <trkpt lat="55.49118000000001" lon="-2.73496">
    <ele>172.67000000000002</ele>
   </trkpt>
   <trkpt lat="55.49125000000001" lon="-2.73502">
    <ele>172.67000000000002</ele>
   </trkpt>
   <trkpt lat="55.491330000000005" lon="-2.7350600000000003">
    <ele>173.04000000000002</ele>
   </trkpt>
   <trkpt lat="55.4915" lon="-2.73505">
    <ele>173.89000000000001</ele>
   </trkpt>
   <trkpt lat="55.49161" lon="-2.73509">
    <ele>174.28</ele>
   </trkpt>
   <trkpt lat="55.491710000000005" lon="-2.73516">
    <ele>174.99</ele>
   </trkpt>
   <trkpt lat="55.491820000000004" lon="-2.73525">
    <ele>176.04</ele>
   </trkpt>
   <trkpt lat="55.49244" lon="-2.73604">
    <ele>180.68</ele>
   </trkpt>
   <trkpt lat="55.492760000000004" lon="-2.73634">
    <ele>185.41000000000003</ele>
   </trkpt>
   <trkpt lat="55.49356000335026" lon="-2.7368624681714993">
    <ele>191.98000000000002</ele>
   </trkpt>
   <trkpt lat="55.494360004476334" lon="-2.7373849575670524">
    <ele>192.47</ele>
   </trkpt>
   <trkpt lat="55.49516000337804" lon="-2.7379074681880984">
    <ele>194.21</ele>
   </trkpt>
   <trkpt lat="55.495960000000004" lon="-2.73843">
    <ele>198.76000000000002</ele>
   </trkpt>
   <trkpt lat="55.49658" lon="-2.7387400000000004">
    <ele>197.54000000000002</ele>
   </trkpt>
   <trkpt lat="55.496700000000004" lon="-2.73876">
    <ele>197.72</ele>
   </trkpt>
   <trkpt lat="55.49733000008911" lon="-2.7388566635758824">
    <ele>197.98000000000002</ele>
   </trkpt>
   <trkpt lat="55.49796000010207" lon="-2.738953330244482">
    <ele>200.14000000000001</ele>
   </trkpt>
   <trkpt lat="55.49859000000001" lon="-2.73905">
    <ele>200.82000000000002</ele>
   </trkpt>
   <trkpt lat="55.498760000000004" lon="-2.73904">
    <ele>200.11</ele>
   </trkpt>
   <trkpt lat="55.49904000000001" lon="-2.73896">
    <ele>198.29000000000002</ele>
   </trkpt>
   <trkpt lat="55.499100000000006" lon="-2.73898">
    <ele>197.70000000000002</ele>
   </trkpt>
   <trkpt lat="55.49929" lon="-2.73912">
    <ele>196.85000000000002</ele>
   </trkpt>
   <trkpt lat="55.49954" lon="-2.73937">
    <ele>196.67000000000002</ele>
   </trkpt>
   <trkpt lat="55.50017333697537" lon="-2.740043311619428">
    <ele>197.22</ele>
   </trkpt>
   <trkpt lat="55.500806670257205" lon="-2.7407166448975637">
    <ele>196.61</ele>
   </trkpt>
   <trkpt lat="55.50144" lon="-2.7413900000000004">
    <ele>200.84</ele>
   </trkpt>
   <trkpt lat="55.501820000798666" lon="-2.741829995765351">
    <ele>201.4</ele>
   </trkpt>
   <trkpt lat="55.5022" lon="-2.7422700000000004">
    <ele>201.64000000000001</ele>
   </trkpt>
   <trkpt lat="55.50231" lon="-2.74235">
    <ele>201.65</ele>
   </trkpt>
   <trkpt lat="55.50238" lon="-2.74236">
    <ele>201.65</ele>
   </trkpt>
   <trkpt lat="55.5026" lon="-2.7423800000000003">
    <ele>201.14000000000001</ele>
   </trkpt>
   <trkpt lat="55.502970000000005" lon="-2.74235">
    <ele>199.68</ele>
   </trkpt>
   <trkpt lat="55.50318000000001" lon="-2.7423800000000003">
    <ele>198.15</ele>
   </trkpt>
   <trkpt lat="55.503930000000004" lon="-2.74268">
    <ele>193.63000000000002</ele>
   </trkpt>
   <trkpt lat="55.50430000000001" lon="-2.7428800000000004">
    <ele>193.33</ele>
   </trkpt>
   <trkpt lat="55.504470000000005" lon="-2.7429">
    <ele>193.54000000000002</ele>
   </trkpt>
   <trkpt lat="55.504690000000004" lon="-2.74289">
    <ele>193.38000000000002</ele>
   </trkpt>
   <trkpt lat="55.504920000000006" lon="-2.74282">
    <ele>192.47</ele>
   </trkpt>
   <trkpt lat="55.5052" lon="-2.74275">
    <ele>190.08</ele>
   </trkpt>
   <trkpt lat="55.50535000000001" lon="-2.74275">
    <ele>190.08</ele>
   </trkpt>
   <trkpt lat="55.506060000000005" lon="-2.7428500000000002">
    <ele>185.69000000000003</ele>
   </trkpt>
   <trkpt lat="55.506240000000005" lon="-2.74297">
    <ele>184.02</ele>
   </trkpt>
   <trkpt lat="55.506550000000004" lon="-2.74343">
    <ele>179.65</ele>
   </trkpt>
   <trkpt lat="55.506640000000004" lon="-2.7435">
    <ele>179.01</ele>
   </trkpt>
   <trkpt lat="55.506780000000006" lon="-2.74357">
    <ele>178.3</ele>
   </trkpt>
   <trkpt lat="55.50694000000001" lon="-2.74357">
    <ele>177.67000000000002</ele>
   </trkpt>
   <trkpt lat="55.50756499999591" lon="-2.7434650016752307">
    <ele>177.45000000000002</ele>
   </trkpt>
   <trkpt lat="55.508190000000006" lon="-2.74336">
    <ele>178.47000000000003</ele>
   </trkpt>
   <trkpt lat="55.50836" lon="-2.74336">
    <ele>179.42000000000002</ele>
   </trkpt>
   <trkpt lat="55.50902000000001" lon="-2.74337">
    <ele>175.92000000000002</ele>
   </trkpt>
   <trkpt lat="55.509550000000004" lon="-2.74336">
    <ele>171.92000000000002</ele>
   </trkpt>
   <trkpt lat="55.509710000000005" lon="-2.74337">
    <ele>170.12</ele>
   </trkpt>
   <trkpt lat="55.509890000000006" lon="-2.7434900000000004">
    <ele>169.14000000000001</ele>
   </trkpt>
   <trkpt lat="55.51051500007356" lon="-2.7436399976139687">
    <ele>162.97</ele>
   </trkpt>
   <trkpt lat="55.511140000000005" lon="-2.74379">
    <ele>156.28</ele>
   </trkpt>
   <trkpt lat="55.51153000000001" lon="-2.74391">
    <ele>153.12</ele>
   </trkpt>
   <trkpt lat="55.511630000000004" lon="-2.7439">
    <ele>151.71</ele>
   </trkpt>
   <trkpt lat="55.51171000000001" lon="-2.74384">
    <ele>151.16000000000003</ele>
   </trkpt>
   <trkpt lat="55.51184000000001" lon="-2.74366">
    <ele>150.54</ele>
   </trkpt>
   <trkpt lat="55.51209000000001" lon="-2.7431200000000002">
    <ele>150.43</ele>
   </trkpt>
   <trkpt lat="55.51216" lon="-2.7430600000000003">
    <ele>150.36</ele>
   </trkpt>
   <trkpt lat="55.51227000000001" lon="-2.74302">
    <ele>150.12</ele>
   </trkpt>
   <trkpt lat="55.513040000000004" lon="-2.7428800000000004">
    <ele>146.14000000000001</ele>
   </trkpt>
   <trkpt lat="55.51382" lon="-2.7429">
    <ele>142.77</ele>
   </trkpt>
   <trkpt lat="55.513940000000005" lon="-2.74296">
    <ele>142.48000000000002</ele>
   </trkpt>
   <trkpt lat="55.51408000000001" lon="-2.74311">
    <ele>142.13</ele>
   </trkpt>
   <trkpt lat="55.514450000000004" lon="-2.74357">
    <ele>142.08</ele>
   </trkpt>
   <trkpt lat="55.51464000000001" lon="-2.74384">
    <ele>142.76</ele>
   </trkpt>
   <trkpt lat="55.51478" lon="-2.74406">
    <ele>143.24</ele>
   </trkpt>
   <trkpt lat="55.51498" lon="-2.74431">
    <ele>144.67000000000002</ele>
   </trkpt>
   <trkpt lat="55.515130000000006" lon="-2.7444">
    <ele>145.62</ele>
   </trkpt>
   <trkpt lat="55.51521" lon="-2.7444">
    <ele>145.62</ele>
   </trkpt>
   <trkpt lat="55.51522000000001" lon="-2.7444">
    <ele>145.67000000000002</ele>
   </trkpt>
   <trkpt lat="55.51520000000001" lon="-2.74446">
    <ele>145.67000000000002</ele>
   </trkpt>
   <trkpt lat="55.514950000000006" lon="-2.74492">
    <ele>144.72</ele>
   </trkpt>
   <trkpt lat="55.514570000000006" lon="-2.74546">
    <ele>144.28000000000003</ele>
   </trkpt>
   <trkpt lat="55.51436" lon="-2.7458">
    <ele>144.46</ele>
   </trkpt>
   <trkpt lat="55.51411" lon="-2.7462400000000002">
    <ele>144.20000000000002</ele>
   </trkpt>
   <trkpt lat="55.51377000000001" lon="-2.74698">
    <ele>142.76</ele>
   </trkpt>
   <trkpt lat="55.513560000000005" lon="-2.74763">
    <ele>142.47</ele>
   </trkpt>
   <trkpt lat="55.51342" lon="-2.7481700000000004">
    <ele>141.95000000000002</ele>
   </trkpt>
   <trkpt lat="55.513270000000006" lon="-2.7491100000000004">
    <ele>140.99</ele>
   </trkpt>
   <trkpt lat="55.51319" lon="-2.74926">
    <ele>140.65000000000003</ele>
   </trkpt>
   <trkpt lat="55.51294000000001" lon="-2.7495000000000003">
    <ele>140.19</ele>
   </trkpt>
   <trkpt lat="55.512620000000005" lon="-2.7497000000000003">
    <ele>140.05</ele>
   </trkpt>
   <trkpt lat="55.51238000000001" lon="-2.7498">
    <ele>140.20000000000002</ele>
   </trkpt>
   <trkpt lat="55.51171000000001" lon="-2.74988">
    <ele>141.06</ele>
   </trkpt>
   <trkpt lat="55.51151" lon="-2.7499700000000002">
    <ele>141.53</ele>
   </trkpt>
   <trkpt lat="55.511250000000004" lon="-2.75021">
    <ele>141.87000000000003</ele>
   </trkpt>
   <trkpt lat="55.51111" lon="-2.7504500000000003">
    <ele>142.56000000000003</ele>
   </trkpt>
   <trkpt lat="55.511030000000005" lon="-2.75063">
    <ele>142.72</ele>
   </trkpt>
   <trkpt lat="55.51097000000001" lon="-2.7508800000000004">
    <ele>142.91</ele>
   </trkpt>
   <trkpt lat="55.51084" lon="-2.75245">
    <ele>145.83</ele>
   </trkpt>
   <trkpt lat="55.51075" lon="-2.75292">
    <ele>146.59000000000003</ele>
   </trkpt>
   <trkpt lat="55.51062" lon="-2.7532900000000002">
    <ele>146.56000000000003</ele>
   </trkpt>
   <trkpt lat="55.51035" lon="-2.7538">
    <ele>146.18</ele>
   </trkpt>
   <trkpt lat="55.51026" lon="-2.75401">
    <ele>146.23</ele>
   </trkpt>
   <trkpt lat="55.50987000000001" lon="-2.7551900000000002">
    <ele>145.08</ele>
   </trkpt>
   <trkpt lat="55.50958000000001" lon="-2.75658">
    <ele>144.57</ele>
   </trkpt>
   <trkpt lat="55.50927000000001" lon="-2.7575900000000004">
    <ele>144.54</ele>
   </trkpt>
   <trkpt lat="55.508900000000004" lon="-2.75895">
    <ele>144.88</ele>
   </trkpt>
   <trkpt lat="55.508500000000005" lon="-2.76005">
    <ele>145.37</ele>
   </trkpt>
   <trkpt lat="55.508030000000005" lon="-2.76112">
    <ele>146.48</ele>
   </trkpt>
   <trkpt lat="55.507920000000006" lon="-2.7614300000000003">
    <ele>147.19000000000003</ele>
   </trkpt>
   <trkpt lat="55.50777000000001" lon="-2.7622000000000004">
    <ele>146.70000000000002</ele>
   </trkpt>
   <trkpt lat="55.50768000000001" lon="-2.76256">
    <ele>146.36</ele>
   </trkpt>
   <trkpt lat="55.50755" lon="-2.76291">
    <ele>146.25000000000003</ele>
   </trkpt>
   <trkpt lat="55.50715" lon="-2.76359">
    <ele>145.79</ele>
   </trkpt>
   <trkpt lat="55.506510000000006" lon="-2.76458">
    <ele>148.61</ele>
   </trkpt>
   <trkpt lat="55.50645000000001" lon="-2.76472">
    <ele>148.7</ele>
   </trkpt>
   <trkpt lat="55.50629000000001" lon="-2.76535">
    <ele>149.11</ele>
   </trkpt>
   <trkpt lat="55.50625" lon="-2.7655600000000002">
    <ele>149.32</ele>
   </trkpt>
   <trkpt lat="55.506240000000005" lon="-2.76573">
    <ele>149.85</ele>
   </trkpt>
   <trkpt lat="55.506260000000005" lon="-2.7658600000000004">
    <ele>149.85</ele>
   </trkpt>
   <trkpt lat="55.506330000000005" lon="-2.7660400000000003">
    <ele>150.78000000000003</ele>
   </trkpt>
   <trkpt lat="55.50674000000001" lon="-2.7667200000000003">
    <ele>151.9</ele>
   </trkpt>
   <trkpt lat="55.506930000000004" lon="-2.76716">
    <ele>151.73</ele>
   </trkpt>
   <trkpt lat="55.506980000000006" lon="-2.76722">
    <ele>151.59</ele>
   </trkpt>
   <trkpt lat="55.50705000000001" lon="-2.7672600000000003">
    <ele>151.21</ele>
   </trkpt>
   <trkpt lat="55.507360000000006" lon="-2.76738">
    <ele>149.01</ele>
   </trkpt>
   <trkpt lat="55.50748" lon="-2.76751">
    <ele>147.83</ele>
   </trkpt>
   <trkpt lat="55.50753" lon="-2.76772">
    <ele>147.37</ele>
   </trkpt>
   <trkpt lat="55.50753" lon="-2.7683000000000004">
    <ele>146.42000000000002</ele>
   </trkpt>
   <trkpt lat="55.507560000000005" lon="-2.7683600000000004">
    <ele>146.42000000000002</ele>
   </trkpt>
   <trkpt lat="55.507780000000004" lon="-2.76858">
    <ele>146.15</ele>
   </trkpt>
   <trkpt lat="55.50809" lon="-2.7687500000000003">
    <ele>144.23000000000002</ele>
   </trkpt>
   <trkpt lat="55.50894" lon="-2.7690900000000003">
    <ele>142.94</ele>
   </trkpt>
   <trkpt lat="55.50921" lon="-2.76927">
    <ele>144.44</ele>
   </trkpt>
   <trkpt lat="55.50932" lon="-2.76939">
    <ele>145.50000000000003</ele>
   </trkpt>
   <trkpt lat="55.50961" lon="-2.76981">
    <ele>149.18</ele>
   </trkpt>
   <trkpt lat="55.5097" lon="-2.76988">
    <ele>152.35000000000002</ele>
   </trkpt>
   <trkpt lat="55.509890000000006" lon="-2.77">
    <ele>154.61</ele>
   </trkpt>
   <trkpt lat="55.51005000000001" lon="-2.77002">
    <ele>156.12</ele>
   </trkpt>
   <trkpt lat="55.51023000000001" lon="-2.77003">
    <ele>158.37</ele>
   </trkpt>
   <trkpt lat="55.51042" lon="-2.7701300000000004">
    <ele>159.60000000000002</ele>
   </trkpt>
   <trkpt lat="55.51057" lon="-2.7703100000000003">
    <ele>160.96</ele>
   </trkpt>
   <trkpt lat="55.51115000000001" lon="-2.77124">
    <ele>165.57000000000002</ele>
   </trkpt>
   <trkpt lat="55.511750000000006" lon="-2.7721400000000003">
    <ele>165.10000000000002</ele>
   </trkpt>
   <trkpt lat="55.51185" lon="-2.77232">
    <ele>164.59</ele>
   </trkpt>
   <trkpt lat="55.51200000000001" lon="-2.77271">
    <ele>162.35000000000002</ele>
   </trkpt>
   <trkpt lat="55.51205" lon="-2.77299">
    <ele>162.03</ele>
   </trkpt>
   <trkpt lat="55.512060000000005" lon="-2.77387">
    <ele>161.78</ele>
   </trkpt>
   <trkpt lat="55.5119950050552" lon="-2.7749850019834454">
    <ele>164.28</ele>
   </trkpt>
   <trkpt lat="55.51193000000001" lon="-2.7761">
    <ele>165.11</ele>
   </trkpt>
   <trkpt lat="55.51205" lon="-2.7776300000000003">
    <ele>166.4</ele>
   </trkpt>
   <trkpt lat="55.512105009658136" lon="-2.7791699978191766">
    <ele>171.21</ele>
   </trkpt>
   <trkpt lat="55.51216" lon="-2.78071">
    <ele>175.55</ele>
   </trkpt>
   <trkpt lat="55.51223" lon="-2.78119">
    <ele>177.09000000000003</ele>
   </trkpt>
   <trkpt lat="55.512240000000006" lon="-2.78173">
    <ele>177.91</ele>
   </trkpt>
   <trkpt lat="55.51229000000001" lon="-2.78214">
    <ele>178.77</ele>
   </trkpt>
   <trkpt lat="55.51238000000001" lon="-2.78263">
    <ele>179.95000000000002</ele>
   </trkpt>
   <trkpt lat="55.512570000000004" lon="-2.7832600000000003">
    <ele>184.15</ele>
   </trkpt>
   <trkpt lat="55.51276000000001" lon="-2.78363">
    <ele>186.59</ele>
   </trkpt>
   <trkpt lat="55.51305000000001" lon="-2.7841">
    <ele>190.07000000000002</ele>
   </trkpt>
   <trkpt lat="55.513180000000006" lon="-2.78444">
    <ele>191.76000000000002</ele>
   </trkpt>
   <trkpt lat="55.513290000000005" lon="-2.78532">
    <ele>193.06</ele>
   </trkpt>
   <trkpt lat="55.513310000000004" lon="-2.78559">
    <ele>193.70000000000002</ele>
   </trkpt>
   <trkpt lat="55.51330000000001" lon="-2.78596">
    <ele>193.70000000000002</ele>
   </trkpt>
   <trkpt lat="55.513130000000004" lon="-2.78729">
    <ele>194.60000000000002</ele>
   </trkpt>
   <trkpt lat="55.51330000000001" lon="-2.78763">
    <ele>194.85000000000002</ele>
   </trkpt>
   <trkpt lat="55.51343000000001" lon="-2.78785">
    <ele>195.41000000000003</ele>
   </trkpt>
   <trkpt lat="55.51357" lon="-2.78804">
    <ele>198.52000000000004</ele>
   </trkpt>
   <trkpt lat="55.513670000000005" lon="-2.78813">
    <ele>198.52000000000004</ele>
   </trkpt>
   <trkpt lat="55.51408000000001" lon="-2.78838">
    <ele>204.29000000000002</ele>
   </trkpt>
   <trkpt lat="55.514160000000004" lon="-2.7884700000000002">
    <ele>206.77</ele>
   </trkpt>
   <trkpt lat="55.514190000000006" lon="-2.78858">
    <ele>207.34000000000003</ele>
   </trkpt>
   <trkpt lat="55.51413" lon="-2.78932">
    <ele>211.32</ele>
   </trkpt>
   <trkpt lat="55.514190000000006" lon="-2.7904700000000005">
    <ele>215.29</ele>
   </trkpt>
   <trkpt lat="55.514160000000004" lon="-2.79122">
    <ele>216.21</ele>
   </trkpt>
   <trkpt lat="55.51415335045939" lon="-2.7926700004522726">
    <ele>218.58</ele>
   </trkpt>
   <trkpt lat="55.51414668379291" lon="-2.794120000413952">
    <ele>223.66000000000003</ele>
   </trkpt>
   <trkpt lat="55.514140000000005" lon="-2.79557">
    <ele>226.48000000000002</ele>
   </trkpt>
   <trkpt lat="55.51414000606188" lon="-2.796789999871736">
    <ele>230.05000000000004</ele>
   </trkpt>
   <trkpt lat="55.514140000000005" lon="-2.79801">
    <ele>235.05</ele>
   </trkpt>
   <trkpt lat="55.51415252489791" lon="-2.799437498656698">
    <ele>237.74</ele>
   </trkpt>
   <trkpt lat="55.51416503319732" lon="-2.8008649982213516">
    <ele>238.81000000000003</ele>
   </trkpt>
   <trkpt lat="55.51417752489824" lon="-2.8022924986927595">
    <ele>243.63</ele>
   </trkpt>
   <trkpt lat="55.514190000000006" lon="-2.80372">
    <ele>245.26000000000002</ele>
   </trkpt>
   <trkpt lat="55.51417000000001" lon="-2.80424">
    <ele>245.41000000000003</ele>
   </trkpt>
   <trkpt lat="55.514140000000005" lon="-2.8045000000000004">
    <ele>245.69000000000003</ele>
   </trkpt>
   <trkpt lat="55.514050000000005" lon="-2.80491">
    <ele>246.71</ele>
   </trkpt>
   <trkpt lat="55.51383500231767" lon="-2.8056650041380777">
    <ele>249.12</ele>
   </trkpt>
   <trkpt lat="55.51362" lon="-2.80642">
    <ele>250.54999999999998</ele>
   </trkpt>
   <trkpt lat="55.51333334094096" lon="-2.8073866807614847">
    <ele>251.69000000000003</ele>
   </trkpt>
   <trkpt lat="55.5130466742702" lon="-2.8083533474417286">
    <ele>251.34</ele>
   </trkpt>
   <trkpt lat="55.51276000000001" lon="-2.80932">
    <ele>249.47000000000003</ele>
   </trkpt>
   <trkpt lat="55.51274000000001" lon="-2.8094200000000003">
    <ele>249.36</ele>
   </trkpt>
   <trkpt lat="55.51274000000001" lon="-2.80967">
    <ele>249.21</ele>
   </trkpt>
   <trkpt lat="55.51274000000001" lon="-2.8096">
    <ele>249.18</ele>
   </trkpt>
   <trkpt lat="55.512750000000004" lon="-2.80967">
    <ele>249.22000000000003</ele>
   </trkpt>
   <trkpt lat="55.51321000000001" lon="-2.8104400000000003">
    <ele>252.89</ele>
   </trkpt>
   <trkpt lat="55.513690000000004" lon="-2.81135">
    <ele>254.85000000000002</ele>
   </trkpt>
   <trkpt lat="55.51390000000001" lon="-2.81164">
    <ele>254.20000000000005</ele>
   </trkpt>
   <trkpt lat="55.51437000000001" lon="-2.81218">
    <ele>251.73000000000002</ele>
   </trkpt>
   <trkpt lat="55.51511000000001" lon="-2.8129500000000003">
    <ele>254.92000000000004</ele>
   </trkpt>
   <trkpt lat="55.515870002128395" lon="-2.8136749859874777">
    <ele>261.93</ele>
   </trkpt>
   <trkpt lat="55.516630000000006" lon="-2.8144">
    <ele>270.19000000000005</ele>
   </trkpt>
   <trkpt lat="55.51682" lon="-2.81461">
    <ele>271.7</ele>
   </trkpt>
   <trkpt lat="55.51697000000001" lon="-2.81481">
    <ele>272.7</ele>
   </trkpt>
   <trkpt lat="55.51729" lon="-2.81536">
    <ele>272.05</ele>
   </trkpt>
   <trkpt lat="55.517450000000004" lon="-2.81556">
    <ele>270.44</ele>
   </trkpt>
   <trkpt lat="55.51766000000001" lon="-2.81577">
    <ele>267.76</ele>
   </trkpt>
   <trkpt lat="55.517970000000005" lon="-2.81603">
    <ele>266.83</ele>
   </trkpt>
   <trkpt lat="55.51879" lon="-2.81651">
    <ele>260.73</ele>
   </trkpt>
   <trkpt lat="55.519205000538264" lon="-2.8168449965325437">
    <ele>257.38</ele>
   </trkpt>
   <trkpt lat="55.51962" lon="-2.81718">
    <ele>254.98999999999998</ele>
   </trkpt>
   <trkpt lat="55.520010000000006" lon="-2.81753">
    <ele>251.5</ele>
   </trkpt>
   <trkpt lat="55.52029" lon="-2.818">
    <ele>247.65</ele>
   </trkpt>
   <trkpt lat="55.520500000000006" lon="-2.81842">
    <ele>246.63000000000002</ele>
   </trkpt>
   <trkpt lat="55.52071" lon="-2.8189100000000002">
    <ele>245.86</ele>
   </trkpt>
   <trkpt lat="55.520990000000005" lon="-2.81971">
    <ele>243.50000000000003</ele>
   </trkpt>
   <trkpt lat="55.52120000000001" lon="-2.82025">
    <ele>241.70000000000002</ele>
   </trkpt>
   <trkpt lat="55.52136" lon="-2.82053">
    <ele>240.98000000000002</ele>
   </trkpt>
   <trkpt lat="55.521510000000006" lon="-2.82066">
    <ele>239.65000000000003</ele>
   </trkpt>
   <trkpt lat="55.52161" lon="-2.82071">
    <ele>239.65000000000003</ele>
   </trkpt>
   <trkpt lat="55.52238000009465" lon="-2.8208949963687533">
    <ele>234.62</ele>
   </trkpt>
   <trkpt lat="55.52315" lon="-2.8210800000000003">
    <ele>230.09</ele>
   </trkpt>
   <trkpt lat="55.52331" lon="-2.8211500000000003">
    <ele>229.23000000000002</ele>
   </trkpt>
   <trkpt lat="55.523480000000006" lon="-2.82126">
    <ele>228.87</ele>
   </trkpt>
   <trkpt lat="55.52376" lon="-2.8215100000000004">
    <ele>227.36</ele>
   </trkpt>
   <trkpt lat="55.523970000000006" lon="-2.82179">
    <ele>226.4</ele>
   </trkpt>
   <trkpt lat="55.52411000000001" lon="-2.82206">
    <ele>225.65</ele>
   </trkpt>
   <trkpt lat="55.52423" lon="-2.8224">
    <ele>224.87</ele>
   </trkpt>
   <trkpt lat="55.52436" lon="-2.82295">
    <ele>223.99</ele>
   </trkpt>
   <trkpt lat="55.52441" lon="-2.8233200000000003">
    <ele>223.29000000000002</ele>
   </trkpt>
   <trkpt lat="55.52440000000001" lon="-2.82459">
    <ele>220.63000000000002</ele>
   </trkpt>
   <trkpt lat="55.52441" lon="-2.82472">
    <ele>220.25000000000003</ele>
   </trkpt>
   <trkpt lat="55.52445" lon="-2.82486">
    <ele>219.81</ele>
   </trkpt>
   <trkpt lat="55.524530000000006" lon="-2.8250400000000004">
    <ele>218.57000000000002</ele>
   </trkpt>
   <trkpt lat="55.52459" lon="-2.82511">
    <ele>218.57000000000002</ele>
   </trkpt>
   <trkpt lat="55.52497" lon="-2.82527">
    <ele>216.48</ele>
   </trkpt>
   <trkpt lat="55.52508" lon="-2.82534">
    <ele>216.29</ele>
   </trkpt>
   <trkpt lat="55.52526" lon="-2.82554">
    <ele>216.31000000000003</ele>
   </trkpt>
   <trkpt lat="55.52535" lon="-2.8258300000000003">
    <ele>216.44000000000003</ele>
   </trkpt>
   <trkpt lat="55.52539" lon="-2.82608">
    <ele>216.76</ele>
   </trkpt>
   <trkpt lat="55.526230000000005" lon="-2.82595">
    <ele>215.73</ele>
   </trkpt>
   <trkpt lat="55.52689" lon="-2.82593">
    <ele>215.38000000000002</ele>
   </trkpt>
   <trkpt lat="55.527190000000004" lon="-2.82593">
    <ele>215.25000000000003</ele>
   </trkpt>
   <trkpt lat="55.527823333343676" lon="-2.8260433296671117">
    <ele>214.89000000000001</ele>
   </trkpt>
   <trkpt lat="55.52845666658276" lon="-2.8261566629835095">
    <ele>214.75000000000003</ele>
   </trkpt>
   <trkpt lat="55.529090000000004" lon="-2.82627">
    <ele>214.8</ele>
   </trkpt>
   <trkpt lat="55.52922" lon="-2.82627">
    <ele>214.8</ele>
   </trkpt>
   <trkpt lat="55.52951" lon="-2.8263000000000003">
    <ele>214.45000000000002</ele>
   </trkpt>
   <trkpt lat="55.529740000000004" lon="-2.8263700000000003">
    <ele>214.33</ele>
   </trkpt>
   <trkpt lat="55.5304100001011" lon="-2.8264799962529716">
    <ele>214.11</ele>
   </trkpt>
   <trkpt lat="55.53108000010366" lon="-2.8265899962533174">
    <ele>212.35</ele>
   </trkpt>
   <trkpt lat="55.53175" lon="-2.8267">
    <ele>211.15</ele>
   </trkpt>
   <trkpt lat="55.5324049999652" lon="-2.826824997899506">
    <ele>209.74</ele>
   </trkpt>
   <trkpt lat="55.533060000000006" lon="-2.82695">
    <ele>208.37000000000003</ele>
   </trkpt>
   <trkpt lat="55.533950000000004" lon="-2.82708">
    <ele>206.16</ele>
   </trkpt>
   <trkpt lat="55.534470000000006" lon="-2.82728">
    <ele>205.62000000000003</ele>
   </trkpt>
   <trkpt lat="55.53483000000001" lon="-2.8274500000000002">
    <ele>205.88</ele>
   </trkpt>
   <trkpt lat="55.53530000000001" lon="-2.82777">
    <ele>206.95000000000002</ele>
   </trkpt>
   <trkpt lat="55.535740000000004" lon="-2.82823">
    <ele>208.85</ele>
   </trkpt>
   <trkpt lat="55.53605" lon="-2.82859">
    <ele>210.29</ele>
   </trkpt>
   <trkpt lat="55.536666672308186" lon="-2.8294199740114165">
    <ele>213.39000000000001</ele>
   </trkpt>
   <trkpt lat="55.53728333900683" lon="-2.830249974053925">
    <ele>218.17000000000002</ele>
   </trkpt>
   <trkpt lat="55.53790000000001" lon="-2.83108">
    <ele>222.15</ele>
   </trkpt>
   <trkpt lat="55.538180000000004" lon="-2.83142">
    <ele>224.92000000000002</ele>
   </trkpt>
   <trkpt lat="55.53848000000001" lon="-2.83171">
    <ele>226.54000000000002</ele>
   </trkpt>
   <trkpt lat="55.538990000000005" lon="-2.83216">
    <ele>230.48000000000002</ele>
   </trkpt>
   <trkpt lat="55.539480000000005" lon="-2.83244">
    <ele>232.52000000000004</ele>
   </trkpt>
   <trkpt lat="55.539880000000004" lon="-2.8326000000000002">
    <ele>233.3</ele>
   </trkpt>
   <trkpt lat="55.54034000000001" lon="-2.8327000000000004">
    <ele>232.61</ele>
   </trkpt>
   <trkpt lat="55.540350000000004" lon="-2.83279">
    <ele>232.60000000000002</ele>
   </trkpt>
   <trkpt lat="55.54098500000818" lon="-2.8328649987869823">
    <ele>228.53</ele>
   </trkpt>
   <trkpt lat="55.54162" lon="-2.8329400000000002">
    <ele>225.54000000000002</ele>
   </trkpt>
   <trkpt lat="55.542124999953195" lon="-2.832959999741191">
    <ele>221.81</ele>
   </trkpt>
   <trkpt lat="55.54263" lon="-2.83298">
    <ele>218.19000000000003</ele>
   </trkpt>
   <trkpt lat="55.5427" lon="-2.8329700000000004">
    <ele>217.82000000000002</ele>
   </trkpt>
   <trkpt lat="55.542970000000004" lon="-2.83285">
    <ele>216.16000000000003</ele>
   </trkpt>
   <trkpt lat="55.54318000000001" lon="-2.83271">
    <ele>215.04</ele>
   </trkpt>
   <trkpt lat="55.543760000000006" lon="-2.83205">
    <ele>212.33</ele>
   </trkpt>
   <trkpt lat="55.54402" lon="-2.8317900000000003">
    <ele>211.73000000000002</ele>
   </trkpt>
   <trkpt lat="55.544380000000004" lon="-2.8316800000000004">
    <ele>210.70000000000002</ele>
   </trkpt>
   <trkpt lat="55.54512000011283" lon="-2.8315150031054834">
    <ele>208.47</ele>
   </trkpt>
   <trkpt lat="55.545860000000005" lon="-2.83135">
    <ele>207.47</ele>
   </trkpt>
   <trkpt lat="55.54607000000001" lon="-2.83135">
    <ele>206.88</ele>
   </trkpt>
   <trkpt lat="55.546290000000006" lon="-2.83149">
    <ele>205.73000000000002</ele>
   </trkpt>
   <trkpt lat="55.54656000000001" lon="-2.83178">
    <ele>204.27</ele>
   </trkpt>
   <trkpt lat="55.546670000000006" lon="-2.8319300000000003">
    <ele>203.59</ele>
   </trkpt>
   <trkpt lat="55.54730000000001" lon="-2.83305">
    <ele>198.91</ele>
   </trkpt>
   <trkpt lat="55.54746000000001" lon="-2.83325">
    <ele>198.36</ele>
   </trkpt>
   <trkpt lat="55.54809" lon="-2.83388">
    <ele>195.70000000000002</ele>
   </trkpt>
   <trkpt lat="55.548210000000005" lon="-2.8340300000000003">
    <ele>195.35000000000002</ele>
   </trkpt>
   <trkpt lat="55.54834" lon="-2.8342500000000004">
    <ele>194.71</ele>
   </trkpt>
   <trkpt lat="55.548500000000004" lon="-2.8347100000000003">
    <ele>192.83</ele>
   </trkpt>
   <trkpt lat="55.54858" lon="-2.83524">
    <ele>192.02</ele>
   </trkpt>
   <trkpt lat="55.548570000000005" lon="-2.83569">
    <ele>191.21</ele>
   </trkpt>
   <trkpt lat="55.548550000000006" lon="-2.83583">
    <ele>191.21</ele>
   </trkpt>
   <trkpt lat="55.54849" lon="-2.83603">
    <ele>189.07000000000002</ele>
   </trkpt>
   <trkpt lat="55.548370000000006" lon="-2.8363300000000002">
    <ele>189.07000000000002</ele>
   </trkpt>
   <trkpt lat="55.54818" lon="-2.83671">
    <ele>186.81</ele>
   </trkpt>
   <trkpt lat="55.547775001628544" lon="-2.837350006655559">
    <ele>182.45</ele>
   </trkpt>
   <trkpt lat="55.54737000000001" lon="-2.83799">
    <ele>179.95000000000002</ele>
   </trkpt>
   <trkpt lat="55.547290000000004" lon="-2.8382">
    <ele>179.95000000000002</ele>
   </trkpt>
   <trkpt lat="55.54728000000001" lon="-2.83841">
    <ele>179.41</ele>
   </trkpt>
   <trkpt lat="55.54735" lon="-2.8388600000000004">
    <ele>178.87</ele>
   </trkpt>
   <trkpt lat="55.547550003088986" lon="-2.8397249957849877">
    <ele>176.55</ele>
   </trkpt>
   <trkpt lat="55.54775000000001" lon="-2.84059">
    <ele>174.41</ele>
   </trkpt>
   <trkpt lat="55.54775000000001" lon="-2.84071">
    <ele>174.41</ele>
   </trkpt>
   <trkpt lat="55.54771" lon="-2.8408">
    <ele>174.05</ele>
   </trkpt>
   <trkpt lat="55.54728000000001" lon="-2.8414400000000004">
    <ele>173.16</ele>
   </trkpt>
   <trkpt lat="55.54719000000001" lon="-2.84166">
    <ele>172.41</ele>
   </trkpt>
   <trkpt lat="55.54719000000001" lon="-2.8417800000000004">
    <ele>172.41</ele>
   </trkpt>
   <trkpt lat="55.54710000000001" lon="-2.8419100000000004">
    <ele>172.04000000000002</ele>
   </trkpt>
   <trkpt lat="55.54688" lon="-2.8423700000000003">
    <ele>169.55</ele>
   </trkpt>
   <trkpt lat="55.546530000000004" lon="-2.84323">
    <ele>167.57000000000002</ele>
   </trkpt>
   <trkpt lat="55.546220000000005" lon="-2.84389">
    <ele>159.87</ele>
   </trkpt>
   <trkpt lat="55.545970000000004" lon="-2.84464">
    <ele>155.25</ele>
   </trkpt>
   <trkpt lat="55.54594" lon="-2.8448">
    <ele>155.23</ele>
   </trkpt>
   <trkpt lat="55.545930000000006" lon="-2.84511">
    <ele>151.77</ele>
   </trkpt>
   <trkpt lat="55.54596000000001" lon="-2.84545">
    <ele>151.77</ele>
   </trkpt>
   <trkpt lat="55.546155005344325" lon="-2.846594994362215">
    <ele>144.77</ele>
   </trkpt>
   <trkpt lat="55.546350000000004" lon="-2.8477400000000004">
    <ele>141.32</ele>
   </trkpt>
   <trkpt lat="55.54648" lon="-2.84797">
    <ele>140.78</ele>
   </trkpt>
   <trkpt lat="55.546640000000004" lon="-2.8481">
    <ele>140.48000000000002</ele>
   </trkpt>
   <trkpt lat="55.546800000000005" lon="-2.8481">
    <ele>140.08</ele>
   </trkpt>
   <trkpt lat="55.54715" lon="-2.8479200000000002">
    <ele>138.87</ele>
   </trkpt>
   <trkpt lat="55.547290000000004" lon="-2.84789">
    <ele>138.62</ele>
   </trkpt>
   <trkpt lat="55.547380000000004" lon="-2.8479200000000002">
    <ele>138.44</ele>
   </trkpt>
   <trkpt lat="55.54746000000001" lon="-2.84798">
    <ele>138.31</ele>
   </trkpt>
   <trkpt lat="55.54753" lon="-2.84805">
    <ele>138.31</ele>
   </trkpt>
   <trkpt lat="55.54766000000001" lon="-2.84832">
    <ele>138.54000000000002</ele>
   </trkpt>
   <trkpt lat="55.547740000000005" lon="-2.8486700000000003">
    <ele>139.81</ele>
   </trkpt>
   <trkpt lat="55.547760000000004" lon="-2.84884">
    <ele>140.15000000000003</ele>
   </trkpt>
   <trkpt lat="55.547760000000004" lon="-2.84927">
    <ele>140.65000000000003</ele>
   </trkpt>
   <trkpt lat="55.547630000000005" lon="-2.85001">
    <ele>138.81</ele>
   </trkpt>
   <trkpt lat="55.54753" lon="-2.85047">
    <ele>137.71</ele>
   </trkpt>
   <trkpt lat="55.54737000000001" lon="-2.8509100000000003">
    <ele>136.85</ele>
   </trkpt>
   <trkpt lat="55.54704" lon="-2.8516800000000004">
    <ele>133.05</ele>
   </trkpt>
   <trkpt lat="55.54697" lon="-2.85189">
    <ele>131.68</ele>
   </trkpt>
   <trkpt lat="55.546940000000006" lon="-2.8521300000000003">
    <ele>131.11</ele>
   </trkpt>
   <trkpt lat="55.546910000000004" lon="-2.8528000000000002">
    <ele>128.35000000000002</ele>
   </trkpt>
   <trkpt lat="55.547090000000004" lon="-2.85277">
    <ele>127.38000000000002</ele>
   </trkpt>
   <trkpt lat="55.547520000000006" lon="-2.85223">
    <ele>125.21000000000001</ele>
   </trkpt>
   <trkpt lat="55.547700000000006" lon="-2.85196">
    <ele>124.00000000000001</ele>
   </trkpt>
   <trkpt lat="55.547850000000004" lon="-2.8516500000000002">
    <ele>123.61000000000001</ele>
   </trkpt>
   <trkpt lat="55.548100000000005" lon="-2.8506">
    <ele>122.13000000000001</ele>
   </trkpt>
   <trkpt lat="55.54830500270951" lon="-2.8498000037658446">
    <ele>121.48</ele>
   </trkpt>
   <trkpt lat="55.54851000000001" lon="-2.849">
    <ele>121.03000000000002</ele>
   </trkpt>
   <trkpt lat="55.548610000000004" lon="-2.8485">
    <ele>120.77000000000001</ele>
   </trkpt>
   <trkpt lat="55.548700000000004" lon="-2.84859">
    <ele>119.82000000000001</ele>
   </trkpt>
   <trkpt lat="55.54878000000001" lon="-2.8486000000000002">
    <ele>119.82000000000001</ele>
   </trkpt>
   <trkpt lat="55.54883" lon="-2.84857">
    <ele>119.31000000000002</ele>
   </trkpt>
   <trkpt lat="55.549170000000004" lon="-2.8481400000000003">
    <ele>118.44</ele>
   </trkpt>
   <trkpt lat="55.54916000000001" lon="-2.8481500000000004">
    <ele>118.44</ele>
   </trkpt>
  </trkseg>
 </trk>
</gpx>
