<?xml version="1.0" encoding="UTF-8"?>
<gpx xmlns:gpxdata="http://www.cluetrust.com/XML/GPXDATA/1/0" xmlns:xsi="http://www.w3.org/2001/XMLSchema-instance" xmlns="http://www.topografix.com/GPX/1/1" version="1.1" creator="http://ridewithgps.com/" xsi:schemaLocation="http://www.topografix.com/GPX/1/1 http://www.topografix.com/GPX/1/1/gpx.xsd http://www.cluetrust.com/XML/GPXDATA/1/0 http://www.cluetrust.com/Schemas/gpxdata10.xsd">
  <metadata>
    <name>On the trail of Le Tour</name>
    <link href="https://ridewithgps.com/routes/57078032">
      <text>On the trail of Le Tour</text>
    </link>
    <time>2026-09-09T08:32:30Z</time>
  </metadata>
  <wpt lat="55.54941" lon="-2.84793">
    <name>Start</name>
    <cmt>generic</cmt>
    <sym>Dot</sym>
    <type>generic</type>
  </wpt>
  <trk>
    <name>On the trail of Le Tour</name>
    <trkseg>
      <trkpt lat="55.54941" lon="-2.84793">
        <ele>118.9</ele>
      </trkpt>
      <trkpt lat="55.54939" lon="-2.84787">
        <ele>118.9</ele>
      </trkpt>
      <trkpt lat="55.54884" lon="-2.84856">
        <ele>121.9</ele>
      </trkpt>
      <trkpt lat="55.54879" lon="-2.84859">
        <ele>122.3</ele>
      </trkpt>
      <trkpt lat="55.54871" lon="-2.84858">
        <ele>123.2</ele>
      </trkpt>
      <trkpt lat="55.54861" lon="-2.8485">
        <ele>124.5</ele>
      </trkpt>
      <trkpt lat="55.54852" lon="-2.849">
        <ele>123.8</ele>
      </trkpt>
      <trkpt lat="55.54831" lon="-2.8498">
        <ele>123.8</ele>
      </trkpt>
      <trkpt lat="55.54811" lon="-2.8506">
        <ele>125.3</ele>
      </trkpt>
      <trkpt lat="55.54786" lon="-2.85165">
        <ele>124.8</ele>
      </trkpt>
      <trkpt lat="55.5477" lon="-2.85194">
        <ele>125.3</ele>
      </trkpt>
      <trkpt lat="55.54752" lon="-2.8522">
        <ele>125.6</ele>
      </trkpt>
      <trkpt lat="55.54709" lon="-2.85275">
        <ele>129.0</ele>
      </trkpt>
      <trkpt lat="55.54699" lon="-2.85279">
        <ele>130.2</ele>
      </trkpt>
      <trkpt lat="55.54692" lon="-2.8528">
        <ele>131.3</ele>
      </trkpt>
      <trkpt lat="55.54694" lon="-2.85297">
        <ele>129.5</ele>
      </trkpt>
      <trkpt lat="55.54698" lon="-2.85314">
        <ele>127.5</ele>
      </trkpt>
      <trkpt lat="55.54744" lon="-2.85425">
        <ele>120.4</ele>
      </trkpt>
      <trkpt lat="55.54781" lon="-2.85513">
        <ele>119.4</ele>
      </trkpt>
      <trkpt lat="55.54818" lon="-2.856">
        <ele>120.3</ele>
      </trkpt>
      <trkpt lat="55.54852" lon="-2.85665">
        <ele>121.5</ele>
      </trkpt>
      <trkpt lat="55.54859" lon="-2.85675">
        <ele>121.4</ele>
      </trkpt>
      <trkpt lat="55.54868" lon="-2.85685">
        <ele>121.2</ele>
      </trkpt>
      <trkpt lat="55.54911" lon="-2.8574">
        <ele>120.1</ele>
      </trkpt>
      <trkpt lat="55.54986" lon="-2.85825">
        <ele>120.7</ele>
      </trkpt>
      <trkpt lat="55.55027" lon="-2.85878">
        <ele>127.5</ele>
      </trkpt>
      <trkpt lat="55.55033" lon="-2.85882">
        <ele>128.3</ele>
      </trkpt>
      <trkpt lat="55.55042" lon="-2.85881">
        <ele>129.3</ele>
      </trkpt>
      <trkpt lat="55.55053" lon="-2.8587">
        <ele>129.5</ele>
      </trkpt>
      <trkpt lat="55.55085" lon="-2.85811">
        <ele>128.8</ele>
      </trkpt>
      <trkpt lat="55.55117" lon="-2.85753">
        <ele>127.5</ele>
      </trkpt>
      <trkpt lat="55.5516" lon="-2.85627">
        <ele>124.6</ele>
      </trkpt>
      <trkpt lat="55.55204" lon="-2.85501">
        <ele>126.4</ele>
      </trkpt>
      <trkpt lat="55.55248" lon="-2.85375">
        <ele>127.8</ele>
      </trkpt>
      <trkpt lat="55.55292" lon="-2.85249">
        <ele>128.4</ele>
      </trkpt>
      <trkpt lat="55.55336" lon="-2.85123">
        <ele>126.1</ele>
      </trkpt>
      <trkpt lat="55.55361" lon="-2.85054">
        <ele>124.8</ele>
      </trkpt>
      <trkpt lat="55.55379" lon="-2.8501">
        <ele>123.5</ele>
      </trkpt>
      <trkpt lat="55.55399" lon="-2.84967">
        <ele>123.1</ele>
      </trkpt>
      <trkpt lat="55.55421" lon="-2.84923">
        <ele>122.7</ele>
      </trkpt>
      <trkpt lat="55.55439" lon="-2.849">
        <ele>123.0</ele>
      </trkpt>
      <trkpt lat="55.55485" lon="-2.8485">
        <ele>123.2</ele>
      </trkpt>
      <trkpt lat="55.55531" lon="-2.84801">
        <ele>123.6</ele>
      </trkpt>
      <trkpt lat="55.55552" lon="-2.84784">
        <ele>123.8</ele>
      </trkpt>
      <trkpt lat="55.55619" lon="-2.84757">
        <ele>126.1</ele>
      </trkpt>
      <trkpt lat="55.55679" lon="-2.84731">
        <ele>128.7</ele>
      </trkpt>
      <trkpt lat="55.55694" lon="-2.84715">
        <ele>128.6</ele>
      </trkpt>
      <trkpt lat="55.55715" lon="-2.84686">
        <ele>128.0</ele>
      </trkpt>
      <trkpt lat="55.55744" lon="-2.84642">
        <ele>127.4</ele>
      </trkpt>
      <trkpt lat="55.55774" lon="-2.84589">
        <ele>127.8</ele>
      </trkpt>
      <trkpt lat="55.558" lon="-2.84533">
        <ele>128.3</ele>
      </trkpt>
      <trkpt lat="55.55819" lon="-2.84496">
        <ele>129.1</ele>
      </trkpt>
      <trkpt lat="55.55831" lon="-2.84484">
        <ele>129.9</ele>
      </trkpt>
      <trkpt lat="55.55886" lon="-2.84457">
        <ele>133.0</ele>
      </trkpt>
      <trkpt lat="55.55908" lon="-2.84438">
        <ele>133.7</ele>
      </trkpt>
      <trkpt lat="55.55936" lon="-2.84412">
        <ele>135.7</ele>
      </trkpt>
      <trkpt lat="55.55956" lon="-2.84385">
        <ele>136.5</ele>
      </trkpt>
      <trkpt lat="55.55973" lon="-2.8436">
        <ele>136.7</ele>
      </trkpt>
      <trkpt lat="55.5599" lon="-2.84325">
        <ele>136.3</ele>
      </trkpt>
      <trkpt lat="55.56008" lon="-2.84249">
        <ele>136.7</ele>
      </trkpt>
      <trkpt lat="55.56024" lon="-2.84182">
        <ele>136.3</ele>
      </trkpt>
      <trkpt lat="55.56038" lon="-2.84112">
        <ele>136.1</ele>
      </trkpt>
      <trkpt lat="55.5607" lon="-2.83999">
        <ele>136.6</ele>
      </trkpt>
      <trkpt lat="55.56107" lon="-2.8388">
        <ele>136.4</ele>
      </trkpt>
      <trkpt lat="55.56125" lon="-2.8383">
        <ele>136.3</ele>
      </trkpt>
      <trkpt lat="55.56145" lon="-2.83787">
        <ele>136.4</ele>
      </trkpt>
      <trkpt lat="55.56161" lon="-2.83765">
        <ele>137.1</ele>
      </trkpt>
      <trkpt lat="55.56177" lon="-2.8375">
        <ele>138.3</ele>
      </trkpt>
      <trkpt lat="55.56193" lon="-2.83743">
        <ele>140.0</ele>
      </trkpt>
      <trkpt lat="55.56248" lon="-2.8372">
        <ele>145.9</ele>
      </trkpt>
      <trkpt lat="55.56303" lon="-2.83698">
        <ele>144.0</ele>
      </trkpt>
      <trkpt lat="55.56348" lon="-2.83682">
        <ele>142.7</ele>
      </trkpt>
      <trkpt lat="55.5639" lon="-2.83672">
        <ele>142.8</ele>
      </trkpt>
      <trkpt lat="55.56406" lon="-2.83671">
        <ele>143.1</ele>
      </trkpt>
      <trkpt lat="55.56426" lon="-2.83676">
        <ele>143.8</ele>
      </trkpt>
      <trkpt lat="55.56439" lon="-2.83682">
        <ele>144.4</ele>
      </trkpt>
      <trkpt lat="55.56469" lon="-2.83705">
        <ele>147.1</ele>
      </trkpt>
      <trkpt lat="55.56481" lon="-2.83713">
        <ele>148.2</ele>
      </trkpt>
      <trkpt lat="55.56498" lon="-2.83715">
        <ele>148.8</ele>
      </trkpt>
      <trkpt lat="55.56506" lon="-2.83713">
        <ele>148.3</ele>
      </trkpt>
      <trkpt lat="55.56535" lon="-2.83694">
        <ele>144.7</ele>
      </trkpt>
      <trkpt lat="55.56548" lon="-2.83687">
        <ele>143.4</ele>
      </trkpt>
      <trkpt lat="55.56565" lon="-2.8368">
        <ele>142.0</ele>
      </trkpt>
      <trkpt lat="55.56638" lon="-2.83683">
        <ele>141.7</ele>
      </trkpt>
      <trkpt lat="55.56657" lon="-2.83688">
        <ele>142.0</ele>
      </trkpt>
      <trkpt lat="55.5673" lon="-2.83738">
        <ele>143.0</ele>
      </trkpt>
      <trkpt lat="55.56759" lon="-2.83751">
        <ele>142.9</ele>
      </trkpt>
      <trkpt lat="55.5679" lon="-2.83751">
        <ele>142.5</ele>
      </trkpt>
      <trkpt lat="55.56815" lon="-2.83746">
        <ele>142.1</ele>
      </trkpt>
      <trkpt lat="55.56856" lon="-2.83728">
        <ele>141.6</ele>
      </trkpt>
      <trkpt lat="55.56883" lon="-2.83718">
        <ele>141.7</ele>
      </trkpt>
      <trkpt lat="55.56908" lon="-2.83703">
        <ele>141.7</ele>
      </trkpt>
      <trkpt lat="55.56945" lon="-2.83678">
        <ele>142.3</ele>
      </trkpt>
      <trkpt lat="55.56972" lon="-2.83665">
        <ele>142.9</ele>
      </trkpt>
      <trkpt lat="55.57019" lon="-2.83658">
        <ele>144.1</ele>
      </trkpt>
      <trkpt lat="55.57064" lon="-2.83668">
        <ele>144.8</ele>
      </trkpt>
      <trkpt lat="55.57109" lon="-2.83678">
        <ele>147.1</ele>
      </trkpt>
      <trkpt lat="55.57149" lon="-2.83677">
        <ele>150.0</ele>
      </trkpt>
      <trkpt lat="55.5721" lon="-2.83667">
        <ele>153.1</ele>
      </trkpt>
      <trkpt lat="55.57233" lon="-2.83671">
        <ele>154.3</ele>
      </trkpt>
      <trkpt lat="55.57256" lon="-2.83678">
        <ele>155.8</ele>
      </trkpt>
      <trkpt lat="55.57281" lon="-2.8369">
        <ele>157.7</ele>
      </trkpt>
      <trkpt lat="55.57294" lon="-2.83699">
        <ele>158.8</ele>
      </trkpt>
      <trkpt lat="55.57312" lon="-2.83714">
        <ele>160.4</ele>
      </trkpt>
      <trkpt lat="55.57332" lon="-2.83736">
        <ele>162.4</ele>
      </trkpt>
      <trkpt lat="55.5736" lon="-2.8377">
        <ele>165.3</ele>
      </trkpt>
      <trkpt lat="55.57412" lon="-2.83852">
        <ele>166.6</ele>
      </trkpt>
      <trkpt lat="55.57443" lon="-2.83912">
        <ele>162.9</ele>
      </trkpt>
      <trkpt lat="55.57475" lon="-2.83972">
        <ele>159.9</ele>
      </trkpt>
      <trkpt lat="55.57498" lon="-2.84013">
        <ele>158.5</ele>
      </trkpt>
      <trkpt lat="55.57522" lon="-2.84042">
        <ele>159.5</ele>
      </trkpt>
      <trkpt lat="55.57549" lon="-2.84056">
        <ele>160.5</ele>
      </trkpt>
      <trkpt lat="55.57582" lon="-2.84066">
        <ele>161.6</ele>
      </trkpt>
      <trkpt lat="55.57604" lon="-2.84064">
        <ele>161.7</ele>
      </trkpt>
      <trkpt lat="55.57616" lon="-2.84057">
        <ele>161.6</ele>
      </trkpt>
      <trkpt lat="55.57627" lon="-2.84041">
        <ele>161.2</ele>
      </trkpt>
      <trkpt lat="55.5764" lon="-2.84005">
        <ele>160.2</ele>
      </trkpt>
      <trkpt lat="55.57664" lon="-2.83928">
        <ele>159.2</ele>
      </trkpt>
      <trkpt lat="55.5769" lon="-2.83866">
        <ele>157.6</ele>
      </trkpt>
      <trkpt lat="55.57709" lon="-2.83839">
        <ele>156.3</ele>
      </trkpt>
      <trkpt lat="55.57727" lon="-2.83819">
        <ele>155.7</ele>
      </trkpt>
      <trkpt lat="55.57744" lon="-2.83806">
        <ele>155.2</ele>
      </trkpt>
      <trkpt lat="55.57771" lon="-2.83789">
        <ele>154.6</ele>
      </trkpt>
      <trkpt lat="55.57795" lon="-2.83771">
        <ele>153.5</ele>
      </trkpt>
      <trkpt lat="55.57818" lon="-2.83749">
        <ele>151.7</ele>
      </trkpt>
      <trkpt lat="55.57837" lon="-2.83732">
        <ele>149.7</ele>
      </trkpt>
      <trkpt lat="55.57859" lon="-2.83727">
        <ele>148.3</ele>
      </trkpt>
      <trkpt lat="55.5788" lon="-2.8373">
        <ele>147.3</ele>
      </trkpt>
      <trkpt lat="55.579" lon="-2.83746">
        <ele>146.8</ele>
      </trkpt>
      <trkpt lat="55.57921" lon="-2.83771">
        <ele>146.6</ele>
      </trkpt>
      <trkpt lat="55.57948" lon="-2.83811">
        <ele>146.7</ele>
      </trkpt>
      <trkpt lat="55.57998" lon="-2.83901">
        <ele>146.0</ele>
      </trkpt>
      <trkpt lat="55.58027" lon="-2.83957">
        <ele>145.0</ele>
      </trkpt>
      <trkpt lat="55.5804" lon="-2.83979">
        <ele>144.5</ele>
      </trkpt>
      <trkpt lat="55.58051" lon="-2.83998">
        <ele>144.2</ele>
      </trkpt>
      <trkpt lat="55.58091" lon="-2.84062">
        <ele>141.9</ele>
      </trkpt>
      <trkpt lat="55.58103" lon="-2.841">
        <ele>138.8</ele>
      </trkpt>
      <trkpt lat="55.58111" lon="-2.84142">
        <ele>136.6</ele>
      </trkpt>
      <trkpt lat="55.58123" lon="-2.84258">
        <ele>132.0</ele>
      </trkpt>
      <trkpt lat="55.58132" lon="-2.84335">
        <ele>129.4</ele>
      </trkpt>
      <trkpt lat="55.58136" lon="-2.84385">
        <ele>128.3</ele>
      </trkpt>
      <trkpt lat="55.5815" lon="-2.84484">
        <ele>125.7</ele>
      </trkpt>
      <trkpt lat="55.58167" lon="-2.84582">
        <ele>124.0</ele>
      </trkpt>
      <trkpt lat="55.58178" lon="-2.84671">
        <ele>122.6</ele>
      </trkpt>
      <trkpt lat="55.58185" lon="-2.84757">
        <ele>122.3</ele>
      </trkpt>
      <trkpt lat="55.58192" lon="-2.84843">
        <ele>121.9</ele>
      </trkpt>
      <trkpt lat="55.58202" lon="-2.84905">
        <ele>121.3</ele>
      </trkpt>
      <trkpt lat="55.58228" lon="-2.85016">
        <ele>118.8</ele>
      </trkpt>
      <trkpt lat="55.58239" lon="-2.85082">
        <ele>118.9</ele>
      </trkpt>
      <trkpt lat="55.58243" lon="-2.85149">
        <ele>119.9</ele>
      </trkpt>
      <trkpt lat="55.58246" lon="-2.85223">
        <ele>120.5</ele>
      </trkpt>
      <trkpt lat="55.58252" lon="-2.85322">
        <ele>120.6</ele>
      </trkpt>
      <trkpt lat="55.58257" lon="-2.85421">
        <ele>120.7</ele>
      </trkpt>
      <trkpt lat="55.58263" lon="-2.85507">
        <ele>119.9</ele>
      </trkpt>
      <trkpt lat="55.58268" lon="-2.85582">
        <ele>120.8</ele>
      </trkpt>
      <trkpt lat="55.5827" lon="-2.85646">
        <ele>121.6</ele>
      </trkpt>
      <trkpt lat="55.58274" lon="-2.85711">
        <ele>122.7</ele>
      </trkpt>
      <trkpt lat="55.58288" lon="-2.85817">
        <ele>122.5</ele>
      </trkpt>
      <trkpt lat="55.58299" lon="-2.85939">
        <ele>124.4</ele>
      </trkpt>
      <trkpt lat="55.58312" lon="-2.86046">
        <ele>125.1</ele>
      </trkpt>
      <trkpt lat="55.58322" lon="-2.86109">
        <ele>125.9</ele>
      </trkpt>
      <trkpt lat="55.58326" lon="-2.86118">
        <ele>124.8</ele>
      </trkpt>
      <trkpt lat="55.58331" lon="-2.86123">
        <ele>122.8</ele>
      </trkpt>
      <trkpt lat="55.58334" lon="-2.86123">
        <ele>121.7</ele>
      </trkpt>
      <trkpt lat="55.58385" lon="-2.86107">
        <ele>113.5</ele>
      </trkpt>
      <trkpt lat="55.58394" lon="-2.86106">
        <ele>112.1</ele>
      </trkpt>
      <trkpt lat="55.58402" lon="-2.86108">
        <ele>111.0</ele>
      </trkpt>
      <trkpt lat="55.58412" lon="-2.86113">
        <ele>109.6</ele>
      </trkpt>
      <trkpt lat="55.58422" lon="-2.86122">
        <ele>109.2</ele>
      </trkpt>
      <trkpt lat="55.58435" lon="-2.86141">
        <ele>109.7</ele>
      </trkpt>
      <trkpt lat="55.58457" lon="-2.8618">
        <ele>110.8</ele>
      </trkpt>
      <trkpt lat="55.58479" lon="-2.86232">
        <ele>112.4</ele>
      </trkpt>
      <trkpt lat="55.58521" lon="-2.86347">
        <ele>115.4</ele>
      </trkpt>
      <trkpt lat="55.58533" lon="-2.86387">
        <ele>115.5</ele>
      </trkpt>
      <trkpt lat="55.58557" lon="-2.86468">
        <ele>116.2</ele>
      </trkpt>
      <trkpt lat="55.58613" lon="-2.86563">
        <ele>118.2</ele>
      </trkpt>
      <trkpt lat="55.58663" lon="-2.86688">
        <ele>114.0</ele>
      </trkpt>
      <trkpt lat="55.58686" lon="-2.86731">
        <ele>114.4</ele>
      </trkpt>
      <trkpt lat="55.58705" lon="-2.86762">
        <ele>114.3</ele>
      </trkpt>
      <trkpt lat="55.5872" lon="-2.8678">
        <ele>114.2</ele>
      </trkpt>
      <trkpt lat="55.58747" lon="-2.86812">
        <ele>113.5</ele>
      </trkpt>
      <trkpt lat="55.58772" lon="-2.86831">
        <ele>112.5</ele>
      </trkpt>
      <trkpt lat="55.58795" lon="-2.86856">
        <ele>114.5</ele>
      </trkpt>
      <trkpt lat="55.58819" lon="-2.86873">
        <ele>116.0</ele>
      </trkpt>
      <trkpt lat="55.5884" lon="-2.86892">
        <ele>118.2</ele>
      </trkpt>
      <trkpt lat="55.58856" lon="-2.86901">
        <ele>119.5</ele>
      </trkpt>
      <trkpt lat="55.58888" lon="-2.86907">
        <ele>120.6</ele>
      </trkpt>
      <trkpt lat="55.5891" lon="-2.86902">
        <ele>120.5</ele>
      </trkpt>
      <trkpt lat="55.58947" lon="-2.86886">
        <ele>119.3</ele>
      </trkpt>
      <trkpt lat="55.59003" lon="-2.86849">
        <ele>115.7</ele>
      </trkpt>
      <trkpt lat="55.59072" lon="-2.868">
        <ele>118.4</ele>
      </trkpt>
      <trkpt lat="55.5914" lon="-2.86752">
        <ele>123.8</ele>
      </trkpt>
      <trkpt lat="55.59175" lon="-2.86734">
        <ele>125.5</ele>
      </trkpt>
      <trkpt lat="55.59204" lon="-2.86723">
        <ele>126.2</ele>
      </trkpt>
      <trkpt lat="55.59278" lon="-2.86697">
        <ele>125.4</ele>
      </trkpt>
      <trkpt lat="55.59351" lon="-2.86671">
        <ele>121.8</ele>
      </trkpt>
      <trkpt lat="55.59425" lon="-2.86646">
        <ele>119.9</ele>
      </trkpt>
      <trkpt lat="55.59499" lon="-2.8662">
        <ele>124.7</ele>
      </trkpt>
      <trkpt lat="55.59573" lon="-2.86592">
        <ele>128.8</ele>
      </trkpt>
      <trkpt lat="55.59594" lon="-2.86585">
        <ele>129.8</ele>
      </trkpt>
      <trkpt lat="55.59621" lon="-2.86583">
        <ele>130.1</ele>
      </trkpt>
      <trkpt lat="55.59667" lon="-2.86585">
        <ele>129.8</ele>
      </trkpt>
      <trkpt lat="55.59754" lon="-2.86576">
        <ele>134.1</ele>
      </trkpt>
      <trkpt lat="55.59814" lon="-2.86584">
        <ele>141.7</ele>
      </trkpt>
      <trkpt lat="55.59869" lon="-2.86612">
        <ele>143.3</ele>
      </trkpt>
      <trkpt lat="55.59896" lon="-2.86625">
        <ele>143.5</ele>
      </trkpt>
      <trkpt lat="55.59914" lon="-2.86637">
        <ele>142.3</ele>
      </trkpt>
      <trkpt lat="55.59979" lon="-2.86704">
        <ele>142.3</ele>
      </trkpt>
      <trkpt lat="55.60004" lon="-2.86742">
        <ele>140.0</ele>
      </trkpt>
      <trkpt lat="55.60042" lon="-2.86805">
        <ele>136.0</ele>
      </trkpt>
      <trkpt lat="55.60081" lon="-2.86869">
        <ele>133.3</ele>
      </trkpt>
      <trkpt lat="55.60122" lon="-2.86943">
        <ele>132.6</ele>
      </trkpt>
      <trkpt lat="55.60152" lon="-2.86992">
        <ele>128.0</ele>
      </trkpt>
      <trkpt lat="55.60172" lon="-2.8703">
        <ele>127.4</ele>
      </trkpt>
      <trkpt lat="55.60207" lon="-2.87106">
        <ele>128.2</ele>
      </trkpt>
      <trkpt lat="55.60243" lon="-2.87183">
        <ele>123.6</ele>
      </trkpt>
      <trkpt lat="55.60273" lon="-2.87267">
        <ele>124.4</ele>
      </trkpt>
      <trkpt lat="55.60303" lon="-2.87351">
        <ele>123.8</ele>
      </trkpt>
      <trkpt lat="55.60329" lon="-2.87428">
        <ele>122.3</ele>
      </trkpt>
      <trkpt lat="55.60356" lon="-2.87505">
        <ele>121.6</ele>
      </trkpt>
      <trkpt lat="55.60363" lon="-2.87523">
        <ele>121.8</ele>
      </trkpt>
      <trkpt lat="55.60374" lon="-2.87543">
        <ele>122.1</ele>
      </trkpt>
      <trkpt lat="55.60403" lon="-2.87576">
        <ele>122.7</ele>
      </trkpt>
      <trkpt lat="55.6043" lon="-2.87599">
        <ele>123.6</ele>
      </trkpt>
      <trkpt lat="55.60476" lon="-2.87629">
        <ele>125.8</ele>
      </trkpt>
      <trkpt lat="55.60523" lon="-2.87659">
        <ele>126.6</ele>
      </trkpt>
      <trkpt lat="55.60528" lon="-2.87665">
        <ele>126.3</ele>
      </trkpt>
      <trkpt lat="55.60531" lon="-2.87673">
        <ele>126.4</ele>
      </trkpt>
      <trkpt lat="55.60533" lon="-2.87682">
        <ele>126.7</ele>
      </trkpt>
      <trkpt lat="55.60539" lon="-2.87679">
        <ele>127.3</ele>
      </trkpt>
      <trkpt lat="55.60547" lon="-2.87677">
        <ele>128.2</ele>
      </trkpt>
      <trkpt lat="55.60569" lon="-2.87683">
        <ele>130.6</ele>
      </trkpt>
      <trkpt lat="55.60586" lon="-2.8769">
        <ele>132.4</ele>
      </trkpt>
      <trkpt lat="55.60598" lon="-2.87693">
        <ele>132.7</ele>
      </trkpt>
      <trkpt lat="55.60623" lon="-2.87694">
        <ele>133.4</ele>
      </trkpt>
      <trkpt lat="55.60638" lon="-2.87691">
        <ele>133.7</ele>
      </trkpt>
      <trkpt lat="55.60652" lon="-2.87683">
        <ele>133.7</ele>
      </trkpt>
      <trkpt lat="55.60661" lon="-2.87676">
        <ele>133.5</ele>
      </trkpt>
      <trkpt lat="55.60671" lon="-2.87666">
        <ele>133.1</ele>
      </trkpt>
      <trkpt lat="55.607" lon="-2.87632">
        <ele>140.2</ele>
      </trkpt>
      <trkpt lat="55.60708" lon="-2.87624">
        <ele>141.7</ele>
      </trkpt>
      <trkpt lat="55.60718" lon="-2.87617">
        <ele>142.9</ele>
      </trkpt>
      <trkpt lat="55.60729" lon="-2.87613">
        <ele>143.6</ele>
      </trkpt>
      <trkpt lat="55.6075" lon="-2.8761">
        <ele>143.8</ele>
      </trkpt>
      <trkpt lat="55.60766" lon="-2.87611">
        <ele>144.1</ele>
      </trkpt>
      <trkpt lat="55.60819" lon="-2.87623">
        <ele>143.8</ele>
      </trkpt>
      <trkpt lat="55.60878" lon="-2.87639">
        <ele>143.1</ele>
      </trkpt>
      <trkpt lat="55.60936" lon="-2.87654">
        <ele>142.3</ele>
      </trkpt>
      <trkpt lat="55.61003" lon="-2.87674">
        <ele>143.7</ele>
      </trkpt>
      <trkpt lat="55.61071" lon="-2.87693">
        <ele>146.9</ele>
      </trkpt>
      <trkpt lat="55.61083" lon="-2.87693">
        <ele>147.2</ele>
      </trkpt>
      <trkpt lat="55.61093" lon="-2.8769">
        <ele>147.5</ele>
      </trkpt>
      <trkpt lat="55.61118" lon="-2.8768">
        <ele>147.8</ele>
      </trkpt>
      <trkpt lat="55.61127" lon="-2.87679">
        <ele>148.1</ele>
      </trkpt>
      <trkpt lat="55.61136" lon="-2.8768">
        <ele>148.7</ele>
      </trkpt>
      <trkpt lat="55.61148" lon="-2.87685">
        <ele>149.6</ele>
      </trkpt>
      <trkpt lat="55.61158" lon="-2.87686">
        <ele>150.2</ele>
      </trkpt>
      <trkpt lat="55.61168" lon="-2.87685">
        <ele>150.5</ele>
      </trkpt>
      <trkpt lat="55.61185" lon="-2.87675">
        <ele>149.5</ele>
      </trkpt>
      <trkpt lat="55.61212" lon="-2.87657">
        <ele>149.6</ele>
      </trkpt>
      <trkpt lat="55.61225" lon="-2.87651">
        <ele>150.0</ele>
      </trkpt>
      <trkpt lat="55.61248" lon="-2.87648">
        <ele>150.1</ele>
      </trkpt>
      <trkpt lat="55.61312" lon="-2.87655">
        <ele>150.1</ele>
      </trkpt>
      <trkpt lat="55.6135" lon="-2.87655">
        <ele>151.1</ele>
      </trkpt>
      <trkpt lat="55.61385" lon="-2.87658">
        <ele>152.0</ele>
      </trkpt>
      <trkpt lat="55.61423" lon="-2.87666">
        <ele>152.3</ele>
      </trkpt>
      <trkpt lat="55.61462" lon="-2.87678">
        <ele>153.2</ele>
      </trkpt>
      <trkpt lat="55.61527" lon="-2.87693">
        <ele>154.3</ele>
      </trkpt>
      <trkpt lat="55.61557" lon="-2.877">
        <ele>154.2</ele>
      </trkpt>
      <trkpt lat="55.61577" lon="-2.87703">
        <ele>154.2</ele>
      </trkpt>
      <trkpt lat="55.61588" lon="-2.87703">
        <ele>154.2</ele>
      </trkpt>
      <trkpt lat="55.61615" lon="-2.87699">
        <ele>154.0</ele>
      </trkpt>
      <trkpt lat="55.61628" lon="-2.87695">
        <ele>153.9</ele>
      </trkpt>
      <trkpt lat="55.61679" lon="-2.87684">
        <ele>153.7</ele>
      </trkpt>
      <trkpt lat="55.61686" lon="-2.87685">
        <ele>153.7</ele>
      </trkpt>
      <trkpt lat="55.61695" lon="-2.87688">
        <ele>153.7</ele>
      </trkpt>
      <trkpt lat="55.61703" lon="-2.87695">
        <ele>153.8</ele>
      </trkpt>
      <trkpt lat="55.61711" lon="-2.87704">
        <ele>153.8</ele>
      </trkpt>
      <trkpt lat="55.61718" lon="-2.87715">
        <ele>153.9</ele>
      </trkpt>
      <trkpt lat="55.61725" lon="-2.87731">
        <ele>154.1</ele>
      </trkpt>
      <trkpt lat="55.61766" lon="-2.87675">
        <ele>154.7</ele>
      </trkpt>
      <trkpt lat="55.61783" lon="-2.87662">
        <ele>155.3</ele>
      </trkpt>
      <trkpt lat="55.6179" lon="-2.87659">
        <ele>155.7</ele>
      </trkpt>
      <trkpt lat="55.61797" lon="-2.8766">
        <ele>155.9</ele>
      </trkpt>
      <trkpt lat="55.61804" lon="-2.87662">
        <ele>156.1</ele>
      </trkpt>
      <trkpt lat="55.61805" lon="-2.87669">
        <ele>156.0</ele>
      </trkpt>
      <trkpt lat="55.61807" lon="-2.87675">
        <ele>156.3</ele>
      </trkpt>
      <trkpt lat="55.61811" lon="-2.87679">
        <ele>156.5</ele>
      </trkpt>
      <trkpt lat="55.61814" lon="-2.87681">
        <ele>156.8</ele>
      </trkpt>
      <trkpt lat="55.61819" lon="-2.87682">
        <ele>157.0</ele>
      </trkpt>
      <trkpt lat="55.61823" lon="-2.8768">
        <ele>157.1</ele>
      </trkpt>
      <trkpt lat="55.61826" lon="-2.87677">
        <ele>157.1</ele>
      </trkpt>
      <trkpt lat="55.61848" lon="-2.87685">
        <ele>159.0</ele>
      </trkpt>
      <trkpt lat="55.61925" lon="-2.87677">
        <ele>166.1</ele>
      </trkpt>
      <trkpt lat="55.62003" lon="-2.8767">
        <ele>172.3</ele>
      </trkpt>
      <trkpt lat="55.62092" lon="-2.87663">
        <ele>178.9</ele>
      </trkpt>
      <trkpt lat="55.62182" lon="-2.87656">
        <ele>188.6</ele>
      </trkpt>
      <trkpt lat="55.62194" lon="-2.8766">
        <ele>190.4</ele>
      </trkpt>
      <trkpt lat="55.62203" lon="-2.87667">
        <ele>191.8</ele>
      </trkpt>
      <trkpt lat="55.62215" lon="-2.87687">
        <ele>193.6</ele>
      </trkpt>
      <trkpt lat="55.62228" lon="-2.87731">
        <ele>195.3</ele>
      </trkpt>
      <trkpt lat="55.62247" lon="-2.87785">
        <ele>196.8</ele>
      </trkpt>
      <trkpt lat="55.6226" lon="-2.87811">
        <ele>198.1</ele>
      </trkpt>
      <trkpt lat="55.62318" lon="-2.87884">
        <ele>205.5</ele>
      </trkpt>
      <trkpt lat="55.62376" lon="-2.87957">
        <ele>209.6</ele>
      </trkpt>
      <trkpt lat="55.62387" lon="-2.87967">
        <ele>210.1</ele>
      </trkpt>
      <trkpt lat="55.62398" lon="-2.87972">
        <ele>210.6</ele>
      </trkpt>
      <trkpt lat="55.6239" lon="-2.88008">
        <ele>209.9</ele>
      </trkpt>
      <trkpt lat="55.62386" lon="-2.88034">
        <ele>210.5</ele>
      </trkpt>
      <trkpt lat="55.62385" lon="-2.88059">
        <ele>211.3</ele>
      </trkpt>
      <trkpt lat="55.62383" lon="-2.88177">
        <ele>214.5</ele>
      </trkpt>
      <trkpt lat="55.62381" lon="-2.88296">
        <ele>219.9</ele>
      </trkpt>
      <trkpt lat="55.62381" lon="-2.88327">
        <ele>221.2</ele>
      </trkpt>
      <trkpt lat="55.62383" lon="-2.88398">
        <ele>223.5</ele>
      </trkpt>
      <trkpt lat="55.62386" lon="-2.88505">
        <ele>226.0</ele>
      </trkpt>
      <trkpt lat="55.62381" lon="-2.88605">
        <ele>226.4</ele>
      </trkpt>
      <trkpt lat="55.62374" lon="-2.88748">
        <ele>224.6</ele>
      </trkpt>
      <trkpt lat="55.62367" lon="-2.88891">
        <ele>221.8</ele>
      </trkpt>
      <trkpt lat="55.6236" lon="-2.89035">
        <ele>217.1</ele>
      </trkpt>
      <trkpt lat="55.6236" lon="-2.89081">
        <ele>216.2</ele>
      </trkpt>
      <trkpt lat="55.62369" lon="-2.89175">
        <ele>216.1</ele>
      </trkpt>
      <trkpt lat="55.62369" lon="-2.89206">
        <ele>215.2</ele>
      </trkpt>
      <trkpt lat="55.6236" lon="-2.89287">
        <ele>211.5</ele>
      </trkpt>
      <trkpt lat="55.62352" lon="-2.89367">
        <ele>206.7</ele>
      </trkpt>
      <trkpt lat="55.62352" lon="-2.89396">
        <ele>205.3</ele>
      </trkpt>
      <trkpt lat="55.62355" lon="-2.89425">
        <ele>204.5</ele>
      </trkpt>
      <trkpt lat="55.62372" lon="-2.89525">
        <ele>202.5</ele>
      </trkpt>
      <trkpt lat="55.62382" lon="-2.89564">
        <ele>200.1</ele>
      </trkpt>
      <trkpt lat="55.62389" lon="-2.89582">
        <ele>199.2</ele>
      </trkpt>
      <trkpt lat="55.62397" lon="-2.89597">
        <ele>198.9</ele>
      </trkpt>
      <trkpt lat="55.62406" lon="-2.89608">
        <ele>198.8</ele>
      </trkpt>
      <trkpt lat="55.62416" lon="-2.89618">
        <ele>199.0</ele>
      </trkpt>
      <trkpt lat="55.62443" lon="-2.89636">
        <ele>202.5</ele>
      </trkpt>
      <trkpt lat="55.62451" lon="-2.89643">
        <ele>203.2</ele>
      </trkpt>
      <trkpt lat="55.62464" lon="-2.89657">
        <ele>204.0</ele>
      </trkpt>
      <trkpt lat="55.62471" lon="-2.89669">
        <ele>203.9</ele>
      </trkpt>
      <trkpt lat="55.62479" lon="-2.89684">
        <ele>203.8</ele>
      </trkpt>
      <trkpt lat="55.62486" lon="-2.89701">
        <ele>203.2</ele>
      </trkpt>
      <trkpt lat="55.62534" lon="-2.89827">
        <ele>198.7</ele>
      </trkpt>
      <trkpt lat="55.62564" lon="-2.89887">
        <ele>201.3</ele>
      </trkpt>
      <trkpt lat="55.62594" lon="-2.89947">
        <ele>201.1</ele>
      </trkpt>
      <trkpt lat="55.62605" lon="-2.89974">
        <ele>200.5</ele>
      </trkpt>
      <trkpt lat="55.62612" lon="-2.89998">
        <ele>198.9</ele>
      </trkpt>
      <trkpt lat="55.62619" lon="-2.90029">
        <ele>198.3</ele>
      </trkpt>
      <trkpt lat="55.62629" lon="-2.9009">
        <ele>196.3</ele>
      </trkpt>
      <trkpt lat="55.62635" lon="-2.90117">
        <ele>195.6</ele>
      </trkpt>
      <trkpt lat="55.62654" lon="-2.90192">
        <ele>194.2</ele>
      </trkpt>
      <trkpt lat="55.62666" lon="-2.90233">
        <ele>193.8</ele>
      </trkpt>
      <trkpt lat="55.62707" lon="-2.90346">
        <ele>195.6</ele>
      </trkpt>
      <trkpt lat="55.62727" lon="-2.9041">
        <ele>197.1</ele>
      </trkpt>
      <trkpt lat="55.6273" lon="-2.90431">
        <ele>197.1</ele>
      </trkpt>
      <trkpt lat="55.62749" lon="-2.90567">
        <ele>196.3</ele>
      </trkpt>
      <trkpt lat="55.62767" lon="-2.90704">
        <ele>196.5</ele>
      </trkpt>
      <trkpt lat="55.62781" lon="-2.90809">
        <ele>195.9</ele>
      </trkpt>
      <trkpt lat="55.62795" lon="-2.90914">
        <ele>197.3</ele>
      </trkpt>
      <trkpt lat="55.62808" lon="-2.91019">
        <ele>198.6</ele>
      </trkpt>
      <trkpt lat="55.62829" lon="-2.91164">
        <ele>199.8</ele>
      </trkpt>
      <trkpt lat="55.6284" lon="-2.91246">
        <ele>200.8</ele>
      </trkpt>
      <trkpt lat="55.62851" lon="-2.91329">
        <ele>202.1</ele>
      </trkpt>
      <trkpt lat="55.6287" lon="-2.9148">
        <ele>205.7</ele>
      </trkpt>
      <trkpt lat="55.62875" lon="-2.91515">
        <ele>206.8</ele>
      </trkpt>
      <trkpt lat="55.62878" lon="-2.91526">
        <ele>207.3</ele>
      </trkpt>
      <trkpt lat="55.62884" lon="-2.91552">
        <ele>208.6</ele>
      </trkpt>
      <trkpt lat="55.62904" lon="-2.91625">
        <ele>212.0</ele>
      </trkpt>
      <trkpt lat="55.62911" lon="-2.91652">
        <ele>213.1</ele>
      </trkpt>
      <trkpt lat="55.62915" lon="-2.91682">
        <ele>213.3</ele>
      </trkpt>
      <trkpt lat="55.6292" lon="-2.91735">
        <ele>212.0</ele>
      </trkpt>
      <trkpt lat="55.62924" lon="-2.91759">
        <ele>211.8</ele>
      </trkpt>
      <trkpt lat="55.6293" lon="-2.91775">
        <ele>212.1</ele>
      </trkpt>
      <trkpt lat="55.6294" lon="-2.91795">
        <ele>212.9</ele>
      </trkpt>
      <trkpt lat="55.62957" lon="-2.9182">
        <ele>213.9</ele>
      </trkpt>
      <trkpt lat="55.6297" lon="-2.91833">
        <ele>214.8</ele>
      </trkpt>
      <trkpt lat="55.62984" lon="-2.91843">
        <ele>215.9</ele>
      </trkpt>
      <trkpt lat="55.63023" lon="-2.91859">
        <ele>218.9</ele>
      </trkpt>
      <trkpt lat="55.6306" lon="-2.91879">
        <ele>220.3</ele>
      </trkpt>
      <trkpt lat="55.63081" lon="-2.91887">
        <ele>221.0</ele>
      </trkpt>
      <trkpt lat="55.63094" lon="-2.9189">
        <ele>221.0</ele>
      </trkpt>
      <trkpt lat="55.63108" lon="-2.9189">
        <ele>221.1</ele>
      </trkpt>
      <trkpt lat="55.63172" lon="-2.91873">
        <ele>223.1</ele>
      </trkpt>
      <trkpt lat="55.63207" lon="-2.91852">
        <ele>223.6</ele>
      </trkpt>
      <trkpt lat="55.63265" lon="-2.91822">
        <ele>224.4</ele>
      </trkpt>
      <trkpt lat="55.63324" lon="-2.91791">
        <ele>227.7</ele>
      </trkpt>
      <trkpt lat="55.63344" lon="-2.91773">
        <ele>230.1</ele>
      </trkpt>
      <trkpt lat="55.63361" lon="-2.9175">
        <ele>232.3</ele>
      </trkpt>
      <trkpt lat="55.63414" lon="-2.91688">
        <ele>234.6</ele>
      </trkpt>
      <trkpt lat="55.63436" lon="-2.91655">
        <ele>233.4</ele>
      </trkpt>
      <trkpt lat="55.63455" lon="-2.91632">
        <ele>232.0</ele>
      </trkpt>
      <trkpt lat="55.63483" lon="-2.91591">
        <ele>231.0</ele>
      </trkpt>
      <trkpt lat="55.63527" lon="-2.9152">
        <ele>232.0</ele>
      </trkpt>
      <trkpt lat="55.6355" lon="-2.91485">
        <ele>232.3</ele>
      </trkpt>
      <trkpt lat="55.63597" lon="-2.91409">
        <ele>236.6</ele>
      </trkpt>
      <trkpt lat="55.63644" lon="-2.91332">
        <ele>238.9</ele>
      </trkpt>
      <trkpt lat="55.63666" lon="-2.91292">
        <ele>240.6</ele>
      </trkpt>
      <trkpt lat="55.63712" lon="-2.91192">
        <ele>244.0</ele>
      </trkpt>
      <trkpt lat="55.63767" lon="-2.91084">
        <ele>247.6</ele>
      </trkpt>
      <trkpt lat="55.63789" lon="-2.91037">
        <ele>249.0</ele>
      </trkpt>
      <trkpt lat="55.63822" lon="-2.90961">
        <ele>250.1</ele>
      </trkpt>
      <trkpt lat="55.63855" lon="-2.90885">
        <ele>253.0</ele>
      </trkpt>
      <trkpt lat="55.63905" lon="-2.90758">
        <ele>256.8</ele>
      </trkpt>
      <trkpt lat="55.63955" lon="-2.90664">
        <ele>257.0</ele>
      </trkpt>
      <trkpt lat="55.64004" lon="-2.90571">
        <ele>257.9</ele>
      </trkpt>
      <trkpt lat="55.64049" lon="-2.90498">
        <ele>260.2</ele>
      </trkpt>
      <trkpt lat="55.64079" lon="-2.90452">
        <ele>260.9</ele>
      </trkpt>
      <trkpt lat="55.64107" lon="-2.90413">
        <ele>263.0</ele>
      </trkpt>
      <trkpt lat="55.64126" lon="-2.90395">
        <ele>263.9</ele>
      </trkpt>
      <trkpt lat="55.64143" lon="-2.90381">
        <ele>264.6</ele>
      </trkpt>
      <trkpt lat="55.64162" lon="-2.9037">
        <ele>264.9</ele>
      </trkpt>
      <trkpt lat="55.64194" lon="-2.90359">
        <ele>266.0</ele>
      </trkpt>
      <trkpt lat="55.64242" lon="-2.90349">
        <ele>267.3</ele>
      </trkpt>
      <trkpt lat="55.64249" lon="-2.90345">
        <ele>267.8</ele>
      </trkpt>
      <trkpt lat="55.64266" lon="-2.90325">
        <ele>268.1</ele>
      </trkpt>
      <trkpt lat="55.64281" lon="-2.90299">
        <ele>268.2</ele>
      </trkpt>
      <trkpt lat="55.64292" lon="-2.90276">
        <ele>268.3</ele>
      </trkpt>
      <trkpt lat="55.64302" lon="-2.90251">
        <ele>268.4</ele>
      </trkpt>
      <trkpt lat="55.64324" lon="-2.90176">
        <ele>269.8</ele>
      </trkpt>
      <trkpt lat="55.64338" lon="-2.90134">
        <ele>270.8</ele>
      </trkpt>
      <trkpt lat="55.64382" lon="-2.90019">
        <ele>272.8</ele>
      </trkpt>
      <trkpt lat="55.64393" lon="-2.89994">
        <ele>272.7</ele>
      </trkpt>
      <trkpt lat="55.64406" lon="-2.8997">
        <ele>271.9</ele>
      </trkpt>
      <trkpt lat="55.64418" lon="-2.89952">
        <ele>271.2</ele>
      </trkpt>
      <trkpt lat="55.64466" lon="-2.89895">
        <ele>271.6</ele>
      </trkpt>
      <trkpt lat="55.6451" lon="-2.89853">
        <ele>271.6</ele>
      </trkpt>
      <trkpt lat="55.64557" lon="-2.89826">
        <ele>273.6</ele>
      </trkpt>
      <trkpt lat="55.64604" lon="-2.89799">
        <ele>276.7</ele>
      </trkpt>
      <trkpt lat="55.64621" lon="-2.89783">
        <ele>278.6</ele>
      </trkpt>
      <trkpt lat="55.64667" lon="-2.89709">
        <ele>284.5</ele>
      </trkpt>
      <trkpt lat="55.64713" lon="-2.89636">
        <ele>292.1</ele>
      </trkpt>
      <trkpt lat="55.64758" lon="-2.89562">
        <ele>302.4</ele>
      </trkpt>
      <trkpt lat="55.64771" lon="-2.89528">
        <ele>305.7</ele>
      </trkpt>
      <trkpt lat="55.64788" lon="-2.89444">
        <ele>307.3</ele>
      </trkpt>
      <trkpt lat="55.64827" lon="-2.89314">
        <ele>309.5</ele>
      </trkpt>
      <trkpt lat="55.64866" lon="-2.89184">
        <ele>310.4</ele>
      </trkpt>
      <trkpt lat="55.64918" lon="-2.89077">
        <ele>308.4</ele>
      </trkpt>
      <trkpt lat="55.64956" lon="-2.88974">
        <ele>303.3</ele>
      </trkpt>
      <trkpt lat="55.64994" lon="-2.8887">
        <ele>299.0</ele>
      </trkpt>
      <trkpt lat="55.65027" lon="-2.88816">
        <ele>295.7</ele>
      </trkpt>
      <trkpt lat="55.65069" lon="-2.8877">
        <ele>294.5</ele>
      </trkpt>
      <trkpt lat="55.65115" lon="-2.88724">
        <ele>290.7</ele>
      </trkpt>
      <trkpt lat="55.65161" lon="-2.88678">
        <ele>285.9</ele>
      </trkpt>
      <trkpt lat="55.65201" lon="-2.88623">
        <ele>278.9</ele>
      </trkpt>
      <trkpt lat="55.65242" lon="-2.88569">
        <ele>272.6</ele>
      </trkpt>
      <trkpt lat="55.65272" lon="-2.88541">
        <ele>269.3</ele>
      </trkpt>
      <trkpt lat="55.6532" lon="-2.88517">
        <ele>264.7</ele>
      </trkpt>
      <trkpt lat="55.65368" lon="-2.88494">
        <ele>262.8</ele>
      </trkpt>
      <trkpt lat="55.65392" lon="-2.8847">
        <ele>261.8</ele>
      </trkpt>
      <trkpt lat="55.65412" lon="-2.88441">
        <ele>260.2</ele>
      </trkpt>
      <trkpt lat="55.65445" lon="-2.88357">
        <ele>258.1</ele>
      </trkpt>
      <trkpt lat="55.65478" lon="-2.88274">
        <ele>254.0</ele>
      </trkpt>
      <trkpt lat="55.65534" lon="-2.88163">
        <ele>249.0</ele>
      </trkpt>
      <trkpt lat="55.6559" lon="-2.88053">
        <ele>243.1</ele>
      </trkpt>
      <trkpt lat="55.65624" lon="-2.88009">
        <ele>240.3</ele>
      </trkpt>
      <trkpt lat="55.65656" lon="-2.87952">
        <ele>237.8</ele>
      </trkpt>
      <trkpt lat="55.65677" lon="-2.87924">
        <ele>236.3</ele>
      </trkpt>
      <trkpt lat="55.657" lon="-2.87909">
        <ele>234.6</ele>
      </trkpt>
      <trkpt lat="55.65781" lon="-2.879">
        <ele>230.5</ele>
      </trkpt>
      <trkpt lat="55.65828" lon="-2.87915">
        <ele>228.3</ele>
      </trkpt>
      <trkpt lat="55.65874" lon="-2.8793">
        <ele>226.3</ele>
      </trkpt>
      <trkpt lat="55.65892" lon="-2.87929">
        <ele>225.1</ele>
      </trkpt>
      <trkpt lat="55.65907" lon="-2.87922">
        <ele>223.8</ele>
      </trkpt>
      <trkpt lat="55.65923" lon="-2.87905">
        <ele>222.3</ele>
      </trkpt>
      <trkpt lat="55.6596" lon="-2.8781">
        <ele>217.8</ele>
      </trkpt>
      <trkpt lat="55.65997" lon="-2.87715">
        <ele>216.1</ele>
      </trkpt>
      <trkpt lat="55.66034" lon="-2.8762">
        <ele>211.6</ele>
      </trkpt>
      <trkpt lat="55.66047" lon="-2.87597">
        <ele>210.7</ele>
      </trkpt>
      <trkpt lat="55.66056" lon="-2.87589">
        <ele>210.4</ele>
      </trkpt>
      <trkpt lat="55.66063" lon="-2.87585">
        <ele>210.3</ele>
      </trkpt>
      <trkpt lat="55.66078" lon="-2.87581">
        <ele>210.0</ele>
      </trkpt>
      <trkpt lat="55.6609" lon="-2.8758">
        <ele>208.7</ele>
      </trkpt>
      <trkpt lat="55.66102" lon="-2.87581">
        <ele>206.4</ele>
      </trkpt>
      <trkpt lat="55.6611" lon="-2.87588">
        <ele>204.9</ele>
      </trkpt>
      <trkpt lat="55.66115" lon="-2.87595">
        <ele>203.9</ele>
      </trkpt>
      <trkpt lat="55.66122" lon="-2.87618">
        <ele>202.5</ele>
      </trkpt>
      <trkpt lat="55.6616" lon="-2.87752">
        <ele>196.3</ele>
      </trkpt>
      <trkpt lat="55.66198" lon="-2.87886">
        <ele>192.4</ele>
      </trkpt>
      <trkpt lat="55.66202" lon="-2.87899">
        <ele>192.0</ele>
      </trkpt>
      <trkpt lat="55.66207" lon="-2.87908">
        <ele>191.5</ele>
      </trkpt>
      <trkpt lat="55.66213" lon="-2.87915">
        <ele>190.8</ele>
      </trkpt>
      <trkpt lat="55.66219" lon="-2.8792">
        <ele>190.0</ele>
      </trkpt>
      <trkpt lat="55.66293" lon="-2.87945">
        <ele>182.4</ele>
      </trkpt>
      <trkpt lat="55.66366" lon="-2.87971">
        <ele>177.1</ele>
      </trkpt>
      <trkpt lat="55.6644" lon="-2.87996">
        <ele>174.4</ele>
      </trkpt>
      <trkpt lat="55.6646" lon="-2.88004">
        <ele>175.1</ele>
      </trkpt>
      <trkpt lat="55.66468" lon="-2.88007">
        <ele>175.3</ele>
      </trkpt>
      <trkpt lat="55.66527" lon="-2.8803">
        <ele>176.3</ele>
      </trkpt>
      <trkpt lat="55.66584" lon="-2.88061">
        <ele>177.2</ele>
      </trkpt>
      <trkpt lat="55.66661" lon="-2.88115">
        <ele>178.9</ele>
      </trkpt>
      <trkpt lat="55.66692" lon="-2.88139">
        <ele>180.6</ele>
      </trkpt>
      <trkpt lat="55.66704" lon="-2.88145">
        <ele>181.0</ele>
      </trkpt>
      <trkpt lat="55.66715" lon="-2.88143">
        <ele>181.0</ele>
      </trkpt>
      <trkpt lat="55.66776" lon="-2.88114">
        <ele>179.5</ele>
      </trkpt>
      <trkpt lat="55.66836" lon="-2.88084">
        <ele>178.2</ele>
      </trkpt>
      <trkpt lat="55.66881" lon="-2.88065">
        <ele>178.5</ele>
      </trkpt>
      <trkpt lat="55.66926" lon="-2.88046">
        <ele>179.4</ele>
      </trkpt>
      <trkpt lat="55.67009" lon="-2.88015">
        <ele>181.7</ele>
      </trkpt>
      <trkpt lat="55.67055" lon="-2.87994">
        <ele>180.3</ele>
      </trkpt>
      <trkpt lat="55.67109" lon="-2.87958">
        <ele>180.5</ele>
      </trkpt>
      <trkpt lat="55.67153" lon="-2.87935">
        <ele>182.1</ele>
      </trkpt>
      <trkpt lat="55.67201" lon="-2.87913">
        <ele>183.5</ele>
      </trkpt>
      <trkpt lat="55.67266" lon="-2.87892">
        <ele>185.4</ele>
      </trkpt>
      <trkpt lat="55.6733" lon="-2.8787">
        <ele>187.2</ele>
      </trkpt>
      <trkpt lat="55.67395" lon="-2.87849">
        <ele>188.6</ele>
      </trkpt>
      <trkpt lat="55.67479" lon="-2.87829">
        <ele>188.9</ele>
      </trkpt>
      <trkpt lat="55.67521" lon="-2.87813">
        <ele>189.1</ele>
      </trkpt>
      <trkpt lat="55.6755" lon="-2.87794">
        <ele>189.4</ele>
      </trkpt>
      <trkpt lat="55.6759" lon="-2.8776">
        <ele>190.0</ele>
      </trkpt>
      <trkpt lat="55.67617" lon="-2.87736">
        <ele>189.9</ele>
      </trkpt>
      <trkpt lat="55.67636" lon="-2.87728">
        <ele>189.8</ele>
      </trkpt>
      <trkpt lat="55.67669" lon="-2.87725">
        <ele>189.6</ele>
      </trkpt>
      <trkpt lat="55.677" lon="-2.87727">
        <ele>188.4</ele>
      </trkpt>
      <trkpt lat="55.67733" lon="-2.87726">
        <ele>187.1</ele>
      </trkpt>
      <trkpt lat="55.67812" lon="-2.87719">
        <ele>185.2</ele>
      </trkpt>
      <trkpt lat="55.67837" lon="-2.87709">
        <ele>184.4</ele>
      </trkpt>
      <trkpt lat="55.67903" lon="-2.87669">
        <ele>179.8</ele>
      </trkpt>
      <trkpt lat="55.67968" lon="-2.87629">
        <ele>180.1</ele>
      </trkpt>
      <trkpt lat="55.67986" lon="-2.87616">
        <ele>180.6</ele>
      </trkpt>
      <trkpt lat="55.68014" lon="-2.87599">
        <ele>182.5</ele>
      </trkpt>
      <trkpt lat="55.68027" lon="-2.8759">
        <ele>183.9</ele>
      </trkpt>
      <trkpt lat="55.68033" lon="-2.87582">
        <ele>184.5</ele>
      </trkpt>
      <trkpt lat="55.68034" lon="-2.87572">
        <ele>184.6</ele>
      </trkpt>
      <trkpt lat="55.68037" lon="-2.87547">
        <ele>184.7</ele>
      </trkpt>
      <trkpt lat="55.68041" lon="-2.87401">
        <ele>183.7</ele>
      </trkpt>
      <trkpt lat="55.68043" lon="-2.87388">
        <ele>183.6</ele>
      </trkpt>
      <trkpt lat="55.68046" lon="-2.87379">
        <ele>183.7</ele>
      </trkpt>
      <trkpt lat="55.68053" lon="-2.87366">
        <ele>184.1</ele>
      </trkpt>
      <trkpt lat="55.68096" lon="-2.87317">
        <ele>186.2</ele>
      </trkpt>
      <trkpt lat="55.68112" lon="-2.87305">
        <ele>186.7</ele>
      </trkpt>
      <trkpt lat="55.68201" lon="-2.87278">
        <ele>188.9</ele>
      </trkpt>
      <trkpt lat="55.68249" lon="-2.87274">
        <ele>190.0</ele>
      </trkpt>
      <trkpt lat="55.68297" lon="-2.8727">
        <ele>189.6</ele>
      </trkpt>
      <trkpt lat="55.68372" lon="-2.87267">
        <ele>189.9</ele>
      </trkpt>
      <trkpt lat="55.68412" lon="-2.87262">
        <ele>189.9</ele>
      </trkpt>
      <trkpt lat="55.68433" lon="-2.87251">
        <ele>189.3</ele>
      </trkpt>
      <trkpt lat="55.68503" lon="-2.87202">
        <ele>186.1</ele>
      </trkpt>
      <trkpt lat="55.68572" lon="-2.87153">
        <ele>186.0</ele>
      </trkpt>
      <trkpt lat="55.68641" lon="-2.87104">
        <ele>188.9</ele>
      </trkpt>
      <trkpt lat="55.68717" lon="-2.8705">
        <ele>190.2</ele>
      </trkpt>
      <trkpt lat="55.68794" lon="-2.86997">
        <ele>192.6</ele>
      </trkpt>
      <trkpt lat="55.6887" lon="-2.86944">
        <ele>199.7</ele>
      </trkpt>
      <trkpt lat="55.68949" lon="-2.86887">
        <ele>204.5</ele>
      </trkpt>
      <trkpt lat="55.68994" lon="-2.86854">
        <ele>204.4</ele>
      </trkpt>
      <trkpt lat="55.6903" lon="-2.86835">
        <ele>202.7</ele>
      </trkpt>
      <trkpt lat="55.69092" lon="-2.86831">
        <ele>201.8</ele>
      </trkpt>
      <trkpt lat="55.69154" lon="-2.86827">
        <ele>201.5</ele>
      </trkpt>
      <trkpt lat="55.69198" lon="-2.8682">
        <ele>200.5</ele>
      </trkpt>
      <trkpt lat="55.6923" lon="-2.8682">
        <ele>200.3</ele>
      </trkpt>
      <trkpt lat="55.69238" lon="-2.86829">
        <ele>200.9</ele>
      </trkpt>
      <trkpt lat="55.69249" lon="-2.86839">
        <ele>201.6</ele>
      </trkpt>
      <trkpt lat="55.69263" lon="-2.86849">
        <ele>202.4</ele>
      </trkpt>
      <trkpt lat="55.69303" lon="-2.8686">
        <ele>202.8</ele>
      </trkpt>
      <trkpt lat="55.69332" lon="-2.86875">
        <ele>204.0</ele>
      </trkpt>
      <trkpt lat="55.69362" lon="-2.86913">
        <ele>204.4</ele>
      </trkpt>
      <trkpt lat="55.69408" lon="-2.87003">
        <ele>208.5</ele>
      </trkpt>
      <trkpt lat="55.69449" lon="-2.87133">
        <ele>208.6</ele>
      </trkpt>
      <trkpt lat="55.69488" lon="-2.87248">
        <ele>200.6</ele>
      </trkpt>
      <trkpt lat="55.69526" lon="-2.87363">
        <ele>199.8</ele>
      </trkpt>
      <trkpt lat="55.69565" lon="-2.87478">
        <ele>199.2</ele>
      </trkpt>
      <trkpt lat="55.69604" lon="-2.87593">
        <ele>199.1</ele>
      </trkpt>
      <trkpt lat="55.69642" lon="-2.87708">
        <ele>197.6</ele>
      </trkpt>
      <trkpt lat="55.69681" lon="-2.87823">
        <ele>196.5</ele>
      </trkpt>
      <trkpt lat="55.69719" lon="-2.87932">
        <ele>197.7</ele>
      </trkpt>
      <trkpt lat="55.69757" lon="-2.88042">
        <ele>198.9</ele>
      </trkpt>
      <trkpt lat="55.69795" lon="-2.88151">
        <ele>200.3</ele>
      </trkpt>
      <trkpt lat="55.69816" lon="-2.88204">
        <ele>200.6</ele>
      </trkpt>
      <trkpt lat="55.69859" lon="-2.88339">
        <ele>204.6</ele>
      </trkpt>
      <trkpt lat="55.69898" lon="-2.88474">
        <ele>202.8</ele>
      </trkpt>
      <trkpt lat="55.69938" lon="-2.8861">
        <ele>201.2</ele>
      </trkpt>
      <trkpt lat="55.69973" lon="-2.88714">
        <ele>200.3</ele>
      </trkpt>
      <trkpt lat="55.70005" lon="-2.88858">
        <ele>199.2</ele>
      </trkpt>
      <trkpt lat="55.7003" lon="-2.88961">
        <ele>201.7</ele>
      </trkpt>
      <trkpt lat="55.70056" lon="-2.89064">
        <ele>207.1</ele>
      </trkpt>
      <trkpt lat="55.70062" lon="-2.89077">
        <ele>207.3</ele>
      </trkpt>
      <trkpt lat="55.70105" lon="-2.89128">
        <ele>205.0</ele>
      </trkpt>
      <trkpt lat="55.70148" lon="-2.89171">
        <ele>201.4</ele>
      </trkpt>
      <trkpt lat="55.70191" lon="-2.89213">
        <ele>204.0</ele>
      </trkpt>
      <trkpt lat="55.70243" lon="-2.89254">
        <ele>206.3</ele>
      </trkpt>
      <trkpt lat="55.70317" lon="-2.89295">
        <ele>209.1</ele>
      </trkpt>
      <trkpt lat="55.70336" lon="-2.89297">
        <ele>208.6</ele>
      </trkpt>
      <trkpt lat="55.70362" lon="-2.89288">
        <ele>207.5</ele>
      </trkpt>
      <trkpt lat="55.70402" lon="-2.89268">
        <ele>205.5</ele>
      </trkpt>
      <trkpt lat="55.70426" lon="-2.89248">
        <ele>204.2</ele>
      </trkpt>
      <trkpt lat="55.7049" lon="-2.89165">
        <ele>201.2</ele>
      </trkpt>
      <trkpt lat="55.70553" lon="-2.89082">
        <ele>203.9</ele>
      </trkpt>
      <trkpt lat="55.70602" lon="-2.8902">
        <ele>205.4</ele>
      </trkpt>
      <trkpt lat="55.70652" lon="-2.88959">
        <ele>206.8</ele>
      </trkpt>
      <trkpt lat="55.70679" lon="-2.88931">
        <ele>206.0</ele>
      </trkpt>
      <trkpt lat="55.70716" lon="-2.88924">
        <ele>206.6</ele>
      </trkpt>
      <trkpt lat="55.7076" lon="-2.88926">
        <ele>207.9</ele>
      </trkpt>
      <trkpt lat="55.70829" lon="-2.88946">
        <ele>208.6</ele>
      </trkpt>
      <trkpt lat="55.70898" lon="-2.88966">
        <ele>207.7</ele>
      </trkpt>
      <trkpt lat="55.70967" lon="-2.88986">
        <ele>205.3</ele>
      </trkpt>
      <trkpt lat="55.71052" lon="-2.89007">
        <ele>204.7</ele>
      </trkpt>
      <trkpt lat="55.71137" lon="-2.89027">
        <ele>206.6</ele>
      </trkpt>
      <trkpt lat="55.71222" lon="-2.89048">
        <ele>208.8</ele>
      </trkpt>
      <trkpt lat="55.71307" lon="-2.89068">
        <ele>213.2</ele>
      </trkpt>
      <trkpt lat="55.71392" lon="-2.89089">
        <ele>219.4</ele>
      </trkpt>
      <trkpt lat="55.71477" lon="-2.89109">
        <ele>219.2</ele>
      </trkpt>
      <trkpt lat="55.71492" lon="-2.89116">
        <ele>219.0</ele>
      </trkpt>
      <trkpt lat="55.71502" lon="-2.89122">
        <ele>218.8</ele>
      </trkpt>
      <trkpt lat="55.71517" lon="-2.8914">
        <ele>218.3</ele>
      </trkpt>
      <trkpt lat="55.71526" lon="-2.89156">
        <ele>218.4</ele>
      </trkpt>
      <trkpt lat="55.71537" lon="-2.89191">
        <ele>219.0</ele>
      </trkpt>
      <trkpt lat="55.71545" lon="-2.89232">
        <ele>220.1</ele>
      </trkpt>
      <trkpt lat="55.71561" lon="-2.89289">
        <ele>219.6</ele>
      </trkpt>
      <trkpt lat="55.71606" lon="-2.89415">
        <ele>218.3</ele>
      </trkpt>
      <trkpt lat="55.71637" lon="-2.89471">
        <ele>217.7</ele>
      </trkpt>
      <trkpt lat="55.71699" lon="-2.89547">
        <ele>220.5</ele>
      </trkpt>
      <trkpt lat="55.71736" lon="-2.89612">
        <ele>223.0</ele>
      </trkpt>
      <trkpt lat="55.71754" lon="-2.89635">
        <ele>223.5</ele>
      </trkpt>
      <trkpt lat="55.71767" lon="-2.89647">
        <ele>223.7</ele>
      </trkpt>
      <trkpt lat="55.71789" lon="-2.89652">
        <ele>224.1</ele>
      </trkpt>
      <trkpt lat="55.71807" lon="-2.89654">
        <ele>224.5</ele>
      </trkpt>
      <trkpt lat="55.71879" lon="-2.89644">
        <ele>223.7</ele>
      </trkpt>
      <trkpt lat="55.71952" lon="-2.89635">
        <ele>223.3</ele>
      </trkpt>
      <trkpt lat="55.72024" lon="-2.89625">
        <ele>224.6</ele>
      </trkpt>
      <trkpt lat="55.72061" lon="-2.89611">
        <ele>224.7</ele>
      </trkpt>
      <trkpt lat="55.72108" lon="-2.8961">
        <ele>224.0</ele>
      </trkpt>
      <trkpt lat="55.72154" lon="-2.8961">
        <ele>221.3</ele>
      </trkpt>
      <trkpt lat="55.7224" lon="-2.89598">
        <ele>218.7</ele>
      </trkpt>
      <trkpt lat="55.72325" lon="-2.89586">
        <ele>218.1</ele>
      </trkpt>
      <trkpt lat="55.72411" lon="-2.89574">
        <ele>220.2</ele>
      </trkpt>
      <trkpt lat="55.72496" lon="-2.89562">
        <ele>222.1</ele>
      </trkpt>
      <trkpt lat="55.72582" lon="-2.8955">
        <ele>221.0</ele>
      </trkpt>
      <trkpt lat="55.72668" lon="-2.89538">
        <ele>225.8</ele>
      </trkpt>
      <trkpt lat="55.72753" lon="-2.89526">
        <ele>230.1</ele>
      </trkpt>
      <trkpt lat="55.72772" lon="-2.89528">
        <ele>230.4</ele>
      </trkpt>
      <trkpt lat="55.72791" lon="-2.89533">
        <ele>230.8</ele>
      </trkpt>
      <trkpt lat="55.72824" lon="-2.89552">
        <ele>232.4</ele>
      </trkpt>
      <trkpt lat="55.72838" lon="-2.89564">
        <ele>233.1</ele>
      </trkpt>
      <trkpt lat="55.72907" lon="-2.89648">
        <ele>235.4</ele>
      </trkpt>
      <trkpt lat="55.72969" lon="-2.8974">
        <ele>237.0</ele>
      </trkpt>
      <trkpt lat="55.73" lon="-2.89782">
        <ele>237.5</ele>
      </trkpt>
      <trkpt lat="55.73009" lon="-2.89802">
        <ele>237.1</ele>
      </trkpt>
      <trkpt lat="55.73018" lon="-2.89825">
        <ele>237.1</ele>
      </trkpt>
      <trkpt lat="55.73036" lon="-2.8991">
        <ele>237.1</ele>
      </trkpt>
      <trkpt lat="55.73057" lon="-2.90045">
        <ele>238.4</ele>
      </trkpt>
      <trkpt lat="55.73071" lon="-2.90126">
        <ele>237.9</ele>
      </trkpt>
      <trkpt lat="55.73086" lon="-2.90208">
        <ele>235.4</ele>
      </trkpt>
      <trkpt lat="55.73102" lon="-2.90349">
        <ele>232.2</ele>
      </trkpt>
      <trkpt lat="55.73132" lon="-2.90479">
        <ele>231.2</ele>
      </trkpt>
      <trkpt lat="55.73153" lon="-2.90551">
        <ele>229.5</ele>
      </trkpt>
      <trkpt lat="55.73212" lon="-2.90643">
        <ele>224.3</ele>
      </trkpt>
      <trkpt lat="55.73272" lon="-2.90735">
        <ele>220.7</ele>
      </trkpt>
      <trkpt lat="55.73318" lon="-2.90809">
        <ele>218.6</ele>
      </trkpt>
      <trkpt lat="55.73364" lon="-2.90884">
        <ele>218.4</ele>
      </trkpt>
      <trkpt lat="55.73411" lon="-2.90956">
        <ele>217.8</ele>
      </trkpt>
      <trkpt lat="55.73458" lon="-2.91028">
        <ele>216.8</ele>
      </trkpt>
      <trkpt lat="55.73514" lon="-2.91117">
        <ele>217.1</ele>
      </trkpt>
      <trkpt lat="55.7354" lon="-2.91154">
        <ele>216.8</ele>
      </trkpt>
      <trkpt lat="55.73549" lon="-2.91166">
        <ele>216.6</ele>
      </trkpt>
      <trkpt lat="55.73562" lon="-2.91177">
        <ele>216.6</ele>
      </trkpt>
      <trkpt lat="55.7356" lon="-2.91188">
        <ele>217.2</ele>
      </trkpt>
      <trkpt lat="55.73561" lon="-2.91193">
        <ele>217.4</ele>
      </trkpt>
      <trkpt lat="55.73564" lon="-2.91199">
        <ele>217.6</ele>
      </trkpt>
      <trkpt lat="55.7357" lon="-2.91207">
        <ele>217.8</ele>
      </trkpt>
      <trkpt lat="55.73629" lon="-2.91297">
        <ele>222.3</ele>
      </trkpt>
      <trkpt lat="55.73687" lon="-2.91388">
        <ele>227.2</ele>
      </trkpt>
      <trkpt lat="55.73746" lon="-2.91478">
        <ele>231.1</ele>
      </trkpt>
      <trkpt lat="55.73804" lon="-2.91569">
        <ele>235.3</ele>
      </trkpt>
      <trkpt lat="55.73863" lon="-2.9166">
        <ele>238.7</ele>
      </trkpt>
      <trkpt lat="55.73922" lon="-2.91753">
        <ele>236.6</ele>
      </trkpt>
      <trkpt lat="55.73982" lon="-2.91847">
        <ele>236.3</ele>
      </trkpt>
      <trkpt lat="55.74041" lon="-2.91941">
        <ele>238.5</ele>
      </trkpt>
      <trkpt lat="55.741" lon="-2.92035">
        <ele>240.6</ele>
      </trkpt>
      <trkpt lat="55.74152" lon="-2.92142">
        <ele>237.5</ele>
      </trkpt>
      <trkpt lat="55.74182" lon="-2.92219">
        <ele>233.7</ele>
      </trkpt>
      <trkpt lat="55.74204" lon="-2.92343">
        <ele>233.9</ele>
      </trkpt>
      <trkpt lat="55.74222" lon="-2.92359">
        <ele>232.6</ele>
      </trkpt>
      <trkpt lat="55.74239" lon="-2.92366">
        <ele>231.7</ele>
      </trkpt>
      <trkpt lat="55.74259" lon="-2.92357">
        <ele>230.7</ele>
      </trkpt>
      <trkpt lat="55.74309" lon="-2.92336">
        <ele>229.9</ele>
      </trkpt>
      <trkpt lat="55.74359" lon="-2.92314">
        <ele>228.0</ele>
      </trkpt>
      <trkpt lat="55.74394" lon="-2.92314">
        <ele>227.2</ele>
      </trkpt>
      <trkpt lat="55.7447" lon="-2.92342">
        <ele>225.4</ele>
      </trkpt>
      <trkpt lat="55.74494" lon="-2.92344">
        <ele>223.9</ele>
      </trkpt>
      <trkpt lat="55.74544" lon="-2.92335">
        <ele>221.6</ele>
      </trkpt>
      <trkpt lat="55.74627" lon="-2.92317">
        <ele>226.4</ele>
      </trkpt>
      <trkpt lat="55.74636" lon="-2.92304">
        <ele>227.4</ele>
      </trkpt>
      <trkpt lat="55.74642" lon="-2.92285">
        <ele>227.7</ele>
      </trkpt>
      <trkpt lat="55.74648" lon="-2.92243">
        <ele>227.5</ele>
      </trkpt>
      <trkpt lat="55.74655" lon="-2.92215">
        <ele>227.4</ele>
      </trkpt>
      <trkpt lat="55.74664" lon="-2.92197">
        <ele>227.8</ele>
      </trkpt>
      <trkpt lat="55.7473" lon="-2.92137">
        <ele>237.3</ele>
      </trkpt>
      <trkpt lat="55.74795" lon="-2.92077">
        <ele>242.8</ele>
      </trkpt>
      <trkpt lat="55.74837" lon="-2.92051">
        <ele>247.1</ele>
      </trkpt>
      <trkpt lat="55.74853" lon="-2.92043">
        <ele>248.0</ele>
      </trkpt>
      <trkpt lat="55.7487" lon="-2.92038">
        <ele>249.4</ele>
      </trkpt>
      <trkpt lat="55.74883" lon="-2.92036">
        <ele>250.8</ele>
      </trkpt>
      <trkpt lat="55.74899" lon="-2.9204">
        <ele>253.1</ele>
      </trkpt>
      <trkpt lat="55.74925" lon="-2.92053">
        <ele>256.3</ele>
      </trkpt>
      <trkpt lat="55.74983" lon="-2.92093">
        <ele>257.7</ele>
      </trkpt>
      <trkpt lat="55.75019" lon="-2.92118">
        <ele>257.2</ele>
      </trkpt>
      <trkpt lat="55.7504" lon="-2.92138">
        <ele>256.8</ele>
      </trkpt>
      <trkpt lat="55.75099" lon="-2.92204">
        <ele>256.3</ele>
      </trkpt>
      <trkpt lat="55.75157" lon="-2.92269">
        <ele>253.2</ele>
      </trkpt>
      <trkpt lat="55.75191" lon="-2.92314">
        <ele>251.7</ele>
      </trkpt>
      <trkpt lat="55.75252" lon="-2.9241">
        <ele>251.6</ele>
      </trkpt>
      <trkpt lat="55.75265" lon="-2.92429">
        <ele>252.9</ele>
      </trkpt>
      <trkpt lat="55.75282" lon="-2.9245">
        <ele>254.0</ele>
      </trkpt>
      <trkpt lat="55.75339" lon="-2.92519">
        <ele>255.8</ele>
      </trkpt>
      <trkpt lat="55.75397" lon="-2.92588">
        <ele>251.6</ele>
      </trkpt>
      <trkpt lat="55.75454" lon="-2.92656">
        <ele>249.6</ele>
      </trkpt>
      <trkpt lat="55.75501" lon="-2.92725">
        <ele>249.9</ele>
      </trkpt>
      <trkpt lat="55.75547" lon="-2.92793">
        <ele>251.6</ele>
      </trkpt>
      <trkpt lat="55.75587" lon="-2.92871">
        <ele>255.6</ele>
      </trkpt>
      <trkpt lat="55.75627" lon="-2.92949">
        <ele>258.3</ele>
      </trkpt>
      <trkpt lat="55.75662" lon="-2.9301">
        <ele>259.5</ele>
      </trkpt>
      <trkpt lat="55.75696" lon="-2.9307">
        <ele>257.6</ele>
      </trkpt>
      <trkpt lat="55.75729" lon="-2.93147">
        <ele>257.4</ele>
      </trkpt>
      <trkpt lat="55.75762" lon="-2.93225">
        <ele>255.2</ele>
      </trkpt>
      <trkpt lat="55.75804" lon="-2.93305">
        <ele>250.2</ele>
      </trkpt>
      <trkpt lat="55.75822" lon="-2.93354">
        <ele>248.5</ele>
      </trkpt>
      <trkpt lat="55.75837" lon="-2.93409">
        <ele>247.7</ele>
      </trkpt>
      <trkpt lat="55.75852" lon="-2.9344">
        <ele>248.1</ele>
      </trkpt>
      <trkpt lat="55.75874" lon="-2.93459">
        <ele>248.0</ele>
      </trkpt>
      <trkpt lat="55.75905" lon="-2.93477">
        <ele>247.7</ele>
      </trkpt>
      <trkpt lat="55.7593" lon="-2.93498">
        <ele>248.3</ele>
      </trkpt>
      <trkpt lat="55.7599" lon="-2.93574">
        <ele>254.2</ele>
      </trkpt>
      <trkpt lat="55.76011" lon="-2.93597">
        <ele>255.7</ele>
      </trkpt>
      <trkpt lat="55.76058" lon="-2.93615">
        <ele>257.0</ele>
      </trkpt>
      <trkpt lat="55.76105" lon="-2.93633">
        <ele>258.2</ele>
      </trkpt>
      <trkpt lat="55.76131" lon="-2.93648">
        <ele>259.0</ele>
      </trkpt>
      <trkpt lat="55.76194" lon="-2.9369">
        <ele>259.2</ele>
      </trkpt>
      <trkpt lat="55.76257" lon="-2.93733">
        <ele>258.0</ele>
      </trkpt>
      <trkpt lat="55.76319" lon="-2.93782">
        <ele>253.3</ele>
      </trkpt>
      <trkpt lat="55.76336" lon="-2.93807">
        <ele>253.0</ele>
      </trkpt>
      <trkpt lat="55.76375" lon="-2.93896">
        <ele>248.1</ele>
      </trkpt>
      <trkpt lat="55.76414" lon="-2.93984">
        <ele>243.0</ele>
      </trkpt>
      <trkpt lat="55.76434" lon="-2.9406">
        <ele>242.3</ele>
      </trkpt>
      <trkpt lat="55.76453" lon="-2.94136">
        <ele>241.6</ele>
      </trkpt>
      <trkpt lat="55.7647" lon="-2.9419">
        <ele>241.1</ele>
      </trkpt>
      <trkpt lat="55.76492" lon="-2.94248">
        <ele>242.1</ele>
      </trkpt>
      <trkpt lat="55.76519" lon="-2.94308">
        <ele>243.8</ele>
      </trkpt>
      <trkpt lat="55.76554" lon="-2.94385">
        <ele>246.3</ele>
      </trkpt>
      <trkpt lat="55.7656" lon="-2.94391">
        <ele>246.3</ele>
      </trkpt>
      <trkpt lat="55.76578" lon="-2.94392">
        <ele>245.5</ele>
      </trkpt>
      <trkpt lat="55.76601" lon="-2.94375">
        <ele>243.3</ele>
      </trkpt>
      <trkpt lat="55.76669" lon="-2.9432">
        <ele>240.2</ele>
      </trkpt>
      <trkpt lat="55.7672" lon="-2.94276">
        <ele>245.3</ele>
      </trkpt>
      <trkpt lat="55.76729" lon="-2.94274">
        <ele>246.2</ele>
      </trkpt>
      <trkpt lat="55.76786" lon="-2.94288">
        <ele>249.9</ele>
      </trkpt>
      <trkpt lat="55.76844" lon="-2.94301">
        <ele>252.2</ele>
      </trkpt>
      <trkpt lat="55.76892" lon="-2.94311">
        <ele>251.5</ele>
      </trkpt>
      <trkpt lat="55.76941" lon="-2.9432">
        <ele>249.2</ele>
      </trkpt>
      <trkpt lat="55.76959" lon="-2.94326">
        <ele>247.7</ele>
      </trkpt>
      <trkpt lat="55.76971" lon="-2.94334">
        <ele>246.8</ele>
      </trkpt>
      <trkpt lat="55.77025" lon="-2.9442">
        <ele>245.1</ele>
      </trkpt>
      <trkpt lat="55.7708" lon="-2.94506">
        <ele>244.5</ele>
      </trkpt>
      <trkpt lat="55.77105" lon="-2.9453">
        <ele>246.4</ele>
      </trkpt>
      <trkpt lat="55.77149" lon="-2.94568">
        <ele>250.3</ele>
      </trkpt>
      <trkpt lat="55.77194" lon="-2.94606">
        <ele>252.7</ele>
      </trkpt>
      <trkpt lat="55.77208" lon="-2.94623">
        <ele>253.4</ele>
      </trkpt>
      <trkpt lat="55.77225" lon="-2.94652">
        <ele>254.7</ele>
      </trkpt>
      <trkpt lat="55.77261" lon="-2.9472">
        <ele>257.2</ele>
      </trkpt>
      <trkpt lat="55.77277" lon="-2.94756">
        <ele>257.3</ele>
      </trkpt>
      <trkpt lat="55.7732" lon="-2.94872">
        <ele>257.7</ele>
      </trkpt>
      <trkpt lat="55.77336" lon="-2.9491">
        <ele>258.4</ele>
      </trkpt>
      <trkpt lat="55.77358" lon="-2.94946">
        <ele>258.6</ele>
      </trkpt>
      <trkpt lat="55.77424" lon="-2.95017">
        <ele>257.2</ele>
      </trkpt>
      <trkpt lat="55.7749" lon="-2.95087">
        <ele>259.9</ele>
      </trkpt>
      <trkpt lat="55.77545" lon="-2.95136">
        <ele>262.3</ele>
      </trkpt>
      <trkpt lat="55.77601" lon="-2.95185">
        <ele>263.8</ele>
      </trkpt>
      <trkpt lat="55.77608" lon="-2.952">
        <ele>264.9</ele>
      </trkpt>
      <trkpt lat="55.7761" lon="-2.95209">
        <ele>265.7</ele>
      </trkpt>
      <trkpt lat="55.77601" lon="-2.95214">
        <ele>266.8</ele>
      </trkpt>
      <trkpt lat="55.77565" lon="-2.95223">
        <ele>270.0</ele>
      </trkpt>
      <trkpt lat="55.77508" lon="-2.95218">
        <ele>272.2</ele>
      </trkpt>
      <trkpt lat="55.77472" lon="-2.95224">
        <ele>274.4</ele>
      </trkpt>
      <trkpt lat="55.77458" lon="-2.95225">
        <ele>275.0</ele>
      </trkpt>
      <trkpt lat="55.77443" lon="-2.95223">
        <ele>275.3</ele>
      </trkpt>
      <trkpt lat="55.77431" lon="-2.95219">
        <ele>275.4</ele>
      </trkpt>
      <trkpt lat="55.77409" lon="-2.95206">
        <ele>275.1</ele>
      </trkpt>
      <trkpt lat="55.77353" lon="-2.95168">
        <ele>275.0</ele>
      </trkpt>
      <trkpt lat="55.77296" lon="-2.95131">
        <ele>275.1</ele>
      </trkpt>
      <trkpt lat="55.77272" lon="-2.95119">
        <ele>275.6</ele>
      </trkpt>
      <trkpt lat="55.77261" lon="-2.95118">
        <ele>276.1</ele>
      </trkpt>
      <trkpt lat="55.77247" lon="-2.95121">
        <ele>276.7</ele>
      </trkpt>
      <trkpt lat="55.77236" lon="-2.95125">
        <ele>276.7</ele>
      </trkpt>
      <trkpt lat="55.77213" lon="-2.95142">
        <ele>276.7</ele>
      </trkpt>
      <trkpt lat="55.772" lon="-2.95148">
        <ele>276.6</ele>
      </trkpt>
      <trkpt lat="55.77174" lon="-2.9516">
        <ele>276.1</ele>
      </trkpt>
      <trkpt lat="55.77148" lon="-2.95169">
        <ele>274.1</ele>
      </trkpt>
      <trkpt lat="55.77135" lon="-2.95175">
        <ele>273.0</ele>
      </trkpt>
      <trkpt lat="55.77122" lon="-2.95184">
        <ele>272.0</ele>
      </trkpt>
      <trkpt lat="55.77085" lon="-2.95215">
        <ele>269.6</ele>
      </trkpt>
      <trkpt lat="55.77076" lon="-2.95227">
        <ele>268.5</ele>
      </trkpt>
      <trkpt lat="55.77069" lon="-2.95238">
        <ele>267.7</ele>
      </trkpt>
      <trkpt lat="55.77059" lon="-2.95257">
        <ele>267.0</ele>
      </trkpt>
      <trkpt lat="55.77044" lon="-2.95292">
        <ele>266.0</ele>
      </trkpt>
      <trkpt lat="55.77031" lon="-2.95328">
        <ele>265.4</ele>
      </trkpt>
      <trkpt lat="55.76995" lon="-2.95446">
        <ele>264.1</ele>
      </trkpt>
      <trkpt lat="55.76981" lon="-2.9549">
        <ele>263.2</ele>
      </trkpt>
      <trkpt lat="55.76971" lon="-2.9553">
        <ele>261.9</ele>
      </trkpt>
      <trkpt lat="55.76944" lon="-2.95629">
        <ele>259.3</ele>
      </trkpt>
      <trkpt lat="55.76928" lon="-2.95681">
        <ele>258.9</ele>
      </trkpt>
      <trkpt lat="55.76905" lon="-2.95744">
        <ele>259.4</ele>
      </trkpt>
      <trkpt lat="55.76873" lon="-2.9582">
        <ele>258.8</ele>
      </trkpt>
      <trkpt lat="55.76858" lon="-2.95852">
        <ele>258.5</ele>
      </trkpt>
      <trkpt lat="55.76846" lon="-2.95873">
        <ele>258.2</ele>
      </trkpt>
      <trkpt lat="55.76834" lon="-2.95885">
        <ele>257.3</ele>
      </trkpt>
      <trkpt lat="55.76827" lon="-2.9589">
        <ele>256.7</ele>
      </trkpt>
      <trkpt lat="55.76817" lon="-2.95895">
        <ele>255.9</ele>
      </trkpt>
      <trkpt lat="55.76805" lon="-2.95896">
        <ele>254.6</ele>
      </trkpt>
      <trkpt lat="55.76798" lon="-2.95894">
        <ele>253.8</ele>
      </trkpt>
      <trkpt lat="55.76764" lon="-2.9588">
        <ele>249.6</ele>
      </trkpt>
      <trkpt lat="55.76749" lon="-2.95875">
        <ele>248.0</ele>
      </trkpt>
      <trkpt lat="55.76738" lon="-2.95874">
        <ele>247.7</ele>
      </trkpt>
      <trkpt lat="55.76725" lon="-2.95875">
        <ele>247.4</ele>
      </trkpt>
      <trkpt lat="55.76718" lon="-2.95878">
        <ele>247.3</ele>
      </trkpt>
      <trkpt lat="55.7671" lon="-2.95884">
        <ele>247.2</ele>
      </trkpt>
      <trkpt lat="55.76705" lon="-2.9589">
        <ele>247.1</ele>
      </trkpt>
      <trkpt lat="55.76699" lon="-2.959">
        <ele>247.0</ele>
      </trkpt>
      <trkpt lat="55.76692" lon="-2.95914">
        <ele>246.9</ele>
      </trkpt>
      <trkpt lat="55.76677" lon="-2.95954">
        <ele>246.5</ele>
      </trkpt>
      <trkpt lat="55.76666" lon="-2.95991">
        <ele>246.0</ele>
      </trkpt>
      <trkpt lat="55.76648" lon="-2.96055">
        <ele>247.2</ele>
      </trkpt>
      <trkpt lat="55.76629" lon="-2.96139">
        <ele>247.9</ele>
      </trkpt>
      <trkpt lat="55.76611" lon="-2.96235">
        <ele>247.9</ele>
      </trkpt>
      <trkpt lat="55.7659" lon="-2.96338">
        <ele>247.4</ele>
      </trkpt>
      <trkpt lat="55.76578" lon="-2.96405">
        <ele>248.7</ele>
      </trkpt>
      <trkpt lat="55.76567" lon="-2.9648">
        <ele>250.2</ele>
      </trkpt>
      <trkpt lat="55.76563" lon="-2.96495">
        <ele>250.4</ele>
      </trkpt>
      <trkpt lat="55.76549" lon="-2.96536">
        <ele>251.5</ele>
      </trkpt>
      <trkpt lat="55.76545" lon="-2.96552">
        <ele>252.0</ele>
      </trkpt>
      <trkpt lat="55.76531" lon="-2.96633">
        <ele>253.7</ele>
      </trkpt>
      <trkpt lat="55.76507" lon="-2.96757">
        <ele>254.7</ele>
      </trkpt>
      <trkpt lat="55.76479" lon="-2.96896">
        <ele>256.3</ele>
      </trkpt>
      <trkpt lat="55.76468" lon="-2.96927">
        <ele>256.7</ele>
      </trkpt>
      <trkpt lat="55.76426" lon="-2.97036">
        <ele>257.1</ele>
      </trkpt>
      <trkpt lat="55.76385" lon="-2.97144">
        <ele>255.8</ele>
      </trkpt>
      <trkpt lat="55.76344" lon="-2.97252">
        <ele>257.0</ele>
      </trkpt>
      <trkpt lat="55.76303" lon="-2.97361">
        <ele>258.9</ele>
      </trkpt>
      <trkpt lat="55.76262" lon="-2.97469">
        <ele>258.3</ele>
      </trkpt>
      <trkpt lat="55.76258" lon="-2.9749">
        <ele>258.0</ele>
      </trkpt>
      <trkpt lat="55.76259" lon="-2.97515">
        <ele>258.8</ele>
      </trkpt>
      <trkpt lat="55.76221" lon="-2.97612">
        <ele>259.9</ele>
      </trkpt>
      <trkpt lat="55.76184" lon="-2.97709">
        <ele>260.6</ele>
      </trkpt>
      <trkpt lat="55.76146" lon="-2.97806">
        <ele>261.3</ele>
      </trkpt>
      <trkpt lat="55.76118" lon="-2.97893">
        <ele>263.8</ele>
      </trkpt>
      <trkpt lat="55.76096" lon="-2.97994">
        <ele>264.5</ele>
      </trkpt>
      <trkpt lat="55.76075" lon="-2.98095">
        <ele>265.9</ele>
      </trkpt>
      <trkpt lat="55.7604" lon="-2.98215">
        <ele>267.7</ele>
      </trkpt>
      <trkpt lat="55.75992" lon="-2.98321">
        <ele>266.0</ele>
      </trkpt>
      <trkpt lat="55.75944" lon="-2.98426">
        <ele>266.7</ele>
      </trkpt>
      <trkpt lat="55.75897" lon="-2.98531">
        <ele>268.5</ele>
      </trkpt>
      <trkpt lat="55.75849" lon="-2.98637">
        <ele>272.0</ele>
      </trkpt>
      <trkpt lat="55.75801" lon="-2.98742">
        <ele>272.8</ele>
      </trkpt>
      <trkpt lat="55.75753" lon="-2.98848">
        <ele>271.7</ele>
      </trkpt>
      <trkpt lat="55.75718" lon="-2.98943">
        <ele>274.1</ele>
      </trkpt>
      <trkpt lat="55.75683" lon="-2.99087">
        <ele>279.6</ele>
      </trkpt>
      <trkpt lat="55.75648" lon="-2.99232">
        <ele>284.5</ele>
      </trkpt>
      <trkpt lat="55.75628" lon="-2.99331">
        <ele>285.7</ele>
      </trkpt>
      <trkpt lat="55.75602" lon="-2.99469">
        <ele>285.1</ele>
      </trkpt>
      <trkpt lat="55.7557" lon="-2.99606">
        <ele>284.2</ele>
      </trkpt>
      <trkpt lat="55.75553" lon="-2.99697">
        <ele>283.9</ele>
      </trkpt>
      <trkpt lat="55.75548" lon="-2.99754">
        <ele>284.4</ele>
      </trkpt>
      <trkpt lat="55.75528" lon="-2.99861">
        <ele>279.8</ele>
      </trkpt>
      <trkpt lat="55.75527" lon="-2.99883">
        <ele>279.7</ele>
      </trkpt>
      <trkpt lat="55.75528" lon="-2.99912">
        <ele>279.8</ele>
      </trkpt>
      <trkpt lat="55.75533" lon="-2.99966">
        <ele>280.7</ele>
      </trkpt>
      <trkpt lat="55.75543" lon="-3.00039">
        <ele>283.5</ele>
      </trkpt>
      <trkpt lat="55.75559" lon="-3.00119">
        <ele>287.4</ele>
      </trkpt>
      <trkpt lat="55.75562" lon="-3.00152">
        <ele>288.0</ele>
      </trkpt>
      <trkpt lat="55.75563" lon="-3.00179">
        <ele>287.5</ele>
      </trkpt>
      <trkpt lat="55.75558" lon="-3.00288">
        <ele>282.1</ele>
      </trkpt>
      <trkpt lat="55.75553" lon="-3.00325">
        <ele>280.3</ele>
      </trkpt>
      <trkpt lat="55.75539" lon="-3.00383">
        <ele>280.2</ele>
      </trkpt>
      <trkpt lat="55.75509" lon="-3.00461">
        <ele>280.2</ele>
      </trkpt>
      <trkpt lat="55.7547" lon="-3.00543">
        <ele>279.6</ele>
      </trkpt>
      <trkpt lat="55.75442" lon="-3.00653">
        <ele>278.9</ele>
      </trkpt>
      <trkpt lat="55.75386" lon="-3.00756">
        <ele>280.1</ele>
      </trkpt>
      <trkpt lat="55.75331" lon="-3.0086">
        <ele>279.5</ele>
      </trkpt>
      <trkpt lat="55.75317" lon="-3.00876">
        <ele>280.9</ele>
      </trkpt>
      <trkpt lat="55.75284" lon="-3.00892">
        <ele>281.5</ele>
      </trkpt>
      <trkpt lat="55.7526" lon="-3.00898">
        <ele>281.4</ele>
      </trkpt>
      <trkpt lat="55.75223" lon="-3.00903">
        <ele>282.0</ele>
      </trkpt>
      <trkpt lat="55.75201" lon="-3.00908">
        <ele>282.6</ele>
      </trkpt>
      <trkpt lat="55.75183" lon="-3.00915">
        <ele>282.8</ele>
      </trkpt>
      <trkpt lat="55.75172" lon="-3.00922">
        <ele>282.8</ele>
      </trkpt>
      <trkpt lat="55.75155" lon="-3.00935">
        <ele>283.3</ele>
      </trkpt>
      <trkpt lat="55.75127" lon="-3.00971">
        <ele>283.2</ele>
      </trkpt>
      <trkpt lat="55.75101" lon="-3.0101">
        <ele>282.2</ele>
      </trkpt>
      <trkpt lat="55.75055" lon="-3.01103">
        <ele>286.3</ele>
      </trkpt>
      <trkpt lat="55.75043" lon="-3.01123">
        <ele>287.2</ele>
      </trkpt>
      <trkpt lat="55.75027" lon="-3.01137">
        <ele>287.8</ele>
      </trkpt>
      <trkpt lat="55.74993" lon="-3.01153">
        <ele>288.7</ele>
      </trkpt>
      <trkpt lat="55.74913" lon="-3.01175">
        <ele>289.9</ele>
      </trkpt>
      <trkpt lat="55.7483" lon="-3.01184">
        <ele>290.3</ele>
      </trkpt>
      <trkpt lat="55.74746" lon="-3.01194">
        <ele>290.8</ele>
      </trkpt>
      <trkpt lat="55.74677" lon="-3.01211">
        <ele>291.2</ele>
      </trkpt>
      <trkpt lat="55.74655" lon="-3.01235">
        <ele>293.2</ele>
      </trkpt>
      <trkpt lat="55.74637" lon="-3.0127">
        <ele>295.5</ele>
      </trkpt>
      <trkpt lat="55.74592" lon="-3.01373">
        <ele>302.9</ele>
      </trkpt>
      <trkpt lat="55.7457" lon="-3.01395">
        <ele>304.5</ele>
      </trkpt>
      <trkpt lat="55.74528" lon="-3.0141">
        <ele>301.2</ele>
      </trkpt>
      <trkpt lat="55.74498" lon="-3.01437">
        <ele>300.4</ele>
      </trkpt>
      <trkpt lat="55.74451" lon="-3.01494">
        <ele>298.0</ele>
      </trkpt>
      <trkpt lat="55.74418" lon="-3.01552">
        <ele>300.6</ele>
      </trkpt>
      <trkpt lat="55.74358" lon="-3.01608">
        <ele>301.0</ele>
      </trkpt>
      <trkpt lat="55.74299" lon="-3.01664">
        <ele>297.8</ele>
      </trkpt>
      <trkpt lat="55.7428" lon="-3.01695">
        <ele>297.7</ele>
      </trkpt>
      <trkpt lat="55.74267" lon="-3.01726">
        <ele>297.8</ele>
      </trkpt>
      <trkpt lat="55.74255" lon="-3.01789">
        <ele>298.6</ele>
      </trkpt>
      <trkpt lat="55.74248" lon="-3.01922">
        <ele>301.0</ele>
      </trkpt>
      <trkpt lat="55.74241" lon="-3.02054">
        <ele>303.0</ele>
      </trkpt>
      <trkpt lat="55.74234" lon="-3.02187">
        <ele>303.0</ele>
      </trkpt>
      <trkpt lat="55.74226" lon="-3.0232">
        <ele>299.7</ele>
      </trkpt>
      <trkpt lat="55.74227" lon="-3.02385">
        <ele>298.4</ele>
      </trkpt>
      <trkpt lat="55.7423" lon="-3.0242">
        <ele>297.7</ele>
      </trkpt>
      <trkpt lat="55.74263" lon="-3.02547">
        <ele>296.7</ele>
      </trkpt>
      <trkpt lat="55.74296" lon="-3.02673">
        <ele>296.3</ele>
      </trkpt>
      <trkpt lat="55.74329" lon="-3.028">
        <ele>302.3</ele>
      </trkpt>
      <trkpt lat="55.74283" lon="-3.02806">
        <ele>301.7</ele>
      </trkpt>
      <trkpt lat="55.74266" lon="-3.02815">
        <ele>301.7</ele>
      </trkpt>
      <trkpt lat="55.74251" lon="-3.02832">
        <ele>302.0</ele>
      </trkpt>
      <trkpt lat="55.7422" lon="-3.02899">
        <ele>302.4</ele>
      </trkpt>
      <trkpt lat="55.74189" lon="-3.02966">
        <ele>301.1</ele>
      </trkpt>
      <trkpt lat="55.74176" lon="-3.02994">
        <ele>299.9</ele>
      </trkpt>
      <trkpt lat="55.74122" lon="-3.03105">
        <ele>303.4</ele>
      </trkpt>
      <trkpt lat="55.74068" lon="-3.03217">
        <ele>304.1</ele>
      </trkpt>
      <trkpt lat="55.74014" lon="-3.03328">
        <ele>305.6</ele>
      </trkpt>
      <trkpt lat="55.73991" lon="-3.03368">
        <ele>305.5</ele>
      </trkpt>
      <trkpt lat="55.73973" lon="-3.03392">
        <ele>305.8</ele>
      </trkpt>
      <trkpt lat="55.73925" lon="-3.03438">
        <ele>306.3</ele>
      </trkpt>
      <trkpt lat="55.73878" lon="-3.03483">
        <ele>306.9</ele>
      </trkpt>
      <trkpt lat="55.7384" lon="-3.03509">
        <ele>307.6</ele>
      </trkpt>
      <trkpt lat="55.7378" lon="-3.03535">
        <ele>311.3</ele>
      </trkpt>
      <trkpt lat="55.73694" lon="-3.03556">
        <ele>315.9</ele>
      </trkpt>
      <trkpt lat="55.73609" lon="-3.03577">
        <ele>320.0</ele>
      </trkpt>
      <trkpt lat="55.73523" lon="-3.03598">
        <ele>321.5</ele>
      </trkpt>
      <trkpt lat="55.73449" lon="-3.03616">
        <ele>319.6</ele>
      </trkpt>
      <trkpt lat="55.73374" lon="-3.03635">
        <ele>318.9</ele>
      </trkpt>
      <trkpt lat="55.733" lon="-3.03654">
        <ele>318.6</ele>
      </trkpt>
      <trkpt lat="55.73226" lon="-3.03673">
        <ele>318.5</ele>
      </trkpt>
      <trkpt lat="55.73152" lon="-3.03691">
        <ele>322.1</ele>
      </trkpt>
      <trkpt lat="55.73089" lon="-3.03704">
        <ele>323.8</ele>
      </trkpt>
      <trkpt lat="55.73049" lon="-3.03708">
        <ele>324.2</ele>
      </trkpt>
      <trkpt lat="55.73035" lon="-3.03709">
        <ele>324.3</ele>
      </trkpt>
      <trkpt lat="55.72968" lon="-3.03713">
        <ele>324.3</ele>
      </trkpt>
      <trkpt lat="55.72901" lon="-3.03717">
        <ele>324.0</ele>
      </trkpt>
      <trkpt lat="55.72824" lon="-3.0372">
        <ele>325.4</ele>
      </trkpt>
      <trkpt lat="55.72747" lon="-3.03723">
        <ele>328.4</ele>
      </trkpt>
      <trkpt lat="55.7267" lon="-3.03727">
        <ele>329.2</ele>
      </trkpt>
      <trkpt lat="55.72593" lon="-3.0373">
        <ele>331.0</ele>
      </trkpt>
      <trkpt lat="55.72511" lon="-3.03738">
        <ele>333.6</ele>
      </trkpt>
      <trkpt lat="55.72429" lon="-3.03746">
        <ele>335.0</ele>
      </trkpt>
      <trkpt lat="55.72347" lon="-3.03753">
        <ele>338.1</ele>
      </trkpt>
      <trkpt lat="55.72266" lon="-3.03761">
        <ele>341.7</ele>
      </trkpt>
      <trkpt lat="55.72218" lon="-3.03766">
        <ele>341.9</ele>
      </trkpt>
      <trkpt lat="55.7217" lon="-3.03771">
        <ele>341.2</ele>
      </trkpt>
      <trkpt lat="55.72148" lon="-3.03774">
        <ele>341.5</ele>
      </trkpt>
      <trkpt lat="55.72086" lon="-3.03781">
        <ele>342.2</ele>
      </trkpt>
      <trkpt lat="55.72024" lon="-3.03788">
        <ele>345.9</ele>
      </trkpt>
      <trkpt lat="55.71962" lon="-3.03795">
        <ele>346.9</ele>
      </trkpt>
      <trkpt lat="55.71885" lon="-3.03804">
        <ele>346.1</ele>
      </trkpt>
      <trkpt lat="55.71809" lon="-3.03813">
        <ele>346.8</ele>
      </trkpt>
      <trkpt lat="55.71732" lon="-3.03822">
        <ele>348.2</ele>
      </trkpt>
      <trkpt lat="55.71656" lon="-3.03831">
        <ele>346.6</ele>
      </trkpt>
      <trkpt lat="55.71579" lon="-3.03841">
        <ele>349.3</ele>
      </trkpt>
      <trkpt lat="55.71495" lon="-3.03849">
        <ele>355.5</ele>
      </trkpt>
      <trkpt lat="55.71471" lon="-3.03848">
        <ele>356.4</ele>
      </trkpt>
      <trkpt lat="55.71442" lon="-3.03841">
        <ele>356.8</ele>
      </trkpt>
      <trkpt lat="55.71395" lon="-3.03827">
        <ele>359.6</ele>
      </trkpt>
      <trkpt lat="55.71351" lon="-3.0381">
        <ele>364.6</ele>
      </trkpt>
      <trkpt lat="55.71324" lon="-3.03805">
        <ele>367.1</ele>
      </trkpt>
      <trkpt lat="55.71254" lon="-3.03802">
        <ele>372.7</ele>
      </trkpt>
      <trkpt lat="55.71185" lon="-3.03799">
        <ele>374.6</ele>
      </trkpt>
      <trkpt lat="55.71136" lon="-3.03795">
        <ele>375.1</ele>
      </trkpt>
      <trkpt lat="55.71087" lon="-3.03792">
        <ele>375.0</ele>
      </trkpt>
      <trkpt lat="55.71038" lon="-3.03786">
        <ele>378.3</ele>
      </trkpt>
      <trkpt lat="55.7099" lon="-3.0378">
        <ele>382.0</ele>
      </trkpt>
      <trkpt lat="55.70976" lon="-3.03781">
        <ele>382.6</ele>
      </trkpt>
      <trkpt lat="55.70963" lon="-3.03783">
        <ele>383.0</ele>
      </trkpt>
      <trkpt lat="55.70949" lon="-3.03788">
        <ele>382.9</ele>
      </trkpt>
      <trkpt lat="55.70933" lon="-3.03797">
        <ele>382.0</ele>
      </trkpt>
      <trkpt lat="55.70895" lon="-3.03826">
        <ele>379.3</ele>
      </trkpt>
      <trkpt lat="55.70841" lon="-3.03874">
        <ele>385.5</ele>
      </trkpt>
      <trkpt lat="55.70787" lon="-3.03921">
        <ele>391.2</ele>
      </trkpt>
      <trkpt lat="55.70754" lon="-3.03953">
        <ele>390.0</ele>
      </trkpt>
      <trkpt lat="55.70729" lon="-3.0397">
        <ele>388.3</ele>
      </trkpt>
      <trkpt lat="55.70709" lon="-3.0398">
        <ele>386.7</ele>
      </trkpt>
      <trkpt lat="55.70676" lon="-3.03993">
        <ele>383.6</ele>
      </trkpt>
      <trkpt lat="55.70658" lon="-3.03998">
        <ele>381.8</ele>
      </trkpt>
      <trkpt lat="55.70642" lon="-3.04">
        <ele>380.6</ele>
      </trkpt>
      <trkpt lat="55.7061" lon="-3.03995">
        <ele>379.5</ele>
      </trkpt>
      <trkpt lat="55.70549" lon="-3.03977">
        <ele>378.1</ele>
      </trkpt>
      <trkpt lat="55.70481" lon="-3.03973">
        <ele>372.9</ele>
      </trkpt>
      <trkpt lat="55.70398" lon="-3.0398">
        <ele>366.6</ele>
      </trkpt>
      <trkpt lat="55.70383" lon="-3.03982">
        <ele>365.6</ele>
      </trkpt>
      <trkpt lat="55.70356" lon="-3.03985">
        <ele>363.7</ele>
      </trkpt>
      <trkpt lat="55.7033" lon="-3.03989">
        <ele>361.5</ele>
      </trkpt>
      <trkpt lat="55.70312" lon="-3.03996">
        <ele>359.7</ele>
      </trkpt>
      <trkpt lat="55.70265" lon="-3.04017">
        <ele>358.2</ele>
      </trkpt>
      <trkpt lat="55.70223" lon="-3.04028">
        <ele>356.7</ele>
      </trkpt>
      <trkpt lat="55.7017" lon="-3.0404">
        <ele>353.7</ele>
      </trkpt>
      <trkpt lat="55.70116" lon="-3.04053">
        <ele>351.5</ele>
      </trkpt>
      <trkpt lat="55.70092" lon="-3.04056">
        <ele>350.4</ele>
      </trkpt>
      <trkpt lat="55.7004" lon="-3.04058">
        <ele>347.3</ele>
      </trkpt>
      <trkpt lat="55.70003" lon="-3.04067">
        <ele>344.8</ele>
      </trkpt>
      <trkpt lat="55.69986" lon="-3.04075">
        <ele>344.2</ele>
      </trkpt>
      <trkpt lat="55.69945" lon="-3.04101">
        <ele>342.2</ele>
      </trkpt>
      <trkpt lat="55.69934" lon="-3.04107">
        <ele>341.5</ele>
      </trkpt>
      <trkpt lat="55.69905" lon="-3.04116">
        <ele>340.2</ele>
      </trkpt>
      <trkpt lat="55.69891" lon="-3.04125">
        <ele>339.2</ele>
      </trkpt>
      <trkpt lat="55.69867" lon="-3.04146">
        <ele>336.5</ele>
      </trkpt>
      <trkpt lat="55.69854" lon="-3.04155">
        <ele>335.1</ele>
      </trkpt>
      <trkpt lat="55.69838" lon="-3.04164">
        <ele>333.5</ele>
      </trkpt>
      <trkpt lat="55.69817" lon="-3.04171">
        <ele>332.3</ele>
      </trkpt>
      <trkpt lat="55.69783" lon="-3.04177">
        <ele>330.9</ele>
      </trkpt>
      <trkpt lat="55.69712" lon="-3.04182">
        <ele>329.0</ele>
      </trkpt>
      <trkpt lat="55.69666" lon="-3.04187">
        <ele>328.3</ele>
      </trkpt>
      <trkpt lat="55.6962" lon="-3.04192">
        <ele>327.8</ele>
      </trkpt>
      <trkpt lat="55.6959" lon="-3.04199">
        <ele>327.1</ele>
      </trkpt>
      <trkpt lat="55.69504" lon="-3.04231">
        <ele>322.5</ele>
      </trkpt>
      <trkpt lat="55.69419" lon="-3.04262">
        <ele>317.9</ele>
      </trkpt>
      <trkpt lat="55.694" lon="-3.04269">
        <ele>317.6</ele>
      </trkpt>
      <trkpt lat="55.69338" lon="-3.04292">
        <ele>315.8</ele>
      </trkpt>
      <trkpt lat="55.69277" lon="-3.04316">
        <ele>313.3</ele>
      </trkpt>
      <trkpt lat="55.69189" lon="-3.04343">
        <ele>310.6</ele>
      </trkpt>
      <trkpt lat="55.69137" lon="-3.04353">
        <ele>309.4</ele>
      </trkpt>
      <trkpt lat="55.69085" lon="-3.04362">
        <ele>307.7</ele>
      </trkpt>
      <trkpt lat="55.69042" lon="-3.04369">
        <ele>306.6</ele>
      </trkpt>
      <trkpt lat="55.68956" lon="-3.04385">
        <ele>303.7</ele>
      </trkpt>
      <trkpt lat="55.68894" lon="-3.04389">
        <ele>301.8</ele>
      </trkpt>
      <trkpt lat="55.68833" lon="-3.04394">
        <ele>300.1</ele>
      </trkpt>
      <trkpt lat="55.68769" lon="-3.04397">
        <ele>298.6</ele>
      </trkpt>
      <trkpt lat="55.68705" lon="-3.04401">
        <ele>296.9</ele>
      </trkpt>
      <trkpt lat="55.68642" lon="-3.04404">
        <ele>294.5</ele>
      </trkpt>
      <trkpt lat="55.68629" lon="-3.0441">
        <ele>293.5</ele>
      </trkpt>
      <trkpt lat="55.68559" lon="-3.0446">
        <ele>288.9</ele>
      </trkpt>
      <trkpt lat="55.6849" lon="-3.04509">
        <ele>286.4</ele>
      </trkpt>
      <trkpt lat="55.68482" lon="-3.04514">
        <ele>286.6</ele>
      </trkpt>
      <trkpt lat="55.68412" lon="-3.0456">
        <ele>286.2</ele>
      </trkpt>
      <trkpt lat="55.68342" lon="-3.04605">
        <ele>284.4</ele>
      </trkpt>
      <trkpt lat="55.68272" lon="-3.04651">
        <ele>282.6</ele>
      </trkpt>
      <trkpt lat="55.68236" lon="-3.04678">
        <ele>283.2</ele>
      </trkpt>
      <trkpt lat="55.68223" lon="-3.04692">
        <ele>284.8</ele>
      </trkpt>
      <trkpt lat="55.68213" lon="-3.04705">
        <ele>285.6</ele>
      </trkpt>
      <trkpt lat="55.682" lon="-3.04725">
        <ele>285.9</ele>
      </trkpt>
      <trkpt lat="55.68186" lon="-3.04754">
        <ele>284.8</ele>
      </trkpt>
      <trkpt lat="55.68145" lon="-3.04838">
        <ele>282.2</ele>
      </trkpt>
      <trkpt lat="55.68105" lon="-3.04923">
        <ele>283.8</ele>
      </trkpt>
      <trkpt lat="55.68064" lon="-3.05007">
        <ele>282.0</ele>
      </trkpt>
      <trkpt lat="55.68034" lon="-3.05099">
        <ele>284.9</ele>
      </trkpt>
      <trkpt lat="55.68003" lon="-3.05186">
        <ele>279.9</ele>
      </trkpt>
      <trkpt lat="55.67965" lon="-3.05225">
        <ele>282.7</ele>
      </trkpt>
      <trkpt lat="55.67931" lon="-3.05249">
        <ele>280.9</ele>
      </trkpt>
      <trkpt lat="55.67915" lon="-3.05255">
        <ele>279.5</ele>
      </trkpt>
      <trkpt lat="55.67877" lon="-3.05259">
        <ele>278.7</ele>
      </trkpt>
      <trkpt lat="55.67803" lon="-3.05257">
        <ele>274.2</ele>
      </trkpt>
      <trkpt lat="55.67763" lon="-3.05251">
        <ele>268.9</ele>
      </trkpt>
      <trkpt lat="55.67743" lon="-3.05254">
        <ele>266.4</ele>
      </trkpt>
      <trkpt lat="55.67726" lon="-3.05259">
        <ele>264.8</ele>
      </trkpt>
      <trkpt lat="55.67716" lon="-3.05264">
        <ele>263.8</ele>
      </trkpt>
      <trkpt lat="55.67696" lon="-3.05276">
        <ele>261.7</ele>
      </trkpt>
      <trkpt lat="55.67675" lon="-3.05293">
        <ele>259.3</ele>
      </trkpt>
      <trkpt lat="55.67646" lon="-3.05331">
        <ele>258.9</ele>
      </trkpt>
      <trkpt lat="55.67603" lon="-3.05389">
        <ele>260.6</ele>
      </trkpt>
      <trkpt lat="55.67582" lon="-3.05426">
        <ele>258.6</ele>
      </trkpt>
      <trkpt lat="55.67561" lon="-3.05474">
        <ele>258.5</ele>
      </trkpt>
      <trkpt lat="55.67531" lon="-3.05556">
        <ele>258.7</ele>
      </trkpt>
      <trkpt lat="55.6752" lon="-3.05601">
        <ele>257.2</ele>
      </trkpt>
      <trkpt lat="55.67497" lon="-3.05656">
        <ele>253.6</ele>
      </trkpt>
      <trkpt lat="55.67489" lon="-3.05689">
        <ele>254.1</ele>
      </trkpt>
      <trkpt lat="55.67467" lon="-3.05842">
        <ele>252.5</ele>
      </trkpt>
      <trkpt lat="55.67444" lon="-3.05994">
        <ele>251.8</ele>
      </trkpt>
      <trkpt lat="55.67434" lon="-3.06098">
        <ele>250.4</ele>
      </trkpt>
      <trkpt lat="55.67431" lon="-3.06217">
        <ele>249.3</ele>
      </trkpt>
      <trkpt lat="55.67428" lon="-3.06335">
        <ele>249.1</ele>
      </trkpt>
      <trkpt lat="55.67424" lon="-3.06448">
        <ele>246.3</ele>
      </trkpt>
      <trkpt lat="55.67419" lon="-3.06527">
        <ele>243.7</ele>
      </trkpt>
      <trkpt lat="55.67412" lon="-3.0659">
        <ele>242.8</ele>
      </trkpt>
      <trkpt lat="55.67405" lon="-3.06642">
        <ele>242.7</ele>
      </trkpt>
      <trkpt lat="55.67399" lon="-3.06676">
        <ele>243.1</ele>
      </trkpt>
      <trkpt lat="55.67386" lon="-3.06722">
        <ele>243.9</ele>
      </trkpt>
      <trkpt lat="55.67367" lon="-3.06767">
        <ele>243.0</ele>
      </trkpt>
      <trkpt lat="55.67351" lon="-3.06796">
        <ele>240.9</ele>
      </trkpt>
      <trkpt lat="55.67324" lon="-3.06832">
        <ele>235.7</ele>
      </trkpt>
      <trkpt lat="55.67305" lon="-3.06848">
        <ele>235.9</ele>
      </trkpt>
      <trkpt lat="55.67282" lon="-3.0686">
        <ele>236.3</ele>
      </trkpt>
      <trkpt lat="55.67263" lon="-3.06866">
        <ele>236.7</ele>
      </trkpt>
      <trkpt lat="55.67241" lon="-3.06865">
        <ele>236.4</ele>
      </trkpt>
      <trkpt lat="55.67225" lon="-3.06857">
        <ele>235.6</ele>
      </trkpt>
      <trkpt lat="55.67206" lon="-3.06841">
        <ele>234.9</ele>
      </trkpt>
      <trkpt lat="55.67177" lon="-3.0682">
        <ele>236.5</ele>
      </trkpt>
      <trkpt lat="55.67158" lon="-3.06814">
        <ele>236.7</ele>
      </trkpt>
      <trkpt lat="55.67086" lon="-3.06825">
        <ele>230.3</ele>
      </trkpt>
      <trkpt lat="55.67023" lon="-3.06842">
        <ele>227.7</ele>
      </trkpt>
      <trkpt lat="55.66996" lon="-3.06844">
        <ele>227.3</ele>
      </trkpt>
      <trkpt lat="55.66974" lon="-3.06842">
        <ele>225.9</ele>
      </trkpt>
      <trkpt lat="55.66958" lon="-3.06836">
        <ele>224.9</ele>
      </trkpt>
      <trkpt lat="55.66933" lon="-3.06821">
        <ele>225.5</ele>
      </trkpt>
      <trkpt lat="55.66908" lon="-3.06797">
        <ele>227.2</ele>
      </trkpt>
      <trkpt lat="55.66882" lon="-3.06768">
        <ele>227.9</ele>
      </trkpt>
      <trkpt lat="55.66832" lon="-3.06704">
        <ele>224.7</ele>
      </trkpt>
      <trkpt lat="55.66782" lon="-3.06639">
        <ele>224.5</ele>
      </trkpt>
      <trkpt lat="55.66727" lon="-3.06581">
        <ele>223.3</ele>
      </trkpt>
      <trkpt lat="55.66673" lon="-3.06522">
        <ele>221.0</ele>
      </trkpt>
      <trkpt lat="55.66615" lon="-3.06454">
        <ele>225.0</ele>
      </trkpt>
      <trkpt lat="55.66599" lon="-3.06439">
        <ele>225.5</ele>
      </trkpt>
      <trkpt lat="55.66584" lon="-3.06428">
        <ele>225.3</ele>
      </trkpt>
      <trkpt lat="55.66547" lon="-3.06403">
        <ele>225.4</ele>
      </trkpt>
      <trkpt lat="55.66509" lon="-3.0638">
        <ele>223.2</ele>
      </trkpt>
      <trkpt lat="55.66475" lon="-3.06365">
        <ele>220.7</ele>
      </trkpt>
      <trkpt lat="55.66424" lon="-3.06346">
        <ele>215.8</ele>
      </trkpt>
      <trkpt lat="55.66374" lon="-3.06327">
        <ele>213.6</ele>
      </trkpt>
      <trkpt lat="55.66344" lon="-3.0632">
        <ele>212.3</ele>
      </trkpt>
      <trkpt lat="55.66315" lon="-3.06316">
        <ele>211.4</ele>
      </trkpt>
      <trkpt lat="55.66292" lon="-3.06309">
        <ele>211.2</ele>
      </trkpt>
      <trkpt lat="55.66286" lon="-3.06307">
        <ele>211.1</ele>
      </trkpt>
      <trkpt lat="55.66235" lon="-3.06293">
        <ele>211.2</ele>
      </trkpt>
      <trkpt lat="55.6619" lon="-3.06286">
        <ele>212.6</ele>
      </trkpt>
      <trkpt lat="55.66145" lon="-3.06279">
        <ele>213.9</ele>
      </trkpt>
      <trkpt lat="55.66133" lon="-3.06279">
        <ele>213.9</ele>
      </trkpt>
      <trkpt lat="55.66123" lon="-3.0628">
        <ele>213.7</ele>
      </trkpt>
      <trkpt lat="55.66107" lon="-3.06286">
        <ele>213.1</ele>
      </trkpt>
      <trkpt lat="55.66092" lon="-3.06289">
        <ele>212.8</ele>
      </trkpt>
      <trkpt lat="55.66068" lon="-3.06291">
        <ele>211.9</ele>
      </trkpt>
      <trkpt lat="55.66053" lon="-3.06289">
        <ele>211.6</ele>
      </trkpt>
      <trkpt lat="55.6603" lon="-3.06282">
        <ele>211.3</ele>
      </trkpt>
      <trkpt lat="55.65984" lon="-3.06256">
        <ele>211.8</ele>
      </trkpt>
      <trkpt lat="55.65937" lon="-3.06229">
        <ele>210.9</ele>
      </trkpt>
      <trkpt lat="55.65882" lon="-3.0619">
        <ele>208.6</ele>
      </trkpt>
      <trkpt lat="55.65829" lon="-3.06139">
        <ele>207.7</ele>
      </trkpt>
      <trkpt lat="55.65775" lon="-3.06089">
        <ele>208.0</ele>
      </trkpt>
      <trkpt lat="55.65724" lon="-3.06044">
        <ele>207.1</ele>
      </trkpt>
      <trkpt lat="55.65673" lon="-3.05999">
        <ele>205.6</ele>
      </trkpt>
      <trkpt lat="55.65659" lon="-3.05993">
        <ele>205.6</ele>
      </trkpt>
      <trkpt lat="55.65644" lon="-3.0599">
        <ele>205.4</ele>
      </trkpt>
      <trkpt lat="55.6559" lon="-3.06003">
        <ele>201.2</ele>
      </trkpt>
      <trkpt lat="55.65535" lon="-3.06016">
        <ele>200.1</ele>
      </trkpt>
      <trkpt lat="55.65448" lon="-3.06034">
        <ele>198.2</ele>
      </trkpt>
      <trkpt lat="55.65361" lon="-3.06052">
        <ele>196.7</ele>
      </trkpt>
      <trkpt lat="55.65274" lon="-3.0607">
        <ele>196.3</ele>
      </trkpt>
      <trkpt lat="55.65238" lon="-3.06072">
        <ele>196.3</ele>
      </trkpt>
      <trkpt lat="55.65204" lon="-3.06071">
        <ele>196.4</ele>
      </trkpt>
      <trkpt lat="55.65126" lon="-3.06081">
        <ele>196.6</ele>
      </trkpt>
      <trkpt lat="55.65048" lon="-3.06092">
        <ele>198.4</ele>
      </trkpt>
      <trkpt lat="55.65021" lon="-3.061">
        <ele>199.1</ele>
      </trkpt>
      <trkpt lat="55.64975" lon="-3.06122">
        <ele>200.2</ele>
      </trkpt>
      <trkpt lat="55.6494" lon="-3.06171">
        <ele>198.2</ele>
      </trkpt>
      <trkpt lat="55.64917" lon="-3.06199">
        <ele>200.4</ele>
      </trkpt>
      <trkpt lat="55.6489" lon="-3.06217">
        <ele>201.0</ele>
      </trkpt>
      <trkpt lat="55.6486" lon="-3.06225">
        <ele>201.3</ele>
      </trkpt>
      <trkpt lat="55.64805" lon="-3.0623">
        <ele>202.0</ele>
      </trkpt>
      <trkpt lat="55.64754" lon="-3.06245">
        <ele>202.2</ele>
      </trkpt>
      <trkpt lat="55.64725" lon="-3.0626">
        <ele>201.5</ele>
      </trkpt>
      <trkpt lat="55.64699" lon="-3.0627">
        <ele>201.2</ele>
      </trkpt>
      <trkpt lat="55.64681" lon="-3.06273">
        <ele>201.1</ele>
      </trkpt>
      <trkpt lat="55.6467" lon="-3.06271">
        <ele>201.2</ele>
      </trkpt>
      <trkpt lat="55.64661" lon="-3.06268">
        <ele>200.9</ele>
      </trkpt>
      <trkpt lat="55.64636" lon="-3.06253">
        <ele>199.4</ele>
      </trkpt>
      <trkpt lat="55.64614" lon="-3.06229">
        <ele>197.6</ele>
      </trkpt>
      <trkpt lat="55.64559" lon="-3.06134">
        <ele>193.3</ele>
      </trkpt>
      <trkpt lat="55.64521" lon="-3.06073">
        <ele>191.4</ele>
      </trkpt>
      <trkpt lat="55.64458" lon="-3.05994">
        <ele>186.1</ele>
      </trkpt>
      <trkpt lat="55.64412" lon="-3.05947">
        <ele>182.9</ele>
      </trkpt>
      <trkpt lat="55.64355" lon="-3.05887">
        <ele>182.8</ele>
      </trkpt>
      <trkpt lat="55.64299" lon="-3.05826">
        <ele>180.0</ele>
      </trkpt>
      <trkpt lat="55.64255" lon="-3.05784">
        <ele>181.5</ele>
      </trkpt>
      <trkpt lat="55.6421" lon="-3.05747">
        <ele>181.7</ele>
      </trkpt>
      <trkpt lat="55.64139" lon="-3.05709">
        <ele>180.5</ele>
      </trkpt>
      <trkpt lat="55.64067" lon="-3.05675">
        <ele>179.6</ele>
      </trkpt>
      <trkpt lat="55.63994" lon="-3.05641">
        <ele>180.9</ele>
      </trkpt>
      <trkpt lat="55.63922" lon="-3.05607">
        <ele>182.6</ele>
      </trkpt>
      <trkpt lat="55.63849" lon="-3.05573">
        <ele>181.8</ele>
      </trkpt>
      <trkpt lat="55.63835" lon="-3.05572">
        <ele>180.9</ele>
      </trkpt>
      <trkpt lat="55.63821" lon="-3.05577">
        <ele>180.0</ele>
      </trkpt>
      <trkpt lat="55.63807" lon="-3.05586">
        <ele>178.9</ele>
      </trkpt>
      <trkpt lat="55.63791" lon="-3.05604">
        <ele>177.4</ele>
      </trkpt>
      <trkpt lat="55.63775" lon="-3.05624">
        <ele>176.0</ele>
      </trkpt>
      <trkpt lat="55.63747" lon="-3.05682">
        <ele>175.5</ele>
      </trkpt>
      <trkpt lat="55.63734" lon="-3.05711">
        <ele>178.6</ele>
      </trkpt>
      <trkpt lat="55.63727" lon="-3.05717">
        <ele>179.4</ele>
      </trkpt>
      <trkpt lat="55.63718" lon="-3.05714">
        <ele>179.3</ele>
      </trkpt>
      <trkpt lat="55.63661" lon="-3.05661">
        <ele>176.2</ele>
      </trkpt>
      <trkpt lat="55.63607" lon="-3.05628">
        <ele>177.2</ele>
      </trkpt>
      <trkpt lat="55.63572" lon="-3.05615">
        <ele>177.7</ele>
      </trkpt>
      <trkpt lat="55.63555" lon="-3.05609">
        <ele>178.2</ele>
      </trkpt>
      <trkpt lat="55.63547" lon="-3.05607">
        <ele>178.4</ele>
      </trkpt>
      <trkpt lat="55.63497" lon="-3.05586">
        <ele>178.4</ele>
      </trkpt>
      <trkpt lat="55.63447" lon="-3.05565">
        <ele>177.8</ele>
      </trkpt>
      <trkpt lat="55.63382" lon="-3.0554">
        <ele>174.9</ele>
      </trkpt>
      <trkpt lat="55.63354" lon="-3.0554">
        <ele>174.3</ele>
      </trkpt>
      <trkpt lat="55.63297" lon="-3.05562">
        <ele>175.3</ele>
      </trkpt>
      <trkpt lat="55.63229" lon="-3.05593">
        <ele>175.6</ele>
      </trkpt>
      <trkpt lat="55.63162" lon="-3.05623">
        <ele>173.2</ele>
      </trkpt>
      <trkpt lat="55.63094" lon="-3.05654">
        <ele>170.6</ele>
      </trkpt>
      <trkpt lat="55.63011" lon="-3.05705">
        <ele>165.9</ele>
      </trkpt>
      <trkpt lat="55.62928" lon="-3.05756">
        <ele>164.6</ele>
      </trkpt>
      <trkpt lat="55.6289" lon="-3.05767">
        <ele>164.1</ele>
      </trkpt>
      <trkpt lat="55.62822" lon="-3.05784">
        <ele>163.4</ele>
      </trkpt>
      <trkpt lat="55.62826" lon="-3.05846">
        <ele>162.3</ele>
      </trkpt>
      <trkpt lat="55.62782" lon="-3.05862">
        <ele>161.8</ele>
      </trkpt>
      <trkpt lat="55.62777" lon="-3.05853">
        <ele>161.5</ele>
      </trkpt>
      <trkpt lat="55.62768" lon="-3.05848">
        <ele>161.3</ele>
      </trkpt>
      <trkpt lat="55.62777" lon="-3.05853">
        <ele>161.5</ele>
      </trkpt>
      <trkpt lat="55.62782" lon="-3.05862">
        <ele>161.8</ele>
      </trkpt>
      <trkpt lat="55.62826" lon="-3.05846">
        <ele>162.3</ele>
      </trkpt>
      <trkpt lat="55.62822" lon="-3.05784">
        <ele>163.4</ele>
      </trkpt>
      <trkpt lat="55.6276" lon="-3.05801">
        <ele>163.6</ele>
      </trkpt>
      <trkpt lat="55.62686" lon="-3.05837">
        <ele>161.7</ele>
      </trkpt>
      <trkpt lat="55.62612" lon="-3.05874">
        <ele>161.7</ele>
      </trkpt>
      <trkpt lat="55.62547" lon="-3.05914">
        <ele>163.3</ele>
      </trkpt>
      <trkpt lat="55.62514" lon="-3.05937">
        <ele>163.4</ele>
      </trkpt>
      <trkpt lat="55.62481" lon="-3.05963">
        <ele>162.0</ele>
      </trkpt>
      <trkpt lat="55.62465" lon="-3.05978">
        <ele>160.4</ele>
      </trkpt>
      <trkpt lat="55.62421" lon="-3.06026">
        <ele>157.0</ele>
      </trkpt>
      <trkpt lat="55.62378" lon="-3.06064">
        <ele>158.6</ele>
      </trkpt>
      <trkpt lat="55.62341" lon="-3.0609">
        <ele>159.0</ele>
      </trkpt>
      <trkpt lat="55.62283" lon="-3.06123">
        <ele>157.5</ele>
      </trkpt>
      <trkpt lat="55.62225" lon="-3.06156">
        <ele>154.1</ele>
      </trkpt>
      <trkpt lat="55.62205" lon="-3.06163">
        <ele>153.6</ele>
      </trkpt>
      <trkpt lat="55.62126" lon="-3.06164">
        <ele>152.8</ele>
      </trkpt>
      <trkpt lat="55.62047" lon="-3.06165">
        <ele>150.2</ele>
      </trkpt>
      <trkpt lat="55.62003" lon="-3.06168">
        <ele>149.0</ele>
      </trkpt>
      <trkpt lat="55.61984" lon="-3.06168">
        <ele>148.8</ele>
      </trkpt>
      <trkpt lat="55.6198" lon="-3.0618">
        <ele>148.6</ele>
      </trkpt>
      <trkpt lat="55.61972" lon="-3.06202">
        <ele>148.4</ele>
      </trkpt>
      <trkpt lat="55.61947" lon="-3.06262">
        <ele>147.9</ele>
      </trkpt>
      <trkpt lat="55.61902" lon="-3.06371">
        <ele>146.9</ele>
      </trkpt>
      <trkpt lat="55.61857" lon="-3.06479">
        <ele>145.8</ele>
      </trkpt>
      <trkpt lat="55.61811" lon="-3.06587">
        <ele>145.7</ele>
      </trkpt>
      <trkpt lat="55.61803" lon="-3.06576">
        <ele>145.6</ele>
      </trkpt>
      <trkpt lat="55.61798" lon="-3.06574">
        <ele>145.6</ele>
      </trkpt>
      <trkpt lat="55.6175" lon="-3.06575">
        <ele>145.0</ele>
      </trkpt>
      <trkpt lat="55.6174" lon="-3.06573">
        <ele>145.0</ele>
      </trkpt>
      <trkpt lat="55.6173" lon="-3.06569">
        <ele>145.0</ele>
      </trkpt>
      <trkpt lat="55.61721" lon="-3.06559">
        <ele>144.9</ele>
      </trkpt>
      <trkpt lat="55.61696" lon="-3.06527">
        <ele>144.6</ele>
      </trkpt>
      <trkpt lat="55.61631" lon="-3.06429">
        <ele>144.0</ele>
      </trkpt>
      <trkpt lat="55.61596" lon="-3.06383">
        <ele>143.7</ele>
      </trkpt>
      <trkpt lat="55.61544" lon="-3.06306">
        <ele>143.0</ele>
      </trkpt>
      <trkpt lat="55.61492" lon="-3.06228">
        <ele>142.6</ele>
      </trkpt>
      <trkpt lat="55.61469" lon="-3.06197">
        <ele>142.0</ele>
      </trkpt>
      <trkpt lat="55.61418" lon="-3.06122">
        <ele>141.0</ele>
      </trkpt>
      <trkpt lat="55.61367" lon="-3.06048">
        <ele>142.5</ele>
      </trkpt>
      <trkpt lat="55.61354" lon="-3.06028">
        <ele>142.8</ele>
      </trkpt>
      <trkpt lat="55.61335" lon="-3.06005">
        <ele>143.0</ele>
      </trkpt>
      <trkpt lat="55.6131" lon="-3.05979">
        <ele>142.3</ele>
      </trkpt>
      <trkpt lat="55.61244" lon="-3.05901">
        <ele>140.8</ele>
      </trkpt>
      <trkpt lat="55.61173" lon="-3.05818">
        <ele>140.7</ele>
      </trkpt>
      <trkpt lat="55.61102" lon="-3.05736">
        <ele>140.1</ele>
      </trkpt>
      <trkpt lat="55.61092" lon="-3.05727">
        <ele>140.2</ele>
      </trkpt>
      <trkpt lat="55.61072" lon="-3.05704">
        <ele>141.6</ele>
      </trkpt>
      <trkpt lat="55.61032" lon="-3.05666">
        <ele>146.6</ele>
      </trkpt>
      <trkpt lat="55.61022" lon="-3.05658">
        <ele>148.2</ele>
      </trkpt>
      <trkpt lat="55.61018" lon="-3.05655">
        <ele>148.8</ele>
      </trkpt>
      <trkpt lat="55.61015" lon="-3.05654">
        <ele>149.2</ele>
      </trkpt>
      <trkpt lat="55.61018" lon="-3.05641">
        <ele>149.7</ele>
      </trkpt>
      <trkpt lat="55.61025" lon="-3.05621">
        <ele>150.2</ele>
      </trkpt>
      <trkpt lat="55.61066" lon="-3.0556">
        <ele>150.5</ele>
      </trkpt>
      <trkpt lat="55.61107" lon="-3.055">
        <ele>150.9</ele>
      </trkpt>
      <trkpt lat="55.61133" lon="-3.05465">
        <ele>154.1</ele>
      </trkpt>
      <trkpt lat="55.6116" lon="-3.0543">
        <ele>157.4</ele>
      </trkpt>
      <trkpt lat="55.61196" lon="-3.05392">
        <ele>160.4</ele>
      </trkpt>
      <trkpt lat="55.61236" lon="-3.05375">
        <ele>158.4</ele>
      </trkpt>
      <trkpt lat="55.61301" lon="-3.05342">
        <ele>155.3</ele>
      </trkpt>
      <trkpt lat="55.61335" lon="-3.05305">
        <ele>160.4</ele>
      </trkpt>
      <trkpt lat="55.61367" lon="-3.05282">
        <ele>163.6</ele>
      </trkpt>
      <trkpt lat="55.61418" lon="-3.05252">
        <ele>165.2</ele>
      </trkpt>
      <trkpt lat="55.61488" lon="-3.05217">
        <ele>162.3</ele>
      </trkpt>
      <trkpt lat="55.61516" lon="-3.05197">
        <ele>160.1</ele>
      </trkpt>
      <trkpt lat="55.6156" lon="-3.05157">
        <ele>157.3</ele>
      </trkpt>
      <trkpt lat="55.61629" lon="-3.05067">
        <ele>164.6</ele>
      </trkpt>
      <trkpt lat="55.61664" lon="-3.05016">
        <ele>164.2</ele>
      </trkpt>
      <trkpt lat="55.61699" lon="-3.04964">
        <ele>163.1</ele>
      </trkpt>
      <trkpt lat="55.61758" lon="-3.04881">
        <ele>155.2</ele>
      </trkpt>
      <trkpt lat="55.61784" lon="-3.04836">
        <ele>153.2</ele>
      </trkpt>
      <trkpt lat="55.61826" lon="-3.04719">
        <ele>147.7</ele>
      </trkpt>
      <trkpt lat="55.61859" lon="-3.04613">
        <ele>148.1</ele>
      </trkpt>
      <trkpt lat="55.61893" lon="-3.04474">
        <ele>150.0</ele>
      </trkpt>
      <trkpt lat="55.61915" lon="-3.04394">
        <ele>151.7</ele>
      </trkpt>
      <trkpt lat="55.61937" lon="-3.04313">
        <ele>153.3</ele>
      </trkpt>
      <trkpt lat="55.61955" lon="-3.042">
        <ele>154.4</ele>
      </trkpt>
      <trkpt lat="55.61973" lon="-3.04087">
        <ele>152.7</ele>
      </trkpt>
      <trkpt lat="55.61992" lon="-3.03975">
        <ele>149.6</ele>
      </trkpt>
      <trkpt lat="55.61998" lon="-3.03836">
        <ele>149.7</ele>
      </trkpt>
      <trkpt lat="55.62004" lon="-3.03753">
        <ele>147.4</ele>
      </trkpt>
      <trkpt lat="55.6201" lon="-3.03671">
        <ele>144.7</ele>
      </trkpt>
      <trkpt lat="55.62013" lon="-3.03528">
        <ele>147.3</ele>
      </trkpt>
      <trkpt lat="55.62017" lon="-3.03385">
        <ele>149.8</ele>
      </trkpt>
      <trkpt lat="55.62022" lon="-3.03249">
        <ele>149.6</ele>
      </trkpt>
      <trkpt lat="55.62026" lon="-3.03112">
        <ele>149.4</ele>
      </trkpt>
      <trkpt lat="55.62031" lon="-3.02976">
        <ele>151.0</ele>
      </trkpt>
      <trkpt lat="55.62036" lon="-3.0284">
        <ele>150.0</ele>
      </trkpt>
      <trkpt lat="55.62041" lon="-3.02711">
        <ele>148.4</ele>
      </trkpt>
      <trkpt lat="55.62046" lon="-3.02583">
        <ele>145.7</ele>
      </trkpt>
      <trkpt lat="55.62037" lon="-3.02435">
        <ele>145.2</ele>
      </trkpt>
      <trkpt lat="55.62028" lon="-3.02341">
        <ele>144.5</ele>
      </trkpt>
      <trkpt lat="55.62024" lon="-3.02313">
        <ele>144.4</ele>
      </trkpt>
      <trkpt lat="55.62" lon="-3.02259">
        <ele>146.4</ele>
      </trkpt>
      <trkpt lat="55.61993" lon="-3.02236">
        <ele>148.3</ele>
      </trkpt>
      <trkpt lat="55.61979" lon="-3.0217">
        <ele>151.0</ele>
      </trkpt>
      <trkpt lat="55.61973" lon="-3.0213">
        <ele>152.0</ele>
      </trkpt>
      <trkpt lat="55.61966" lon="-3.02046">
        <ele>151.6</ele>
      </trkpt>
      <trkpt lat="55.61962" lon="-3.0198">
        <ele>150.5</ele>
      </trkpt>
      <trkpt lat="55.61963" lon="-3.01935">
        <ele>149.0</ele>
      </trkpt>
      <trkpt lat="55.61966" lon="-3.0189">
        <ele>146.9</ele>
      </trkpt>
      <trkpt lat="55.61965" lon="-3.01869">
        <ele>146.6</ele>
      </trkpt>
      <trkpt lat="55.61961" lon="-3.01824">
        <ele>146.4</ele>
      </trkpt>
      <trkpt lat="55.61957" lon="-3.01803">
        <ele>146.1</ele>
      </trkpt>
      <trkpt lat="55.61937" lon="-3.01704">
        <ele>143.4</ele>
      </trkpt>
      <trkpt lat="55.61929" lon="-3.01647">
        <ele>140.6</ele>
      </trkpt>
      <trkpt lat="55.61902" lon="-3.01561">
        <ele>142.1</ele>
      </trkpt>
      <trkpt lat="55.61897" lon="-3.01513">
        <ele>141.0</ele>
      </trkpt>
      <trkpt lat="55.61895" lon="-3.01483">
        <ele>140.8</ele>
      </trkpt>
      <trkpt lat="55.61895" lon="-3.01466">
        <ele>140.5</ele>
      </trkpt>
      <trkpt lat="55.61901" lon="-3.0143">
        <ele>139.1</ele>
      </trkpt>
      <trkpt lat="55.61901" lon="-3.01407">
        <ele>138.8</ele>
      </trkpt>
      <trkpt lat="55.61899" lon="-3.01362">
        <ele>138.6</ele>
      </trkpt>
      <trkpt lat="55.61899" lon="-3.01312">
        <ele>138.7</ele>
      </trkpt>
      <trkpt lat="55.61902" lon="-3.01274">
        <ele>138.5</ele>
      </trkpt>
      <trkpt lat="55.61914" lon="-3.0119">
        <ele>138.6</ele>
      </trkpt>
      <trkpt lat="55.61924" lon="-3.01084">
        <ele>140.5</ele>
      </trkpt>
      <trkpt lat="55.61927" lon="-3.01064">
        <ele>140.8</ele>
      </trkpt>
      <trkpt lat="55.61929" lon="-3.01052">
        <ele>141.0</ele>
      </trkpt>
      <trkpt lat="55.61931" lon="-3.0103">
        <ele>141.4</ele>
      </trkpt>
      <trkpt lat="55.61939" lon="-3.00995">
        <ele>141.8</ele>
      </trkpt>
      <trkpt lat="55.61949" lon="-3.00962">
        <ele>141.8</ele>
      </trkpt>
      <trkpt lat="55.61962" lon="-3.00934">
        <ele>141.4</ele>
      </trkpt>
      <trkpt lat="55.61992" lon="-3.00867">
        <ele>140.3</ele>
      </trkpt>
      <trkpt lat="55.62021" lon="-3.00799">
        <ele>139.4</ele>
      </trkpt>
      <trkpt lat="55.62046" lon="-3.00731">
        <ele>139.0</ele>
      </trkpt>
      <trkpt lat="55.6207" lon="-3.00663">
        <ele>138.8</ele>
      </trkpt>
      <trkpt lat="55.621" lon="-3.00576">
        <ele>139.8</ele>
      </trkpt>
      <trkpt lat="55.62129" lon="-3.0049">
        <ele>138.8</ele>
      </trkpt>
      <trkpt lat="55.62153" lon="-3.00371">
        <ele>138.5</ele>
      </trkpt>
      <trkpt lat="55.62191" lon="-3.0024">
        <ele>140.9</ele>
      </trkpt>
      <trkpt lat="55.62216" lon="-3.0016">
        <ele>141.4</ele>
      </trkpt>
      <trkpt lat="55.62241" lon="-3.00079">
        <ele>145.2</ele>
      </trkpt>
      <trkpt lat="55.62273" lon="-3.00002">
        <ele>147.2</ele>
      </trkpt>
      <trkpt lat="55.62294" lon="-2.99952">
        <ele>152.7</ele>
      </trkpt>
      <trkpt lat="55.62317" lon="-2.99901">
        <ele>155.7</ele>
      </trkpt>
      <trkpt lat="55.62355" lon="-2.99837">
        <ele>155.8</ele>
      </trkpt>
      <trkpt lat="55.62403" lon="-2.99762">
        <ele>149.7</ele>
      </trkpt>
      <trkpt lat="55.62415" lon="-2.99738">
        <ele>147.3</ele>
      </trkpt>
      <trkpt lat="55.62436" lon="-2.99675">
        <ele>149.9</ele>
      </trkpt>
      <trkpt lat="55.62461" lon="-2.9959">
        <ele>152.3</ele>
      </trkpt>
      <trkpt lat="55.62475" lon="-2.99555">
        <ele>152.6</ele>
      </trkpt>
      <trkpt lat="55.62522" lon="-2.99473">
        <ele>150.9</ele>
      </trkpt>
      <trkpt lat="55.62542" lon="-2.9943">
        <ele>149.9</ele>
      </trkpt>
      <trkpt lat="55.62554" lon="-2.99396">
        <ele>149.4</ele>
      </trkpt>
      <trkpt lat="55.62575" lon="-2.99319">
        <ele>148.6</ele>
      </trkpt>
      <trkpt lat="55.62586" lon="-2.99234">
        <ele>147.7</ele>
      </trkpt>
      <trkpt lat="55.62594" lon="-2.99173">
        <ele>146.5</ele>
      </trkpt>
      <trkpt lat="55.62597" lon="-2.99117">
        <ele>145.1</ele>
      </trkpt>
      <trkpt lat="55.62594" lon="-2.99043">
        <ele>143.8</ele>
      </trkpt>
      <trkpt lat="55.62587" lon="-2.98968">
        <ele>143.6</ele>
      </trkpt>
      <trkpt lat="55.62592" lon="-2.98897">
        <ele>143.3</ele>
      </trkpt>
      <trkpt lat="55.626" lon="-2.98827">
        <ele>143.2</ele>
      </trkpt>
      <trkpt lat="55.62608" lon="-2.98742">
        <ele>142.9</ele>
      </trkpt>
      <trkpt lat="55.62608" lon="-2.98603">
        <ele>143.7</ele>
      </trkpt>
      <trkpt lat="55.62611" lon="-2.98486">
        <ele>141.9</ele>
      </trkpt>
      <trkpt lat="55.62615" lon="-2.98369">
        <ele>143.0</ele>
      </trkpt>
      <trkpt lat="55.62618" lon="-2.98252">
        <ele>145.2</ele>
      </trkpt>
      <trkpt lat="55.62613" lon="-2.98168">
        <ele>150.1</ele>
      </trkpt>
      <trkpt lat="55.62611" lon="-2.98145">
        <ele>152.7</ele>
      </trkpt>
      <trkpt lat="55.62621" lon="-2.98061">
        <ele>156.1</ele>
      </trkpt>
      <trkpt lat="55.6262" lon="-2.97989">
        <ele>161.9</ele>
      </trkpt>
      <trkpt lat="55.62637" lon="-2.97856">
        <ele>161.6</ele>
      </trkpt>
      <trkpt lat="55.62636" lon="-2.97784">
        <ele>163.1</ele>
      </trkpt>
      <trkpt lat="55.62618" lon="-2.97694">
        <ele>169.1</ele>
      </trkpt>
      <trkpt lat="55.62599" lon="-2.97587">
        <ele>171.8</ele>
      </trkpt>
      <trkpt lat="55.62579" lon="-2.97479">
        <ele>173.9</ele>
      </trkpt>
      <trkpt lat="55.62554" lon="-2.97354">
        <ele>177.3</ele>
      </trkpt>
      <trkpt lat="55.62529" lon="-2.97229">
        <ele>175.0</ele>
      </trkpt>
      <trkpt lat="55.62513" lon="-2.97101">
        <ele>169.7</ele>
      </trkpt>
      <trkpt lat="55.62496" lon="-2.96972">
        <ele>166.4</ele>
      </trkpt>
      <trkpt lat="55.62457" lon="-2.96858">
        <ele>167.7</ele>
      </trkpt>
      <trkpt lat="55.62435" lon="-2.96778">
        <ele>167.4</ele>
      </trkpt>
      <trkpt lat="55.62414" lon="-2.96698">
        <ele>167.3</ele>
      </trkpt>
      <trkpt lat="55.62372" lon="-2.96615">
        <ele>166.8</ele>
      </trkpt>
      <trkpt lat="55.6233" lon="-2.96536">
        <ele>165.5</ele>
      </trkpt>
      <trkpt lat="55.6227" lon="-2.96483">
        <ele>168.8</ele>
      </trkpt>
      <trkpt lat="55.62232" lon="-2.96462">
        <ele>172.7</ele>
      </trkpt>
      <trkpt lat="55.62214" lon="-2.96448">
        <ele>174.5</ele>
      </trkpt>
      <trkpt lat="55.62197" lon="-2.96426">
        <ele>175.0</ele>
      </trkpt>
      <trkpt lat="55.62177" lon="-2.96382">
        <ele>172.8</ele>
      </trkpt>
      <trkpt lat="55.62132" lon="-2.96306">
        <ele>170.8</ele>
      </trkpt>
      <trkpt lat="55.62123" lon="-2.96301">
        <ele>171.5</ele>
      </trkpt>
      <trkpt lat="55.62098" lon="-2.9629">
        <ele>173.5</ele>
      </trkpt>
      <trkpt lat="55.62058" lon="-2.96251">
        <ele>175.7</ele>
      </trkpt>
      <trkpt lat="55.62018" lon="-2.96212">
        <ele>176.9</ele>
      </trkpt>
      <trkpt lat="55.61986" lon="-2.96158">
        <ele>174.9</ele>
      </trkpt>
      <trkpt lat="55.61959" lon="-2.96121">
        <ele>177.4</ele>
      </trkpt>
      <trkpt lat="55.61911" lon="-2.96022">
        <ele>172.4</ele>
      </trkpt>
      <trkpt lat="55.61875" lon="-2.95962">
        <ele>176.3</ele>
      </trkpt>
      <trkpt lat="55.61831" lon="-2.95858">
        <ele>174.9</ele>
      </trkpt>
      <trkpt lat="55.61787" lon="-2.95754">
        <ele>174.9</ele>
      </trkpt>
      <trkpt lat="55.61743" lon="-2.95651">
        <ele>173.7</ele>
      </trkpt>
      <trkpt lat="55.61706" lon="-2.95551">
        <ele>170.5</ele>
      </trkpt>
      <trkpt lat="55.61668" lon="-2.95451">
        <ele>168.8</ele>
      </trkpt>
      <trkpt lat="55.61649" lon="-2.95399">
        <ele>167.5</ele>
      </trkpt>
      <trkpt lat="55.61637" lon="-2.95389">
        <ele>168.1</ele>
      </trkpt>
      <trkpt lat="55.6162" lon="-2.95387">
        <ele>169.5</ele>
      </trkpt>
      <trkpt lat="55.61591" lon="-2.95411">
        <ele>173.2</ele>
      </trkpt>
      <trkpt lat="55.61577" lon="-2.95412">
        <ele>175.5</ele>
      </trkpt>
      <trkpt lat="55.61564" lon="-2.95391">
        <ele>178.5</ele>
      </trkpt>
      <trkpt lat="55.61567" lon="-2.95355">
        <ele>177.3</ele>
      </trkpt>
      <trkpt lat="55.61578" lon="-2.95293">
        <ele>172.3</ele>
      </trkpt>
      <trkpt lat="55.61579" lon="-2.9527">
        <ele>172.0</ele>
      </trkpt>
      <trkpt lat="55.6156" lon="-2.95149">
        <ele>176.6</ele>
      </trkpt>
      <trkpt lat="55.61545" lon="-2.95036">
        <ele>174.0</ele>
      </trkpt>
      <trkpt lat="55.61523" lon="-2.94949">
        <ele>175.1</ele>
      </trkpt>
      <trkpt lat="55.61499" lon="-2.94865">
        <ele>175.1</ele>
      </trkpt>
      <trkpt lat="55.61479" lon="-2.94764">
        <ele>174.7</ele>
      </trkpt>
      <trkpt lat="55.61465" lon="-2.94683">
        <ele>173.1</ele>
      </trkpt>
      <trkpt lat="55.61451" lon="-2.94602">
        <ele>172.3</ele>
      </trkpt>
      <trkpt lat="55.61436" lon="-2.94525">
        <ele>171.1</ele>
      </trkpt>
      <trkpt lat="55.61421" lon="-2.94447">
        <ele>170.9</ele>
      </trkpt>
      <trkpt lat="55.6141" lon="-2.94408">
        <ele>172.8</ele>
      </trkpt>
      <trkpt lat="55.61401" lon="-2.94365">
        <ele>173.4</ele>
      </trkpt>
      <trkpt lat="55.61387" lon="-2.94255">
        <ele>175.6</ele>
      </trkpt>
      <trkpt lat="55.61372" lon="-2.94126">
        <ele>179.4</ele>
      </trkpt>
      <trkpt lat="55.61357" lon="-2.93997">
        <ele>182.6</ele>
      </trkpt>
      <trkpt lat="55.61351" lon="-2.93953">
        <ele>184.5</ele>
      </trkpt>
      <trkpt lat="55.61345" lon="-2.93902">
        <ele>185.5</ele>
      </trkpt>
      <trkpt lat="55.61339" lon="-2.93775">
        <ele>183.5</ele>
      </trkpt>
      <trkpt lat="55.61333" lon="-2.93649">
        <ele>181.6</ele>
      </trkpt>
      <trkpt lat="55.61326" lon="-2.93522">
        <ele>179.2</ele>
      </trkpt>
      <trkpt lat="55.6132" lon="-2.93395">
        <ele>178.0</ele>
      </trkpt>
      <trkpt lat="55.61319" lon="-2.93323">
        <ele>177.3</ele>
      </trkpt>
      <trkpt lat="55.61316" lon="-2.93305">
        <ele>177.6</ele>
      </trkpt>
      <trkpt lat="55.6131" lon="-2.93288">
        <ele>178.3</ele>
      </trkpt>
      <trkpt lat="55.61302" lon="-2.93281">
        <ele>179.0</ele>
      </trkpt>
      <trkpt lat="55.61286" lon="-2.93262">
        <ele>180.5</ele>
      </trkpt>
      <trkpt lat="55.61279" lon="-2.93249">
        <ele>181.2</ele>
      </trkpt>
      <trkpt lat="55.61281" lon="-2.93219">
        <ele>181.2</ele>
      </trkpt>
      <trkpt lat="55.61304" lon="-2.93121">
        <ele>179.8</ele>
      </trkpt>
      <trkpt lat="55.61327" lon="-2.93023">
        <ele>178.6</ele>
      </trkpt>
      <trkpt lat="55.61356" lon="-2.92946">
        <ele>171.3</ele>
      </trkpt>
      <trkpt lat="55.61385" lon="-2.92805">
        <ele>167.8</ele>
      </trkpt>
      <trkpt lat="55.61414" lon="-2.92665">
        <ele>166.6</ele>
      </trkpt>
      <trkpt lat="55.61418" lon="-2.92626">
        <ele>165.6</ele>
      </trkpt>
      <trkpt lat="55.6142" lon="-2.92559">
        <ele>164.7</ele>
      </trkpt>
      <trkpt lat="55.61418" lon="-2.92456">
        <ele>162.6</ele>
      </trkpt>
      <trkpt lat="55.61416" lon="-2.92431">
        <ele>161.9</ele>
      </trkpt>
      <trkpt lat="55.61406" lon="-2.9238">
        <ele>161.5</ele>
      </trkpt>
      <trkpt lat="55.61393" lon="-2.92313">
        <ele>160.2</ele>
      </trkpt>
      <trkpt lat="55.61381" lon="-2.92272">
        <ele>159.2</ele>
      </trkpt>
      <trkpt lat="55.61333" lon="-2.92141">
        <ele>156.9</ele>
      </trkpt>
      <trkpt lat="55.61301" lon="-2.92047">
        <ele>152.4</ele>
      </trkpt>
      <trkpt lat="55.61265" lon="-2.91949">
        <ele>150.2</ele>
      </trkpt>
      <trkpt lat="55.61244" lon="-2.91903">
        <ele>149.8</ele>
      </trkpt>
      <trkpt lat="55.61233" lon="-2.91858">
        <ele>148.5</ele>
      </trkpt>
      <trkpt lat="55.61218" lon="-2.91781">
        <ele>147.2</ele>
      </trkpt>
      <trkpt lat="55.61211" lon="-2.91752">
        <ele>147.2</ele>
      </trkpt>
      <trkpt lat="55.61204" lon="-2.91734">
        <ele>147.5</ele>
      </trkpt>
      <trkpt lat="55.61149" lon="-2.91642">
        <ele>152.3</ele>
      </trkpt>
      <trkpt lat="55.61117" lon="-2.91591">
        <ele>154.3</ele>
      </trkpt>
      <trkpt lat="55.61107" lon="-2.91579">
        <ele>154.9</ele>
      </trkpt>
      <trkpt lat="55.6109" lon="-2.91566">
        <ele>156.0</ele>
      </trkpt>
      <trkpt lat="55.61044" lon="-2.91539">
        <ele>156.8</ele>
      </trkpt>
      <trkpt lat="55.60999" lon="-2.91512">
        <ele>156.6</ele>
      </trkpt>
      <trkpt lat="55.60932" lon="-2.91483">
        <ele>157.9</ele>
      </trkpt>
      <trkpt lat="55.60916" lon="-2.91464">
        <ele>158.2</ele>
      </trkpt>
      <trkpt lat="55.60873" lon="-2.91368">
        <ele>161.1</ele>
      </trkpt>
      <trkpt lat="55.60831" lon="-2.91271">
        <ele>165.0</ele>
      </trkpt>
      <trkpt lat="55.60788" lon="-2.91174">
        <ele>164.7</ele>
      </trkpt>
      <trkpt lat="55.60756" lon="-2.91105">
        <ele>165.3</ele>
      </trkpt>
      <trkpt lat="55.60725" lon="-2.91035">
        <ele>165.1</ele>
      </trkpt>
      <trkpt lat="55.60679" lon="-2.90938">
        <ele>165.3</ele>
      </trkpt>
      <trkpt lat="55.60632" lon="-2.9084">
        <ele>164.3</ele>
      </trkpt>
      <trkpt lat="55.6061" lon="-2.90811">
        <ele>164.2</ele>
      </trkpt>
      <trkpt lat="55.60589" lon="-2.90774">
        <ele>163.2</ele>
      </trkpt>
      <trkpt lat="55.60543" lon="-2.90747">
        <ele>161.8</ele>
      </trkpt>
      <trkpt lat="55.60514" lon="-2.90726">
        <ele>160.5</ele>
      </trkpt>
      <trkpt lat="55.60502" lon="-2.90713">
        <ele>159.8</ele>
      </trkpt>
      <trkpt lat="55.605" lon="-2.90693">
        <ele>158.6</ele>
      </trkpt>
      <trkpt lat="55.60501" lon="-2.90669">
        <ele>157.1</ele>
      </trkpt>
      <trkpt lat="55.60519" lon="-2.90546">
        <ele>150.6</ele>
      </trkpt>
      <trkpt lat="55.60537" lon="-2.90423">
        <ele>146.3</ele>
      </trkpt>
      <trkpt lat="55.60552" lon="-2.90288">
        <ele>143.1</ele>
      </trkpt>
      <trkpt lat="55.60568" lon="-2.90153">
        <ele>140.0</ele>
      </trkpt>
      <trkpt lat="55.60561" lon="-2.9003">
        <ele>135.3</ele>
      </trkpt>
      <trkpt lat="55.60553" lon="-2.89917">
        <ele>133.1</ele>
      </trkpt>
      <trkpt lat="55.60545" lon="-2.89804">
        <ele>131.6</ele>
      </trkpt>
      <trkpt lat="55.60537" lon="-2.89707">
        <ele>130.1</ele>
      </trkpt>
      <trkpt lat="55.60529" lon="-2.89624">
        <ele>128.4</ele>
      </trkpt>
      <trkpt lat="55.60526" lon="-2.89601">
        <ele>128.0</ele>
      </trkpt>
      <trkpt lat="55.60523" lon="-2.89582">
        <ele>127.7</ele>
      </trkpt>
      <trkpt lat="55.6052" lon="-2.89553">
        <ele>126.9</ele>
      </trkpt>
      <trkpt lat="55.60518" lon="-2.89501">
        <ele>124.9</ele>
      </trkpt>
      <trkpt lat="55.6052" lon="-2.89453">
        <ele>124.9</ele>
      </trkpt>
      <trkpt lat="55.60524" lon="-2.89398">
        <ele>124.7</ele>
      </trkpt>
      <trkpt lat="55.60527" lon="-2.89375">
        <ele>124.4</ele>
      </trkpt>
      <trkpt lat="55.60536" lon="-2.89326">
        <ele>123.8</ele>
      </trkpt>
      <trkpt lat="55.60541" lon="-2.89303">
        <ele>123.2</ele>
      </trkpt>
      <trkpt lat="55.60549" lon="-2.8928">
        <ele>122.5</ele>
      </trkpt>
      <trkpt lat="55.60556" lon="-2.89268">
        <ele>122.1</ele>
      </trkpt>
      <trkpt lat="55.60564" lon="-2.89261">
        <ele>121.7</ele>
      </trkpt>
      <trkpt lat="55.60574" lon="-2.89257">
        <ele>121.4</ele>
      </trkpt>
      <trkpt lat="55.60622" lon="-2.89249">
        <ele>126.1</ele>
      </trkpt>
      <trkpt lat="55.60632" lon="-2.89248">
        <ele>127.5</ele>
      </trkpt>
      <trkpt lat="55.60639" lon="-2.89157">
        <ele>129.8</ele>
      </trkpt>
      <trkpt lat="55.60639" lon="-2.89089">
        <ele>131.0</ele>
      </trkpt>
      <trkpt lat="55.60641" lon="-2.89053">
        <ele>131.7</ele>
      </trkpt>
      <trkpt lat="55.60643" lon="-2.89038">
        <ele>132.3</ele>
      </trkpt>
      <trkpt lat="55.60641" lon="-2.89014">
        <ele>132.2</ele>
      </trkpt>
      <trkpt lat="55.60616" lon="-2.88874">
        <ele>130.6</ele>
      </trkpt>
      <trkpt lat="55.60601" lon="-2.88775">
        <ele>129.3</ele>
      </trkpt>
      <trkpt lat="55.60587" lon="-2.88677">
        <ele>128.5</ele>
      </trkpt>
      <trkpt lat="55.60572" lon="-2.88534">
        <ele>128.4</ele>
      </trkpt>
      <trkpt lat="55.60564" lon="-2.88428">
        <ele>127.7</ele>
      </trkpt>
      <trkpt lat="55.60555" lon="-2.88322">
        <ele>126.7</ele>
      </trkpt>
      <trkpt lat="55.60538" lon="-2.88207">
        <ele>125.2</ele>
      </trkpt>
      <trkpt lat="55.60521" lon="-2.88092">
        <ele>124.6</ele>
      </trkpt>
      <trkpt lat="55.605" lon="-2.87957">
        <ele>123.0</ele>
      </trkpt>
      <trkpt lat="55.60496" lon="-2.87917">
        <ele>122.7</ele>
      </trkpt>
      <trkpt lat="55.60495" lon="-2.87884">
        <ele>123.1</ele>
      </trkpt>
      <trkpt lat="55.60503" lon="-2.87828">
        <ele>124.4</ele>
      </trkpt>
      <trkpt lat="55.60526" lon="-2.87734">
        <ele>126.6</ele>
      </trkpt>
      <trkpt lat="55.60533" lon="-2.87703">
        <ele>126.9</ele>
      </trkpt>
      <trkpt lat="55.60533" lon="-2.87692">
        <ele>126.9</ele>
      </trkpt>
      <trkpt lat="55.60533" lon="-2.87682">
        <ele>126.7</ele>
      </trkpt>
      <trkpt lat="55.60531" lon="-2.87673">
        <ele>126.4</ele>
      </trkpt>
      <trkpt lat="55.60528" lon="-2.87665">
        <ele>126.3</ele>
      </trkpt>
      <trkpt lat="55.60523" lon="-2.87659">
        <ele>126.6</ele>
      </trkpt>
      <trkpt lat="55.60476" lon="-2.87629">
        <ele>125.8</ele>
      </trkpt>
      <trkpt lat="55.6043" lon="-2.87599">
        <ele>123.6</ele>
      </trkpt>
      <trkpt lat="55.60403" lon="-2.87576">
        <ele>122.7</ele>
      </trkpt>
      <trkpt lat="55.60374" lon="-2.87543">
        <ele>122.1</ele>
      </trkpt>
      <trkpt lat="55.60363" lon="-2.87523">
        <ele>121.8</ele>
      </trkpt>
      <trkpt lat="55.60356" lon="-2.87505">
        <ele>121.6</ele>
      </trkpt>
      <trkpt lat="55.60329" lon="-2.87428">
        <ele>122.3</ele>
      </trkpt>
      <trkpt lat="55.60303" lon="-2.87351">
        <ele>123.8</ele>
      </trkpt>
      <trkpt lat="55.60273" lon="-2.87267">
        <ele>124.4</ele>
      </trkpt>
      <trkpt lat="55.60243" lon="-2.87183">
        <ele>123.6</ele>
      </trkpt>
      <trkpt lat="55.60207" lon="-2.87106">
        <ele>128.2</ele>
      </trkpt>
      <trkpt lat="55.60172" lon="-2.8703">
        <ele>127.4</ele>
      </trkpt>
      <trkpt lat="55.60152" lon="-2.86992">
        <ele>128.0</ele>
      </trkpt>
      <trkpt lat="55.60122" lon="-2.86943">
        <ele>132.6</ele>
      </trkpt>
      <trkpt lat="55.60081" lon="-2.86869">
        <ele>133.3</ele>
      </trkpt>
      <trkpt lat="55.60042" lon="-2.86805">
        <ele>136.0</ele>
      </trkpt>
      <trkpt lat="55.60004" lon="-2.86742">
        <ele>140.0</ele>
      </trkpt>
      <trkpt lat="55.59979" lon="-2.86704">
        <ele>142.3</ele>
      </trkpt>
      <trkpt lat="55.59914" lon="-2.86637">
        <ele>142.3</ele>
      </trkpt>
      <trkpt lat="55.59896" lon="-2.86625">
        <ele>143.5</ele>
      </trkpt>
      <trkpt lat="55.59814" lon="-2.86584">
        <ele>141.7</ele>
      </trkpt>
      <trkpt lat="55.59754" lon="-2.86576">
        <ele>134.1</ele>
      </trkpt>
      <trkpt lat="55.59667" lon="-2.86585">
        <ele>129.8</ele>
      </trkpt>
      <trkpt lat="55.59621" lon="-2.86583">
        <ele>130.1</ele>
      </trkpt>
      <trkpt lat="55.59594" lon="-2.86585">
        <ele>129.8</ele>
      </trkpt>
      <trkpt lat="55.59573" lon="-2.86592">
        <ele>128.8</ele>
      </trkpt>
      <trkpt lat="55.59499" lon="-2.8662">
        <ele>124.7</ele>
      </trkpt>
      <trkpt lat="55.59425" lon="-2.86646">
        <ele>119.9</ele>
      </trkpt>
      <trkpt lat="55.59351" lon="-2.86671">
        <ele>121.8</ele>
      </trkpt>
      <trkpt lat="55.59278" lon="-2.86697">
        <ele>125.4</ele>
      </trkpt>
      <trkpt lat="55.59204" lon="-2.86723">
        <ele>126.2</ele>
      </trkpt>
      <trkpt lat="55.59175" lon="-2.86734">
        <ele>125.5</ele>
      </trkpt>
      <trkpt lat="55.5914" lon="-2.86752">
        <ele>123.8</ele>
      </trkpt>
      <trkpt lat="55.59072" lon="-2.868">
        <ele>118.4</ele>
      </trkpt>
      <trkpt lat="55.59003" lon="-2.86849">
        <ele>115.7</ele>
      </trkpt>
      <trkpt lat="55.58947" lon="-2.86886">
        <ele>119.3</ele>
      </trkpt>
      <trkpt lat="55.5891" lon="-2.86902">
        <ele>120.5</ele>
      </trkpt>
      <trkpt lat="55.58888" lon="-2.86907">
        <ele>120.6</ele>
      </trkpt>
      <trkpt lat="55.58856" lon="-2.86901">
        <ele>119.5</ele>
      </trkpt>
      <trkpt lat="55.5884" lon="-2.86892">
        <ele>118.2</ele>
      </trkpt>
      <trkpt lat="55.58819" lon="-2.86873">
        <ele>116.0</ele>
      </trkpt>
      <trkpt lat="55.58795" lon="-2.86856">
        <ele>114.5</ele>
      </trkpt>
      <trkpt lat="55.58772" lon="-2.86831">
        <ele>112.5</ele>
      </trkpt>
      <trkpt lat="55.58747" lon="-2.86812">
        <ele>113.5</ele>
      </trkpt>
      <trkpt lat="55.5872" lon="-2.8678">
        <ele>114.2</ele>
      </trkpt>
      <trkpt lat="55.58705" lon="-2.86762">
        <ele>114.3</ele>
      </trkpt>
      <trkpt lat="55.58686" lon="-2.86731">
        <ele>114.4</ele>
      </trkpt>
      <trkpt lat="55.58663" lon="-2.86688">
        <ele>114.0</ele>
      </trkpt>
      <trkpt lat="55.58613" lon="-2.86563">
        <ele>118.2</ele>
      </trkpt>
      <trkpt lat="55.58557" lon="-2.86468">
        <ele>116.2</ele>
      </trkpt>
      <trkpt lat="55.58533" lon="-2.86387">
        <ele>115.5</ele>
      </trkpt>
      <trkpt lat="55.58521" lon="-2.86347">
        <ele>115.4</ele>
      </trkpt>
      <trkpt lat="55.58479" lon="-2.86232">
        <ele>112.4</ele>
      </trkpt>
      <trkpt lat="55.58457" lon="-2.8618">
        <ele>110.8</ele>
      </trkpt>
      <trkpt lat="55.58435" lon="-2.86141">
        <ele>109.7</ele>
      </trkpt>
      <trkpt lat="55.58422" lon="-2.86122">
        <ele>109.2</ele>
      </trkpt>
      <trkpt lat="55.58412" lon="-2.86113">
        <ele>109.6</ele>
      </trkpt>
      <trkpt lat="55.58413" lon="-2.86101">
        <ele>109.5</ele>
      </trkpt>
      <trkpt lat="55.58406" lon="-2.86048">
        <ele>109.6</ele>
      </trkpt>
      <trkpt lat="55.58399" lon="-2.86015">
        <ele>109.4</ele>
      </trkpt>
      <trkpt lat="55.58394" lon="-2.86004">
        <ele>109.4</ele>
      </trkpt>
      <trkpt lat="55.58374" lon="-2.85967">
        <ele>110.5</ele>
      </trkpt>
      <trkpt lat="55.58367" lon="-2.85951">
        <ele>110.9</ele>
      </trkpt>
      <trkpt lat="55.58362" lon="-2.85926">
        <ele>111.0</ele>
      </trkpt>
      <trkpt lat="55.58354" lon="-2.85842">
        <ele>110.8</ele>
      </trkpt>
      <trkpt lat="55.58352" lon="-2.85812">
        <ele>110.6</ele>
      </trkpt>
      <trkpt lat="55.5835" lon="-2.85781">
        <ele>110.3</ele>
      </trkpt>
      <trkpt lat="55.58342" lon="-2.85729">
        <ele>109.8</ele>
      </trkpt>
      <trkpt lat="55.58338" lon="-2.85688">
        <ele>109.3</ele>
      </trkpt>
      <trkpt lat="55.58336" lon="-2.85587">
        <ele>109.1</ele>
      </trkpt>
      <trkpt lat="55.58331" lon="-2.85515">
        <ele>108.5</ele>
      </trkpt>
      <trkpt lat="55.58335" lon="-2.85502">
        <ele>108.1</ele>
      </trkpt>
      <trkpt lat="55.58345" lon="-2.85488">
        <ele>108.6</ele>
      </trkpt>
      <trkpt lat="55.58357" lon="-2.85479">
        <ele>109.3</ele>
      </trkpt>
      <trkpt lat="55.58373" lon="-2.85479">
        <ele>110.3</ele>
      </trkpt>
      <trkpt lat="55.58393" lon="-2.85482">
        <ele>111.5</ele>
      </trkpt>
      <trkpt lat="55.58402" lon="-2.8548">
        <ele>112.1</ele>
      </trkpt>
      <trkpt lat="55.58408" lon="-2.85472">
        <ele>112.4</ele>
      </trkpt>
      <trkpt lat="55.58411" lon="-2.85461">
        <ele>112.6</ele>
      </trkpt>
      <trkpt lat="55.58416" lon="-2.8543">
        <ele>112.9</ele>
      </trkpt>
      <trkpt lat="55.5842" lon="-2.85359">
        <ele>113.4</ele>
      </trkpt>
      <trkpt lat="55.58425" lon="-2.85333">
        <ele>113.9</ele>
      </trkpt>
      <trkpt lat="55.58435" lon="-2.85317">
        <ele>114.8</ele>
      </trkpt>
      <trkpt lat="55.5848" lon="-2.85266">
        <ele>120.3</ele>
      </trkpt>
      <trkpt lat="55.58516" lon="-2.85222">
        <ele>126.8</ele>
      </trkpt>
      <trkpt lat="55.58525" lon="-2.85181">
        <ele>129.5</ele>
      </trkpt>
      <trkpt lat="55.58527" lon="-2.85144">
        <ele>129.9</ele>
      </trkpt>
      <trkpt lat="55.58548" lon="-2.85069">
        <ele>133.6</ele>
      </trkpt>
      <trkpt lat="55.58557" lon="-2.85027">
        <ele>134.8</ele>
      </trkpt>
      <trkpt lat="55.58562" lon="-2.84996">
        <ele>135.5</ele>
      </trkpt>
      <trkpt lat="55.58558" lon="-2.84926">
        <ele>134.6</ele>
      </trkpt>
      <trkpt lat="55.58563" lon="-2.84901">
        <ele>135.7</ele>
      </trkpt>
      <trkpt lat="55.58567" lon="-2.84877">
        <ele>136.4</ele>
      </trkpt>
      <trkpt lat="55.58573" lon="-2.84845">
        <ele>137.8</ele>
      </trkpt>
      <trkpt lat="55.58578" lon="-2.8481">
        <ele>138.8</ele>
      </trkpt>
      <trkpt lat="55.58582" lon="-2.84752">
        <ele>139.8</ele>
      </trkpt>
      <trkpt lat="55.58582" lon="-2.84667">
        <ele>139.7</ele>
      </trkpt>
      <trkpt lat="55.58581" lon="-2.84582">
        <ele>140.6</ele>
      </trkpt>
      <trkpt lat="55.58578" lon="-2.84489">
        <ele>141.0</ele>
      </trkpt>
      <trkpt lat="55.58575" lon="-2.84397">
        <ele>140.4</ele>
      </trkpt>
      <trkpt lat="55.58573" lon="-2.84318">
        <ele>140.2</ele>
      </trkpt>
      <trkpt lat="55.58568" lon="-2.84214">
        <ele>140.2</ele>
      </trkpt>
      <trkpt lat="55.58567" lon="-2.84121">
        <ele>143.2</ele>
      </trkpt>
      <trkpt lat="55.58566" lon="-2.84105">
        <ele>143.8</ele>
      </trkpt>
      <trkpt lat="55.58562" lon="-2.84085">
        <ele>144.4</ele>
      </trkpt>
      <trkpt lat="55.58557" lon="-2.84066">
        <ele>144.7</ele>
      </trkpt>
      <trkpt lat="55.58529" lon="-2.84012">
        <ele>144.5</ele>
      </trkpt>
      <trkpt lat="55.58482" lon="-2.83915">
        <ele>144.7</ele>
      </trkpt>
      <trkpt lat="55.58455" lon="-2.83829">
        <ele>145.6</ele>
      </trkpt>
      <trkpt lat="55.58427" lon="-2.83742">
        <ele>146.9</ele>
      </trkpt>
      <trkpt lat="55.58407" lon="-2.8368">
        <ele>147.6</ele>
      </trkpt>
      <trkpt lat="55.58394" lon="-2.83605">
        <ele>149.5</ele>
      </trkpt>
      <trkpt lat="55.58357" lon="-2.83519">
        <ele>148.6</ele>
      </trkpt>
      <trkpt lat="55.5832" lon="-2.83432">
        <ele>146.8</ele>
      </trkpt>
      <trkpt lat="55.58305" lon="-2.83376">
        <ele>147.0</ele>
      </trkpt>
      <trkpt lat="55.58283" lon="-2.83272">
        <ele>147.9</ele>
      </trkpt>
      <trkpt lat="55.58261" lon="-2.83167">
        <ele>146.8</ele>
      </trkpt>
      <trkpt lat="55.58243" lon="-2.83099">
        <ele>143.7</ele>
      </trkpt>
      <trkpt lat="55.58209" lon="-2.82976">
        <ele>139.8</ele>
      </trkpt>
      <trkpt lat="55.58203" lon="-2.82947">
        <ele>139.0</ele>
      </trkpt>
      <trkpt lat="55.58196" lon="-2.82908">
        <ele>138.7</ele>
      </trkpt>
      <trkpt lat="55.58192" lon="-2.82863">
        <ele>139.6</ele>
      </trkpt>
      <trkpt lat="55.58186" lon="-2.82775">
        <ele>140.7</ele>
      </trkpt>
      <trkpt lat="55.58177" lon="-2.82656">
        <ele>141.9</ele>
      </trkpt>
      <trkpt lat="55.58174" lon="-2.8262">
        <ele>141.6</ele>
      </trkpt>
      <trkpt lat="55.58173" lon="-2.82596">
        <ele>141.5</ele>
      </trkpt>
      <trkpt lat="55.58175" lon="-2.82563">
        <ele>141.3</ele>
      </trkpt>
      <trkpt lat="55.5818" lon="-2.82517">
        <ele>140.9</ele>
      </trkpt>
      <trkpt lat="55.58187" lon="-2.82467">
        <ele>139.9</ele>
      </trkpt>
      <trkpt lat="55.5819" lon="-2.82442">
        <ele>139.2</ele>
      </trkpt>
      <trkpt lat="55.58191" lon="-2.82401">
        <ele>137.9</ele>
      </trkpt>
      <trkpt lat="55.5819" lon="-2.82373">
        <ele>136.8</ele>
      </trkpt>
      <trkpt lat="55.58178" lon="-2.82277">
        <ele>133.9</ele>
      </trkpt>
      <trkpt lat="55.58168" lon="-2.82237">
        <ele>132.8</ele>
      </trkpt>
      <trkpt lat="55.58164" lon="-2.82214">
        <ele>131.8</ele>
      </trkpt>
      <trkpt lat="55.58163" lon="-2.82199">
        <ele>131.3</ele>
      </trkpt>
      <trkpt lat="55.58165" lon="-2.82184">
        <ele>131.2</ele>
      </trkpt>
      <trkpt lat="55.58176" lon="-2.82153">
        <ele>131.0</ele>
      </trkpt>
      <trkpt lat="55.58201" lon="-2.82101">
        <ele>130.6</ele>
      </trkpt>
      <trkpt lat="55.58204" lon="-2.82089">
        <ele>130.5</ele>
      </trkpt>
      <trkpt lat="55.58206" lon="-2.82078">
        <ele>130.2</ele>
      </trkpt>
      <trkpt lat="55.58206" lon="-2.82067">
        <ele>129.9</ele>
      </trkpt>
      <trkpt lat="55.582" lon="-2.82011">
        <ele>128.1</ele>
      </trkpt>
      <trkpt lat="55.58199" lon="-2.82">
        <ele>127.8</ele>
      </trkpt>
      <trkpt lat="55.58199" lon="-2.81965">
        <ele>126.4</ele>
      </trkpt>
      <trkpt lat="55.58198" lon="-2.81944">
        <ele>125.5</ele>
      </trkpt>
      <trkpt lat="55.58196" lon="-2.81929">
        <ele>124.8</ele>
      </trkpt>
      <trkpt lat="55.58192" lon="-2.8191">
        <ele>124.1</ele>
      </trkpt>
      <trkpt lat="55.58176" lon="-2.81846">
        <ele>121.5</ele>
      </trkpt>
      <trkpt lat="55.58145" lon="-2.81735">
        <ele>118.3</ele>
      </trkpt>
      <trkpt lat="55.58123" lon="-2.8165">
        <ele>114.5</ele>
      </trkpt>
      <trkpt lat="55.58118" lon="-2.81627">
        <ele>113.8</ele>
      </trkpt>
      <trkpt lat="55.58117" lon="-2.81612">
        <ele>113.4</ele>
      </trkpt>
      <trkpt lat="55.58117" lon="-2.81596">
        <ele>113.1</ele>
      </trkpt>
      <trkpt lat="55.58118" lon="-2.81588">
        <ele>113.0</ele>
      </trkpt>
      <trkpt lat="55.58129" lon="-2.81505">
        <ele>111.5</ele>
      </trkpt>
      <trkpt lat="55.58134" lon="-2.81467">
        <ele>110.6</ele>
      </trkpt>
      <trkpt lat="55.58141" lon="-2.81393">
        <ele>108.0</ele>
      </trkpt>
      <trkpt lat="55.58143" lon="-2.81385">
        <ele>107.7</ele>
      </trkpt>
      <trkpt lat="55.58147" lon="-2.81374">
        <ele>107.4</ele>
      </trkpt>
      <trkpt lat="55.58154" lon="-2.8135">
        <ele>106.4</ele>
      </trkpt>
      <trkpt lat="55.58174" lon="-2.81323">
        <ele>106.0</ele>
      </trkpt>
      <trkpt lat="55.58213" lon="-2.81275">
        <ele>105.7</ele>
      </trkpt>
      <trkpt lat="55.58254" lon="-2.81229">
        <ele>104.8</ele>
      </trkpt>
      <trkpt lat="55.58295" lon="-2.81183">
        <ele>102.4</ele>
      </trkpt>
      <trkpt lat="55.58326" lon="-2.81147">
        <ele>101.9</ele>
      </trkpt>
      <trkpt lat="55.58346" lon="-2.81125">
        <ele>101.9</ele>
      </trkpt>
      <trkpt lat="55.58351" lon="-2.81123">
        <ele>101.9</ele>
      </trkpt>
      <trkpt lat="55.58379" lon="-2.8113">
        <ele>101.8</ele>
      </trkpt>
      <trkpt lat="55.58395" lon="-2.81133">
        <ele>101.7</ele>
      </trkpt>
      <trkpt lat="55.58427" lon="-2.81135">
        <ele>101.5</ele>
      </trkpt>
      <trkpt lat="55.5848" lon="-2.81127">
        <ele>100.8</ele>
      </trkpt>
      <trkpt lat="55.58511" lon="-2.81119">
        <ele>100.8</ele>
      </trkpt>
      <trkpt lat="55.58523" lon="-2.81114">
        <ele>101.0</ele>
      </trkpt>
      <trkpt lat="55.58533" lon="-2.8111">
        <ele>101.2</ele>
      </trkpt>
      <trkpt lat="55.58559" lon="-2.81103">
        <ele>101.8</ele>
      </trkpt>
      <trkpt lat="55.58565" lon="-2.81106">
        <ele>102.1</ele>
      </trkpt>
      <trkpt lat="55.5857" lon="-2.81106">
        <ele>102.2</ele>
      </trkpt>
      <trkpt lat="55.58602" lon="-2.81072">
        <ele>103.5</ele>
      </trkpt>
      <trkpt lat="55.5864" lon="-2.81037">
        <ele>105.5</ele>
      </trkpt>
      <trkpt lat="55.58657" lon="-2.81018">
        <ele>106.1</ele>
      </trkpt>
      <trkpt lat="55.58668" lon="-2.81001">
        <ele>106.3</ele>
      </trkpt>
      <trkpt lat="55.58689" lon="-2.80966">
        <ele>108.0</ele>
      </trkpt>
      <trkpt lat="55.58718" lon="-2.80914">
        <ele>109.5</ele>
      </trkpt>
      <trkpt lat="55.58752" lon="-2.80843">
        <ele>109.0</ele>
      </trkpt>
      <trkpt lat="55.58758" lon="-2.80828">
        <ele>109.3</ele>
      </trkpt>
      <trkpt lat="55.58774" lon="-2.80781">
        <ele>109.7</ele>
      </trkpt>
      <trkpt lat="55.58786" lon="-2.80749">
        <ele>109.8</ele>
      </trkpt>
      <trkpt lat="55.58843" lon="-2.80635">
        <ele>108.8</ele>
      </trkpt>
      <trkpt lat="55.58863" lon="-2.806">
        <ele>110.7</ele>
      </trkpt>
      <trkpt lat="55.58928" lon="-2.80493">
        <ele>110.0</ele>
      </trkpt>
      <trkpt lat="55.58973" lon="-2.80435">
        <ele>116.9</ele>
      </trkpt>
      <trkpt lat="55.59006" lon="-2.80379">
        <ele>117.1</ele>
      </trkpt>
      <trkpt lat="55.59039" lon="-2.80324">
        <ele>119.2</ele>
      </trkpt>
      <trkpt lat="55.59049" lon="-2.80308">
        <ele>120.4</ele>
      </trkpt>
      <trkpt lat="55.59067" lon="-2.80248">
        <ele>118.2</ele>
      </trkpt>
      <trkpt lat="55.59082" lon="-2.80201">
        <ele>114.4</ele>
      </trkpt>
      <trkpt lat="55.59098" lon="-2.80153">
        <ele>114.6</ele>
      </trkpt>
      <trkpt lat="55.59102" lon="-2.80141">
        <ele>115.1</ele>
      </trkpt>
      <trkpt lat="55.59111" lon="-2.80101">
        <ele>115.1</ele>
      </trkpt>
      <trkpt lat="55.5913" lon="-2.80038">
        <ele>114.3</ele>
      </trkpt>
      <trkpt lat="55.59174" lon="-2.7991">
        <ele>111.0</ele>
      </trkpt>
      <trkpt lat="55.59177" lon="-2.79897">
        <ele>110.6</ele>
      </trkpt>
      <trkpt lat="55.59179" lon="-2.79877">
        <ele>109.3</ele>
      </trkpt>
      <trkpt lat="55.59181" lon="-2.79867">
        <ele>108.9</ele>
      </trkpt>
      <trkpt lat="55.59195" lon="-2.79823">
        <ele>108.0</ele>
      </trkpt>
      <trkpt lat="55.59214" lon="-2.79754">
        <ele>107.2</ele>
      </trkpt>
      <trkpt lat="55.59231" lon="-2.79696">
        <ele>105.2</ele>
      </trkpt>
      <trkpt lat="55.5926" lon="-2.79622">
        <ele>104.3</ele>
      </trkpt>
      <trkpt lat="55.59288" lon="-2.79548">
        <ele>105.2</ele>
      </trkpt>
      <trkpt lat="55.59332" lon="-2.7944">
        <ele>104.8</ele>
      </trkpt>
      <trkpt lat="55.59376" lon="-2.79332">
        <ele>104.6</ele>
      </trkpt>
      <trkpt lat="55.59393" lon="-2.79302">
        <ele>106.1</ele>
      </trkpt>
      <trkpt lat="55.5944" lon="-2.79229">
        <ele>107.6</ele>
      </trkpt>
      <trkpt lat="55.59486" lon="-2.79175">
        <ele>107.2</ele>
      </trkpt>
      <trkpt lat="55.59537" lon="-2.79127">
        <ele>109.6</ele>
      </trkpt>
      <trkpt lat="55.59587" lon="-2.7908">
        <ele>108.5</ele>
      </trkpt>
      <trkpt lat="55.59656" lon="-2.79019">
        <ele>100.6</ele>
      </trkpt>
      <trkpt lat="55.59738" lon="-2.78994">
        <ele>98.9</ele>
      </trkpt>
      <trkpt lat="55.5982" lon="-2.78968">
        <ele>99.4</ele>
      </trkpt>
      <trkpt lat="55.59842" lon="-2.78946">
        <ele>100.1</ele>
      </trkpt>
      <trkpt lat="55.5988" lon="-2.78902">
        <ele>101.9</ele>
      </trkpt>
      <trkpt lat="55.5993" lon="-2.78839">
        <ele>102.1</ele>
      </trkpt>
      <trkpt lat="55.59979" lon="-2.78777">
        <ele>103.9</ele>
      </trkpt>
      <trkpt lat="55.6002" lon="-2.78714">
        <ele>105.8</ele>
      </trkpt>
      <trkpt lat="55.60061" lon="-2.78652">
        <ele>107.3</ele>
      </trkpt>
      <trkpt lat="55.60101" lon="-2.78574">
        <ele>107.5</ele>
      </trkpt>
      <trkpt lat="55.60148" lon="-2.78471">
        <ele>107.0</ele>
      </trkpt>
      <trkpt lat="55.60205" lon="-2.7837">
        <ele>105.6</ele>
      </trkpt>
      <trkpt lat="55.60261" lon="-2.78268">
        <ele>105.6</ele>
      </trkpt>
      <trkpt lat="55.6031" lon="-2.78186">
        <ele>105.2</ele>
      </trkpt>
      <trkpt lat="55.60358" lon="-2.78103">
        <ele>102.0</ele>
      </trkpt>
      <trkpt lat="55.60407" lon="-2.7802">
        <ele>97.5</ele>
      </trkpt>
      <trkpt lat="55.60419" lon="-2.78016">
        <ele>97.5</ele>
      </trkpt>
      <trkpt lat="55.60429" lon="-2.78015">
        <ele>97.3</ele>
      </trkpt>
      <trkpt lat="55.6043" lon="-2.78021">
        <ele>97.9</ele>
      </trkpt>
      <trkpt lat="55.60432" lon="-2.78024">
        <ele>98.2</ele>
      </trkpt>
      <trkpt lat="55.60436" lon="-2.78028">
        <ele>98.5</ele>
      </trkpt>
      <trkpt lat="55.60438" lon="-2.78028">
        <ele>98.5</ele>
      </trkpt>
      <trkpt lat="55.60443" lon="-2.78026">
        <ele>98.3</ele>
      </trkpt>
      <trkpt lat="55.60446" lon="-2.78021">
        <ele>97.8</ele>
      </trkpt>
      <trkpt lat="55.60448" lon="-2.78013">
        <ele>97.1</ele>
      </trkpt>
      <trkpt lat="55.60447" lon="-2.78005">
        <ele>96.4</ele>
      </trkpt>
      <trkpt lat="55.60446" lon="-2.78">
        <ele>96.0</ele>
      </trkpt>
      <trkpt lat="55.60475" lon="-2.77951">
        <ele>96.2</ele>
      </trkpt>
      <trkpt lat="55.60535" lon="-2.77904">
        <ele>95.6</ele>
      </trkpt>
      <trkpt lat="55.60608" lon="-2.77876">
        <ele>96.2</ele>
      </trkpt>
      <trkpt lat="55.60628" lon="-2.77865">
        <ele>97.0</ele>
      </trkpt>
      <trkpt lat="55.6065" lon="-2.77843">
        <ele>98.2</ele>
      </trkpt>
      <trkpt lat="55.6067" lon="-2.7781">
        <ele>99.0</ele>
      </trkpt>
      <trkpt lat="55.6071" lon="-2.77732">
        <ele>99.0</ele>
      </trkpt>
      <trkpt lat="55.60736" lon="-2.77685">
        <ele>99.5</ele>
      </trkpt>
      <trkpt lat="55.60757" lon="-2.77646">
        <ele>100.4</ele>
      </trkpt>
      <trkpt lat="55.60815" lon="-2.77543">
        <ele>104.3</ele>
      </trkpt>
      <trkpt lat="55.60873" lon="-2.7744">
        <ele>106.4</ele>
      </trkpt>
      <trkpt lat="55.60867" lon="-2.77429">
        <ele>105.6</ele>
      </trkpt>
      <trkpt lat="55.60879" lon="-2.77401">
        <ele>106.0</ele>
      </trkpt>
      <trkpt lat="55.60876" lon="-2.77347">
        <ele>104.0</ele>
      </trkpt>
      <trkpt lat="55.60876" lon="-2.77319">
        <ele>103.5</ele>
      </trkpt>
      <trkpt lat="55.6087" lon="-2.77246">
        <ele>102.4</ele>
      </trkpt>
      <trkpt lat="55.60864" lon="-2.77179">
        <ele>101.4</ele>
      </trkpt>
      <trkpt lat="55.60857" lon="-2.7711">
        <ele>99.8</ele>
      </trkpt>
      <trkpt lat="55.60846" lon="-2.7703">
        <ele>97.8</ele>
      </trkpt>
      <trkpt lat="55.60836" lon="-2.76959">
        <ele>98.5</ele>
      </trkpt>
      <trkpt lat="55.60829" lon="-2.76928">
        <ele>99.8</ele>
      </trkpt>
      <trkpt lat="55.60821" lon="-2.76868">
        <ele>102.3</ele>
      </trkpt>
      <trkpt lat="55.6081" lon="-2.76802">
        <ele>104.3</ele>
      </trkpt>
      <trkpt lat="55.60797" lon="-2.76728">
        <ele>106.1</ele>
      </trkpt>
      <trkpt lat="55.6078" lon="-2.76647">
        <ele>108.5</ele>
      </trkpt>
      <trkpt lat="55.6077" lon="-2.76637">
        <ele>109.2</ele>
      </trkpt>
      <trkpt lat="55.60764" lon="-2.76622">
        <ele>109.7</ele>
      </trkpt>
      <trkpt lat="55.60751" lon="-2.76572">
        <ele>111.2</ele>
      </trkpt>
      <trkpt lat="55.60741" lon="-2.76553">
        <ele>111.8</ele>
      </trkpt>
      <trkpt lat="55.6073" lon="-2.76519">
        <ele>112.4</ele>
      </trkpt>
      <trkpt lat="55.60719" lon="-2.76502">
        <ele>112.6</ele>
      </trkpt>
      <trkpt lat="55.60705" lon="-2.76485">
        <ele>112.4</ele>
      </trkpt>
      <trkpt lat="55.60698" lon="-2.76482">
        <ele>112.2</ele>
      </trkpt>
      <trkpt lat="55.60697" lon="-2.76458">
        <ele>112.1</ele>
      </trkpt>
      <trkpt lat="55.60695" lon="-2.76432">
        <ele>111.8</ele>
      </trkpt>
      <trkpt lat="55.60688" lon="-2.76397">
        <ele>111.3</ele>
      </trkpt>
      <trkpt lat="55.60668" lon="-2.76307">
        <ele>110.7</ele>
      </trkpt>
      <trkpt lat="55.60656" lon="-2.76261">
        <ele>111.6</ele>
      </trkpt>
      <trkpt lat="55.60619" lon="-2.76148">
        <ele>111.8</ele>
      </trkpt>
      <trkpt lat="55.60583" lon="-2.76034">
        <ele>110.0</ele>
      </trkpt>
      <trkpt lat="55.60546" lon="-2.7592">
        <ele>109.1</ele>
      </trkpt>
      <trkpt lat="55.60521" lon="-2.75837">
        <ele>109.0</ele>
      </trkpt>
      <trkpt lat="55.60507" lon="-2.75778">
        <ele>108.4</ele>
      </trkpt>
      <trkpt lat="55.6051" lon="-2.75776">
        <ele>108.4</ele>
      </trkpt>
      <trkpt lat="55.60513" lon="-2.75772">
        <ele>108.4</ele>
      </trkpt>
      <trkpt lat="55.60514" lon="-2.75767">
        <ele>108.3</ele>
      </trkpt>
      <trkpt lat="55.60515" lon="-2.75761">
        <ele>108.3</ele>
      </trkpt>
      <trkpt lat="55.60515" lon="-2.75755">
        <ele>108.2</ele>
      </trkpt>
      <trkpt lat="55.60514" lon="-2.75749">
        <ele>108.1</ele>
      </trkpt>
      <trkpt lat="55.60511" lon="-2.75744">
        <ele>108.0</ele>
      </trkpt>
      <trkpt lat="55.60508" lon="-2.75741">
        <ele>107.9</ele>
      </trkpt>
      <trkpt lat="55.60504" lon="-2.7574">
        <ele>107.8</ele>
      </trkpt>
      <trkpt lat="55.60501" lon="-2.75741">
        <ele>107.8</ele>
      </trkpt>
      <trkpt lat="55.60474" lon="-2.7563">
        <ele>106.9</ele>
      </trkpt>
      <trkpt lat="55.60462" lon="-2.75588">
        <ele>107.4</ele>
      </trkpt>
      <trkpt lat="55.60443" lon="-2.75529">
        <ele>108.1</ele>
      </trkpt>
      <trkpt lat="55.60394" lon="-2.75397">
        <ele>109.3</ele>
      </trkpt>
      <trkpt lat="55.60378" lon="-2.75356">
        <ele>109.8</ele>
      </trkpt>
      <trkpt lat="55.60342" lon="-2.75261">
        <ele>110.8</ele>
      </trkpt>
      <trkpt lat="55.60329" lon="-2.75232">
        <ele>111.1</ele>
      </trkpt>
      <trkpt lat="55.60311" lon="-2.75202">
        <ele>111.7</ele>
      </trkpt>
      <trkpt lat="55.60298" lon="-2.75187">
        <ele>112.2</ele>
      </trkpt>
      <trkpt lat="55.60279" lon="-2.75171">
        <ele>112.9</ele>
      </trkpt>
      <trkpt lat="55.60269" lon="-2.75164">
        <ele>113.3</ele>
      </trkpt>
      <trkpt lat="55.60232" lon="-2.75145">
        <ele>113.7</ele>
      </trkpt>
      <trkpt lat="55.60212" lon="-2.75129">
        <ele>113.5</ele>
      </trkpt>
      <trkpt lat="55.60205" lon="-2.75119">
        <ele>113.4</ele>
      </trkpt>
      <trkpt lat="55.60199" lon="-2.75107">
        <ele>113.3</ele>
      </trkpt>
      <trkpt lat="55.60199" lon="-2.75098">
        <ele>113.2</ele>
      </trkpt>
      <trkpt lat="55.60197" lon="-2.75084">
        <ele>113.0</ele>
      </trkpt>
      <trkpt lat="55.60199" lon="-2.75052">
        <ele>112.5</ele>
      </trkpt>
      <trkpt lat="55.60202" lon="-2.75039">
        <ele>112.2</ele>
      </trkpt>
      <trkpt lat="55.6021" lon="-2.75013">
        <ele>111.7</ele>
      </trkpt>
      <trkpt lat="55.6026" lon="-2.74922">
        <ele>109.9</ele>
      </trkpt>
      <trkpt lat="55.60276" lon="-2.74896">
        <ele>109.4</ele>
      </trkpt>
      <trkpt lat="55.60289" lon="-2.74871">
        <ele>109.0</ele>
      </trkpt>
      <trkpt lat="55.60298" lon="-2.74846">
        <ele>108.6</ele>
      </trkpt>
      <trkpt lat="55.60309" lon="-2.7481">
        <ele>108.4</ele>
      </trkpt>
      <trkpt lat="55.60317" lon="-2.74776">
        <ele>108.3</ele>
      </trkpt>
      <trkpt lat="55.60323" lon="-2.74732">
        <ele>108.5</ele>
      </trkpt>
      <trkpt lat="55.60324" lon="-2.74705">
        <ele>108.8</ele>
      </trkpt>
      <trkpt lat="55.60325" lon="-2.74674">
        <ele>109.1</ele>
      </trkpt>
      <trkpt lat="55.60324" lon="-2.7465">
        <ele>108.8</ele>
      </trkpt>
      <trkpt lat="55.60322" lon="-2.74621">
        <ele>108.2</ele>
      </trkpt>
      <trkpt lat="55.60319" lon="-2.74602">
        <ele>107.8</ele>
      </trkpt>
      <trkpt lat="55.60314" lon="-2.74574">
        <ele>107.2</ele>
      </trkpt>
      <trkpt lat="55.6031" lon="-2.74558">
        <ele>106.7</ele>
      </trkpt>
      <trkpt lat="55.60282" lon="-2.74456">
        <ele>105.1</ele>
      </trkpt>
      <trkpt lat="55.60273" lon="-2.74422">
        <ele>104.4</ele>
      </trkpt>
      <trkpt lat="55.60261" lon="-2.74364">
        <ele>102.6</ele>
      </trkpt>
      <trkpt lat="55.60255" lon="-2.74329">
        <ele>101.3</ele>
      </trkpt>
      <trkpt lat="55.60251" lon="-2.7429">
        <ele>101.0</ele>
      </trkpt>
      <trkpt lat="55.60249" lon="-2.74253">
        <ele>101.0</ele>
      </trkpt>
      <trkpt lat="55.60243" lon="-2.74117">
        <ele>98.7</ele>
      </trkpt>
      <trkpt lat="55.60238" lon="-2.7398">
        <ele>95.7</ele>
      </trkpt>
      <trkpt lat="55.60234" lon="-2.73939">
        <ele>95.6</ele>
      </trkpt>
      <trkpt lat="55.60228" lon="-2.73898">
        <ele>95.3</ele>
      </trkpt>
      <trkpt lat="55.60225" lon="-2.73856">
        <ele>94.7</ele>
      </trkpt>
      <trkpt lat="55.60222" lon="-2.73754">
        <ele>92.7</ele>
      </trkpt>
      <trkpt lat="55.6022" lon="-2.73651">
        <ele>90.6</ele>
      </trkpt>
      <trkpt lat="55.60204" lon="-2.7352">
        <ele>89.7</ele>
      </trkpt>
      <trkpt lat="55.60191" lon="-2.7345">
        <ele>89.3</ele>
      </trkpt>
      <trkpt lat="55.60181" lon="-2.73414">
        <ele>89.2</ele>
      </trkpt>
      <trkpt lat="55.60164" lon="-2.73364">
        <ele>89.6</ele>
      </trkpt>
      <trkpt lat="55.60144" lon="-2.73318">
        <ele>90.3</ele>
      </trkpt>
      <trkpt lat="55.60124" lon="-2.73283">
        <ele>91.5</ele>
      </trkpt>
      <trkpt lat="55.60098" lon="-2.73246">
        <ele>93.7</ele>
      </trkpt>
      <trkpt lat="55.60028" lon="-2.73164">
        <ele>101.0</ele>
      </trkpt>
      <trkpt lat="55.60006" lon="-2.73131">
        <ele>101.8</ele>
      </trkpt>
      <trkpt lat="55.59988" lon="-2.73095">
        <ele>102.7</ele>
      </trkpt>
      <trkpt lat="55.5998" lon="-2.73074">
        <ele>103.1</ele>
      </trkpt>
      <trkpt lat="55.5997" lon="-2.73041">
        <ele>103.1</ele>
      </trkpt>
      <trkpt lat="55.59961" lon="-2.73005">
        <ele>103.0</ele>
      </trkpt>
      <trkpt lat="55.59957" lon="-2.72989">
        <ele>102.9</ele>
      </trkpt>
      <trkpt lat="55.59955" lon="-2.72971">
        <ele>102.6</ele>
      </trkpt>
      <trkpt lat="55.59954" lon="-2.72952">
        <ele>102.3</ele>
      </trkpt>
      <trkpt lat="55.59955" lon="-2.72931">
        <ele>101.9</ele>
      </trkpt>
      <trkpt lat="55.59958" lon="-2.7289">
        <ele>100.7</ele>
      </trkpt>
      <trkpt lat="55.59967" lon="-2.72806">
        <ele>98.2</ele>
      </trkpt>
      <trkpt lat="55.59968" lon="-2.72768">
        <ele>97.4</ele>
      </trkpt>
      <trkpt lat="55.59968" lon="-2.72733">
        <ele>96.4</ele>
      </trkpt>
      <trkpt lat="55.59961" lon="-2.72655">
        <ele>93.7</ele>
      </trkpt>
      <trkpt lat="55.59955" lon="-2.72609">
        <ele>92.2</ele>
      </trkpt>
      <trkpt lat="55.5995" lon="-2.72581">
        <ele>91.1</ele>
      </trkpt>
      <trkpt lat="55.59941" lon="-2.72546">
        <ele>89.5</ele>
      </trkpt>
      <trkpt lat="55.59915" lon="-2.72448">
        <ele>87.0</ele>
      </trkpt>
      <trkpt lat="55.5989" lon="-2.72352">
        <ele>86.7</ele>
      </trkpt>
      <trkpt lat="55.59865" lon="-2.72257">
        <ele>87.0</ele>
      </trkpt>
      <trkpt lat="55.59856" lon="-2.72226">
        <ele>87.3</ele>
      </trkpt>
      <trkpt lat="55.59852" lon="-2.72199">
        <ele>87.6</ele>
      </trkpt>
      <trkpt lat="55.59851" lon="-2.72179">
        <ele>87.9</ele>
      </trkpt>
      <trkpt lat="55.59854" lon="-2.72158">
        <ele>88.2</ele>
      </trkpt>
      <trkpt lat="55.59854" lon="-2.72143">
        <ele>88.5</ele>
      </trkpt>
      <trkpt lat="55.59845" lon="-2.72005">
        <ele>91.6</ele>
      </trkpt>
      <trkpt lat="55.59845" lon="-2.71984">
        <ele>91.7</ele>
      </trkpt>
      <trkpt lat="55.59854" lon="-2.719">
        <ele>91.7</ele>
      </trkpt>
      <trkpt lat="55.5985" lon="-2.7189">
        <ele>91.9</ele>
      </trkpt>
      <trkpt lat="55.59844" lon="-2.71885">
        <ele>92.1</ele>
      </trkpt>
      <trkpt lat="55.59829" lon="-2.71882">
        <ele>92.6</ele>
      </trkpt>
      <trkpt lat="55.59815" lon="-2.71882">
        <ele>93.3</ele>
      </trkpt>
      <trkpt lat="55.59808" lon="-2.71883">
        <ele>93.6</ele>
      </trkpt>
      <trkpt lat="55.59801" lon="-2.71887">
        <ele>93.9</ele>
      </trkpt>
      <trkpt lat="55.5978" lon="-2.71901">
        <ele>94.8</ele>
      </trkpt>
      <trkpt lat="55.59764" lon="-2.71909">
        <ele>95.4</ele>
      </trkpt>
      <trkpt lat="55.59745" lon="-2.71917">
        <ele>96.4</ele>
      </trkpt>
      <trkpt lat="55.59732" lon="-2.71921">
        <ele>97.5</ele>
      </trkpt>
      <trkpt lat="55.59723" lon="-2.71922">
        <ele>98.3</ele>
      </trkpt>
      <trkpt lat="55.59715" lon="-2.71924">
        <ele>98.9</ele>
      </trkpt>
      <trkpt lat="55.59719" lon="-2.71942">
        <ele>98.6</ele>
      </trkpt>
      <trkpt lat="55.59678" lon="-2.71949">
        <ele>102.0</ele>
      </trkpt>
      <trkpt lat="55.59629" lon="-2.71964">
        <ele>108.7</ele>
      </trkpt>
      <trkpt lat="55.59616" lon="-2.71971">
        <ele>110.6</ele>
      </trkpt>
      <trkpt lat="55.59603" lon="-2.7198">
        <ele>112.2</ele>
      </trkpt>
      <trkpt lat="55.59577" lon="-2.72">
        <ele>115.3</ele>
      </trkpt>
      <trkpt lat="55.59563" lon="-2.72015">
        <ele>118.4</ele>
      </trkpt>
      <trkpt lat="55.59533" lon="-2.72046">
        <ele>124.5</ele>
      </trkpt>
      <trkpt lat="55.59483" lon="-2.72089">
        <ele>132.6</ele>
      </trkpt>
      <trkpt lat="55.59475" lon="-2.72098">
        <ele>133.1</ele>
      </trkpt>
      <trkpt lat="55.5946" lon="-2.72121">
        <ele>133.8</ele>
      </trkpt>
      <trkpt lat="55.59452" lon="-2.72135">
        <ele>133.8</ele>
      </trkpt>
      <trkpt lat="55.59404" lon="-2.72257">
        <ele>137.3</ele>
      </trkpt>
      <trkpt lat="55.59375" lon="-2.72332">
        <ele>138.0</ele>
      </trkpt>
      <trkpt lat="55.59361" lon="-2.72358">
        <ele>138.3</ele>
      </trkpt>
      <trkpt lat="55.59339" lon="-2.72382">
        <ele>138.1</ele>
      </trkpt>
      <trkpt lat="55.59319" lon="-2.72409">
        <ele>139.1</ele>
      </trkpt>
      <trkpt lat="55.59297" lon="-2.72445">
        <ele>140.0</ele>
      </trkpt>
      <trkpt lat="55.59282" lon="-2.72475">
        <ele>139.9</ele>
      </trkpt>
      <trkpt lat="55.59264" lon="-2.72502">
        <ele>139.4</ele>
      </trkpt>
      <trkpt lat="55.59235" lon="-2.72527">
        <ele>140.5</ele>
      </trkpt>
      <trkpt lat="55.59164" lon="-2.72578">
        <ele>143.5</ele>
      </trkpt>
      <trkpt lat="55.5912" lon="-2.72608">
        <ele>148.2</ele>
      </trkpt>
      <trkpt lat="55.59076" lon="-2.72637">
        <ele>152.2</ele>
      </trkpt>
      <trkpt lat="55.59057" lon="-2.72651">
        <ele>153.1</ele>
      </trkpt>
      <trkpt lat="55.58987" lon="-2.72714">
        <ele>157.6</ele>
      </trkpt>
      <trkpt lat="55.58958" lon="-2.72748">
        <ele>162.1</ele>
      </trkpt>
      <trkpt lat="55.58924" lon="-2.72783">
        <ele>167.5</ele>
      </trkpt>
      <trkpt lat="55.58859" lon="-2.72862">
        <ele>173.3</ele>
      </trkpt>
      <trkpt lat="55.58795" lon="-2.72941">
        <ele>178.1</ele>
      </trkpt>
      <trkpt lat="55.58768" lon="-2.72979">
        <ele>179.8</ele>
      </trkpt>
      <trkpt lat="55.58726" lon="-2.73033">
        <ele>182.9</ele>
      </trkpt>
      <trkpt lat="55.58659" lon="-2.73123">
        <ele>191.7</ele>
      </trkpt>
      <trkpt lat="55.58591" lon="-2.73214">
        <ele>198.0</ele>
      </trkpt>
      <trkpt lat="55.58566" lon="-2.73262">
        <ele>199.1</ele>
      </trkpt>
      <trkpt lat="55.58539" lon="-2.73325">
        <ele>199.4</ele>
      </trkpt>
      <trkpt lat="55.58523" lon="-2.73366">
        <ele>200.5</ele>
      </trkpt>
      <trkpt lat="55.58503" lon="-2.73402">
        <ele>202.2</ele>
      </trkpt>
      <trkpt lat="55.58481" lon="-2.73427">
        <ele>204.1</ele>
      </trkpt>
      <trkpt lat="55.58437" lon="-2.73465">
        <ele>207.4</ele>
      </trkpt>
      <trkpt lat="55.58393" lon="-2.73502">
        <ele>213.1</ele>
      </trkpt>
      <trkpt lat="55.58386" lon="-2.73506">
        <ele>214.1</ele>
      </trkpt>
      <trkpt lat="55.58345" lon="-2.73519">
        <ele>219.2</ele>
      </trkpt>
      <trkpt lat="55.5833" lon="-2.73527">
        <ele>220.9</ele>
      </trkpt>
      <trkpt lat="55.58319" lon="-2.73536">
        <ele>221.4</ele>
      </trkpt>
      <trkpt lat="55.58305" lon="-2.73554">
        <ele>222.0</ele>
      </trkpt>
      <trkpt lat="55.58298" lon="-2.73569">
        <ele>222.3</ele>
      </trkpt>
      <trkpt lat="55.58286" lon="-2.736">
        <ele>222.7</ele>
      </trkpt>
      <trkpt lat="55.58282" lon="-2.73608">
        <ele>222.9</ele>
      </trkpt>
      <trkpt lat="55.58274" lon="-2.73618">
        <ele>223.3</ele>
      </trkpt>
      <trkpt lat="55.5827" lon="-2.73621">
        <ele>223.5</ele>
      </trkpt>
      <trkpt lat="55.58264" lon="-2.73623">
        <ele>223.8</ele>
      </trkpt>
      <trkpt lat="55.58253" lon="-2.73624">
        <ele>224.3</ele>
      </trkpt>
      <trkpt lat="55.58224" lon="-2.73627">
        <ele>226.7</ele>
      </trkpt>
      <trkpt lat="55.58166" lon="-2.73634">
        <ele>231.9</ele>
      </trkpt>
      <trkpt lat="55.58109" lon="-2.73647">
        <ele>237.8</ele>
      </trkpt>
      <trkpt lat="55.58077" lon="-2.73657">
        <ele>241.3</ele>
      </trkpt>
      <trkpt lat="55.58064" lon="-2.73659">
        <ele>242.6</ele>
      </trkpt>
      <trkpt lat="55.58044" lon="-2.73659">
        <ele>244.4</ele>
      </trkpt>
      <trkpt lat="55.58023" lon="-2.73654">
        <ele>246.3</ele>
      </trkpt>
      <trkpt lat="55.58015" lon="-2.7365">
        <ele>246.8</ele>
      </trkpt>
      <trkpt lat="55.58003" lon="-2.73641">
        <ele>247.5</ele>
      </trkpt>
      <trkpt lat="55.57977" lon="-2.73612">
        <ele>247.1</ele>
      </trkpt>
      <trkpt lat="55.57922" lon="-2.73547">
        <ele>246.5</ele>
      </trkpt>
      <trkpt lat="55.57868" lon="-2.73483">
        <ele>248.7</ele>
      </trkpt>
      <trkpt lat="55.57843" lon="-2.73458">
        <ele>250.2</ele>
      </trkpt>
      <trkpt lat="55.57834" lon="-2.7345">
        <ele>250.8</ele>
      </trkpt>
      <trkpt lat="55.57778" lon="-2.7341">
        <ele>251.8</ele>
      </trkpt>
      <trkpt lat="55.57758" lon="-2.7339">
        <ele>252.1</ele>
      </trkpt>
      <trkpt lat="55.57729" lon="-2.73359">
        <ele>251.3</ele>
      </trkpt>
      <trkpt lat="55.57714" lon="-2.73347">
        <ele>250.8</ele>
      </trkpt>
      <trkpt lat="55.5767" lon="-2.73326">
        <ele>250.2</ele>
      </trkpt>
      <trkpt lat="55.57626" lon="-2.73305">
        <ele>251.7</ele>
      </trkpt>
      <trkpt lat="55.57572" lon="-2.73282">
        <ele>254.0</ele>
      </trkpt>
      <trkpt lat="55.57522" lon="-2.73259">
        <ele>254.8</ele>
      </trkpt>
      <trkpt lat="55.57492" lon="-2.73244">
        <ele>254.8</ele>
      </trkpt>
      <trkpt lat="55.57471" lon="-2.73236">
        <ele>253.5</ele>
      </trkpt>
      <trkpt lat="55.57383" lon="-2.73228">
        <ele>247.2</ele>
      </trkpt>
      <trkpt lat="55.57367" lon="-2.73226">
        <ele>246.2</ele>
      </trkpt>
      <trkpt lat="55.57283" lon="-2.73209">
        <ele>240.8</ele>
      </trkpt>
      <trkpt lat="55.5721" lon="-2.7319">
        <ele>235.9</ele>
      </trkpt>
      <trkpt lat="55.57164" lon="-2.73174">
        <ele>232.7</ele>
      </trkpt>
      <trkpt lat="55.57114" lon="-2.73148">
        <ele>230.3</ele>
      </trkpt>
      <trkpt lat="55.57073" lon="-2.73124">
        <ele>228.5</ele>
      </trkpt>
      <trkpt lat="55.5706" lon="-2.73114">
        <ele>228.3</ele>
      </trkpt>
      <trkpt lat="55.57053" lon="-2.73105">
        <ele>228.1</ele>
      </trkpt>
      <trkpt lat="55.57045" lon="-2.7309">
        <ele>227.7</ele>
      </trkpt>
      <trkpt lat="55.57037" lon="-2.73071">
        <ele>227.1</ele>
      </trkpt>
      <trkpt lat="55.57003" lon="-2.72965">
        <ele>221.9</ele>
      </trkpt>
      <trkpt lat="55.56969" lon="-2.72858">
        <ele>217.6</ele>
      </trkpt>
      <trkpt lat="55.56962" lon="-2.72841">
        <ele>216.9</ele>
      </trkpt>
      <trkpt lat="55.56954" lon="-2.72829">
        <ele>216.4</ele>
      </trkpt>
      <trkpt lat="55.56945" lon="-2.7282">
        <ele>216.1</ele>
      </trkpt>
      <trkpt lat="55.56936" lon="-2.72814">
        <ele>215.8</ele>
      </trkpt>
      <trkpt lat="55.5688" lon="-2.72786">
        <ele>214.4</ele>
      </trkpt>
      <trkpt lat="55.56824" lon="-2.72758">
        <ele>212.2</ele>
      </trkpt>
      <trkpt lat="55.56781" lon="-2.72735">
        <ele>210.8</ele>
      </trkpt>
      <trkpt lat="55.56737" lon="-2.72713">
        <ele>209.6</ele>
      </trkpt>
      <trkpt lat="55.56724" lon="-2.72708">
        <ele>209.3</ele>
      </trkpt>
      <trkpt lat="55.56712" lon="-2.72707">
        <ele>209.2</ele>
      </trkpt>
      <trkpt lat="55.56698" lon="-2.72708">
        <ele>209.2</ele>
      </trkpt>
      <trkpt lat="55.56687" lon="-2.72713">
        <ele>209.2</ele>
      </trkpt>
      <trkpt lat="55.56671" lon="-2.72724">
        <ele>209.1</ele>
      </trkpt>
      <trkpt lat="55.5665" lon="-2.72743">
        <ele>207.6</ele>
      </trkpt>
      <trkpt lat="55.56643" lon="-2.72747">
        <ele>207.0</ele>
      </trkpt>
      <trkpt lat="55.56636" lon="-2.72748">
        <ele>206.4</ele>
      </trkpt>
      <trkpt lat="55.56623" lon="-2.72745">
        <ele>205.3</ele>
      </trkpt>
      <trkpt lat="55.56609" lon="-2.72735">
        <ele>204.0</ele>
      </trkpt>
      <trkpt lat="55.566" lon="-2.72727">
        <ele>203.2</ele>
      </trkpt>
      <trkpt lat="55.56593" lon="-2.72717">
        <ele>202.4</ele>
      </trkpt>
      <trkpt lat="55.56585" lon="-2.72705">
        <ele>201.6</ele>
      </trkpt>
      <trkpt lat="55.56576" lon="-2.72686">
        <ele>200.4</ele>
      </trkpt>
      <trkpt lat="55.5657" lon="-2.72669">
        <ele>199.6</ele>
      </trkpt>
      <trkpt lat="55.56554" lon="-2.72608">
        <ele>198.2</ele>
      </trkpt>
      <trkpt lat="55.56546" lon="-2.72584">
        <ele>197.5</ele>
      </trkpt>
      <trkpt lat="55.56537" lon="-2.72563">
        <ele>196.6</ele>
      </trkpt>
      <trkpt lat="55.56527" lon="-2.72544">
        <ele>195.7</ele>
      </trkpt>
      <trkpt lat="55.56516" lon="-2.72526">
        <ele>194.6</ele>
      </trkpt>
      <trkpt lat="55.56501" lon="-2.72507">
        <ele>193.0</ele>
      </trkpt>
      <trkpt lat="55.56487" lon="-2.72493">
        <ele>191.9</ele>
      </trkpt>
      <trkpt lat="55.56437" lon="-2.72452">
        <ele>187.7</ele>
      </trkpt>
      <trkpt lat="55.56421" lon="-2.72437">
        <ele>186.3</ele>
      </trkpt>
      <trkpt lat="55.56401" lon="-2.72414">
        <ele>184.9</ele>
      </trkpt>
      <trkpt lat="55.56386" lon="-2.72387">
        <ele>183.4</ele>
      </trkpt>
      <trkpt lat="55.56364" lon="-2.72333">
        <ele>181.2</ele>
      </trkpt>
      <trkpt lat="55.56348" lon="-2.72284">
        <ele>179.4</ele>
      </trkpt>
      <trkpt lat="55.56323" lon="-2.72185">
        <ele>176.4</ele>
      </trkpt>
      <trkpt lat="55.56299" lon="-2.72085">
        <ele>173.1</ele>
      </trkpt>
      <trkpt lat="55.56295" lon="-2.72067">
        <ele>172.4</ele>
      </trkpt>
      <trkpt lat="55.56293" lon="-2.72046">
        <ele>171.7</ele>
      </trkpt>
      <trkpt lat="55.56289" lon="-2.72005">
        <ele>170.4</ele>
      </trkpt>
      <trkpt lat="55.56289" lon="-2.71978">
        <ele>170.2</ele>
      </trkpt>
      <trkpt lat="55.5629" lon="-2.71946">
        <ele>170.0</ele>
      </trkpt>
      <trkpt lat="55.56291" lon="-2.71921">
        <ele>170.0</ele>
      </trkpt>
      <trkpt lat="55.56291" lon="-2.71907">
        <ele>169.9</ele>
      </trkpt>
      <trkpt lat="55.5629" lon="-2.71898">
        <ele>169.7</ele>
      </trkpt>
      <trkpt lat="55.56286" lon="-2.71887">
        <ele>169.5</ele>
      </trkpt>
      <trkpt lat="55.56283" lon="-2.71882">
        <ele>169.2</ele>
      </trkpt>
      <trkpt lat="55.56279" lon="-2.71877">
        <ele>168.9</ele>
      </trkpt>
      <trkpt lat="55.56265" lon="-2.71868">
        <ele>168.0</ele>
      </trkpt>
      <trkpt lat="55.56256" lon="-2.71866">
        <ele>167.4</ele>
      </trkpt>
      <trkpt lat="55.5624" lon="-2.71865">
        <ele>166.7</ele>
      </trkpt>
      <trkpt lat="55.56223" lon="-2.71867">
        <ele>166.3</ele>
      </trkpt>
      <trkpt lat="55.56195" lon="-2.71874">
        <ele>165.7</ele>
      </trkpt>
      <trkpt lat="55.56186" lon="-2.71875">
        <ele>165.5</ele>
      </trkpt>
      <trkpt lat="55.56179" lon="-2.71874">
        <ele>165.3</ele>
      </trkpt>
      <trkpt lat="55.56169" lon="-2.71868">
        <ele>164.9</ele>
      </trkpt>
      <trkpt lat="55.56163" lon="-2.71862">
        <ele>164.5</ele>
      </trkpt>
      <trkpt lat="55.56156" lon="-2.71852">
        <ele>164.0</ele>
      </trkpt>
      <trkpt lat="55.56148" lon="-2.71833">
        <ele>163.3</ele>
      </trkpt>
      <trkpt lat="55.5613" lon="-2.71782">
        <ele>162.7</ele>
      </trkpt>
      <trkpt lat="55.56094" lon="-2.71684">
        <ele>160.6</ele>
      </trkpt>
      <trkpt lat="55.56057" lon="-2.71586">
        <ele>158.4</ele>
      </trkpt>
      <trkpt lat="55.56021" lon="-2.71488">
        <ele>157.0</ele>
      </trkpt>
      <trkpt lat="55.55993" lon="-2.71411">
        <ele>157.3</ele>
      </trkpt>
      <trkpt lat="55.55964" lon="-2.71335">
        <ele>158.7</ele>
      </trkpt>
      <trkpt lat="55.55952" lon="-2.713">
        <ele>158.8</ele>
      </trkpt>
      <trkpt lat="55.55949" lon="-2.71292">
        <ele>158.8</ele>
      </trkpt>
      <trkpt lat="55.55942" lon="-2.71282">
        <ele>158.9</ele>
      </trkpt>
      <trkpt lat="55.5594" lon="-2.71274">
        <ele>158.9</ele>
      </trkpt>
      <trkpt lat="55.55931" lon="-2.71311">
        <ele>159.9</ele>
      </trkpt>
      <trkpt lat="55.55925" lon="-2.71328">
        <ele>160.5</ele>
      </trkpt>
      <trkpt lat="55.55888" lon="-2.71432">
        <ele>160.5</ele>
      </trkpt>
      <trkpt lat="55.55881" lon="-2.71455">
        <ele>160.8</ele>
      </trkpt>
      <trkpt lat="55.55867" lon="-2.7151">
        <ele>161.7</ele>
      </trkpt>
      <trkpt lat="55.55841" lon="-2.71613">
        <ele>162.5</ele>
      </trkpt>
      <trkpt lat="55.55816" lon="-2.71717">
        <ele>162.0</ele>
      </trkpt>
      <trkpt lat="55.55795" lon="-2.71798">
        <ele>161.6</ele>
      </trkpt>
      <trkpt lat="55.55759" lon="-2.71918">
        <ele>163.4</ele>
      </trkpt>
      <trkpt lat="55.55724" lon="-2.72038">
        <ele>164.7</ele>
      </trkpt>
      <trkpt lat="55.55715" lon="-2.72072">
        <ele>165.6</ele>
      </trkpt>
      <trkpt lat="55.5571" lon="-2.72095">
        <ele>166.1</ele>
      </trkpt>
      <trkpt lat="55.55707" lon="-2.72119">
        <ele>166.5</ele>
      </trkpt>
      <trkpt lat="55.55705" lon="-2.72155">
        <ele>167.0</ele>
      </trkpt>
      <trkpt lat="55.55704" lon="-2.7219">
        <ele>167.3</ele>
      </trkpt>
      <trkpt lat="55.55707" lon="-2.72295">
        <ele>167.9</ele>
      </trkpt>
      <trkpt lat="55.55706" lon="-2.72333">
        <ele>168.2</ele>
      </trkpt>
      <trkpt lat="55.55702" lon="-2.72389">
        <ele>169.1</ele>
      </trkpt>
      <trkpt lat="55.55698" lon="-2.72421">
        <ele>169.8</ele>
      </trkpt>
      <trkpt lat="55.55676" lon="-2.72536">
        <ele>171.8</ele>
      </trkpt>
      <trkpt lat="55.55654" lon="-2.72651">
        <ele>172.2</ele>
      </trkpt>
      <trkpt lat="55.55632" lon="-2.7277">
        <ele>172.6</ele>
      </trkpt>
      <trkpt lat="55.55611" lon="-2.72889">
        <ele>173.7</ele>
      </trkpt>
      <trkpt lat="55.55589" lon="-2.73008">
        <ele>175.5</ele>
      </trkpt>
      <trkpt lat="55.55566" lon="-2.7314">
        <ele>176.8</ele>
      </trkpt>
      <trkpt lat="55.55549" lon="-2.73275">
        <ele>178.1</ele>
      </trkpt>
      <trkpt lat="55.55542" lon="-2.73335">
        <ele>178.5</ele>
      </trkpt>
      <trkpt lat="55.55538" lon="-2.73358">
        <ele>179.2</ele>
      </trkpt>
      <trkpt lat="55.55527" lon="-2.73402">
        <ele>180.4</ele>
      </trkpt>
      <trkpt lat="55.55513" lon="-2.73447">
        <ele>181.3</ele>
      </trkpt>
      <trkpt lat="55.55493" lon="-2.73512">
        <ele>182.4</ele>
      </trkpt>
      <trkpt lat="55.55485" lon="-2.73533">
        <ele>182.9</ele>
      </trkpt>
      <trkpt lat="55.5546" lon="-2.73595">
        <ele>184.5</ele>
      </trkpt>
      <trkpt lat="55.55436" lon="-2.73648">
        <ele>185.9</ele>
      </trkpt>
      <trkpt lat="55.55411" lon="-2.73698">
        <ele>187.4</ele>
      </trkpt>
      <trkpt lat="55.55398" lon="-2.73727">
        <ele>188.2</ele>
      </trkpt>
      <trkpt lat="55.55392" lon="-2.73743">
        <ele>188.5</ele>
      </trkpt>
      <trkpt lat="55.55385" lon="-2.7377">
        <ele>188.8</ele>
      </trkpt>
      <trkpt lat="55.55383" lon="-2.73791">
        <ele>188.8</ele>
      </trkpt>
      <trkpt lat="55.55382" lon="-2.73807">
        <ele>188.8</ele>
      </trkpt>
      <trkpt lat="55.55382" lon="-2.73836">
        <ele>188.7</ele>
      </trkpt>
      <trkpt lat="55.55386" lon="-2.73907">
        <ele>190.8</ele>
      </trkpt>
      <trkpt lat="55.55386" lon="-2.73957">
        <ele>192.1</ele>
      </trkpt>
      <trkpt lat="55.55384" lon="-2.74017">
        <ele>193.8</ele>
      </trkpt>
      <trkpt lat="55.55379" lon="-2.74096">
        <ele>196.7</ele>
      </trkpt>
      <trkpt lat="55.55372" lon="-2.74163">
        <ele>199.0</ele>
      </trkpt>
      <trkpt lat="55.55363" lon="-2.7423">
        <ele>200.8</ele>
      </trkpt>
      <trkpt lat="55.55346" lon="-2.74329">
        <ele>203.2</ele>
      </trkpt>
      <trkpt lat="55.55334" lon="-2.74382">
        <ele>204.5</ele>
      </trkpt>
      <trkpt lat="55.5532" lon="-2.74436">
        <ele>205.9</ele>
      </trkpt>
      <trkpt lat="55.5528" lon="-2.74567">
        <ele>209.7</ele>
      </trkpt>
      <trkpt lat="55.55241" lon="-2.74698">
        <ele>212.3</ele>
      </trkpt>
      <trkpt lat="55.55226" lon="-2.74749">
        <ele>212.9</ele>
      </trkpt>
      <trkpt lat="55.5521" lon="-2.74816">
        <ele>213.8</ele>
      </trkpt>
      <trkpt lat="55.55206" lon="-2.7484">
        <ele>214.2</ele>
      </trkpt>
      <trkpt lat="55.55202" lon="-2.7487">
        <ele>214.8</ele>
      </trkpt>
      <trkpt lat="55.55201" lon="-2.74894">
        <ele>215.2</ele>
      </trkpt>
      <trkpt lat="55.552" lon="-2.74941">
        <ele>215.7</ele>
      </trkpt>
      <trkpt lat="55.55198" lon="-2.74987">
        <ele>216.3</ele>
      </trkpt>
      <trkpt lat="55.55196" lon="-2.75022">
        <ele>216.5</ele>
      </trkpt>
      <trkpt lat="55.5519" lon="-2.75082">
        <ele>216.6</ele>
      </trkpt>
      <trkpt lat="55.55183" lon="-2.75131">
        <ele>217.1</ele>
      </trkpt>
      <trkpt lat="55.55166" lon="-2.75244">
        <ele>219.9</ele>
      </trkpt>
      <trkpt lat="55.55154" lon="-2.75305">
        <ele>221.6</ele>
      </trkpt>
      <trkpt lat="55.55127" lon="-2.7544">
        <ele>225.5</ele>
      </trkpt>
      <trkpt lat="55.55099" lon="-2.75575">
        <ele>228.5</ele>
      </trkpt>
      <trkpt lat="55.55072" lon="-2.7571">
        <ele>231.4</ele>
      </trkpt>
      <trkpt lat="55.55044" lon="-2.75845">
        <ele>234.6</ele>
      </trkpt>
      <trkpt lat="55.5504" lon="-2.75868">
        <ele>235.2</ele>
      </trkpt>
      <trkpt lat="55.55039" lon="-2.75889">
        <ele>235.7</ele>
      </trkpt>
      <trkpt lat="55.55038" lon="-2.75907">
        <ele>236.0</ele>
      </trkpt>
      <trkpt lat="55.55039" lon="-2.75923">
        <ele>236.2</ele>
      </trkpt>
      <trkpt lat="55.55042" lon="-2.75941">
        <ele>236.4</ele>
      </trkpt>
      <trkpt lat="55.55052" lon="-2.75979">
        <ele>236.7</ele>
      </trkpt>
      <trkpt lat="55.55063" lon="-2.76009">
        <ele>237.4</ele>
      </trkpt>
      <trkpt lat="55.55068" lon="-2.76019">
        <ele>237.9</ele>
      </trkpt>
      <trkpt lat="55.55075" lon="-2.76032">
        <ele>238.5</ele>
      </trkpt>
      <trkpt lat="55.55134" lon="-2.76106">
        <ele>241.5</ele>
      </trkpt>
      <trkpt lat="55.55161" lon="-2.76143">
        <ele>242.8</ele>
      </trkpt>
      <trkpt lat="55.55175" lon="-2.76168">
        <ele>244.0</ele>
      </trkpt>
      <trkpt lat="55.55179" lon="-2.76181">
        <ele>244.3</ele>
      </trkpt>
      <trkpt lat="55.55183" lon="-2.76195">
        <ele>244.5</ele>
      </trkpt>
      <trkpt lat="55.55187" lon="-2.76218">
        <ele>244.9</ele>
      </trkpt>
      <trkpt lat="55.55189" lon="-2.76234">
        <ele>245.2</ele>
      </trkpt>
      <trkpt lat="55.55189" lon="-2.7625">
        <ele>245.5</ele>
      </trkpt>
      <trkpt lat="55.55187" lon="-2.76278">
        <ele>246.0</ele>
      </trkpt>
      <trkpt lat="55.55183" lon="-2.76301">
        <ele>246.6</ele>
      </trkpt>
      <trkpt lat="55.55163" lon="-2.7641">
        <ele>247.4</ele>
      </trkpt>
      <trkpt lat="55.55143" lon="-2.76518">
        <ele>249.1</ele>
      </trkpt>
      <trkpt lat="55.55135" lon="-2.76556">
        <ele>249.4</ele>
      </trkpt>
      <trkpt lat="55.55119" lon="-2.76622">
        <ele>250.4</ele>
      </trkpt>
      <trkpt lat="55.55094" lon="-2.76707">
        <ele>251.9</ele>
      </trkpt>
      <trkpt lat="55.55063" lon="-2.76804">
        <ele>252.7</ele>
      </trkpt>
      <trkpt lat="55.55033" lon="-2.769">
        <ele>254.8</ele>
      </trkpt>
      <trkpt lat="55.55003" lon="-2.76997">
        <ele>257.7</ele>
      </trkpt>
      <trkpt lat="55.54995" lon="-2.77027">
        <ele>257.5</ele>
      </trkpt>
      <trkpt lat="55.54963" lon="-2.77164">
        <ele>255.4</ele>
      </trkpt>
      <trkpt lat="55.54931" lon="-2.77284">
        <ele>254.2</ele>
      </trkpt>
      <trkpt lat="55.54899" lon="-2.77404">
        <ele>254.4</ele>
      </trkpt>
      <trkpt lat="55.54871" lon="-2.77511">
        <ele>254.7</ele>
      </trkpt>
      <trkpt lat="55.54847" lon="-2.77605">
        <ele>253.7</ele>
      </trkpt>
      <trkpt lat="55.54823" lon="-2.77698">
        <ele>253.0</ele>
      </trkpt>
      <trkpt lat="55.54791" lon="-2.77821">
        <ele>252.1</ele>
      </trkpt>
      <trkpt lat="55.5476" lon="-2.77945">
        <ele>253.3</ele>
      </trkpt>
      <trkpt lat="55.54729" lon="-2.78068">
        <ele>253.0</ele>
      </trkpt>
      <trkpt lat="55.547" lon="-2.78185">
        <ele>253.0</ele>
      </trkpt>
      <trkpt lat="55.54671" lon="-2.78301">
        <ele>252.2</ele>
      </trkpt>
      <trkpt lat="55.54642" lon="-2.78414">
        <ele>249.4</ele>
      </trkpt>
      <trkpt lat="55.54621" lon="-2.78487">
        <ele>247.9</ele>
      </trkpt>
      <trkpt lat="55.546" lon="-2.7856">
        <ele>248.4</ele>
      </trkpt>
      <trkpt lat="55.54569" lon="-2.78664">
        <ele>248.8</ele>
      </trkpt>
      <trkpt lat="55.54538" lon="-2.78769">
        <ele>251.5</ele>
      </trkpt>
      <trkpt lat="55.54499" lon="-2.789">
        <ele>255.6</ele>
      </trkpt>
      <trkpt lat="55.54459" lon="-2.79031">
        <ele>258.8</ele>
      </trkpt>
      <trkpt lat="55.5442" lon="-2.79162">
        <ele>264.7</ele>
      </trkpt>
      <trkpt lat="55.5438" lon="-2.79293">
        <ele>268.2</ele>
      </trkpt>
      <trkpt lat="55.54341" lon="-2.79424">
        <ele>271.4</ele>
      </trkpt>
      <trkpt lat="55.54305" lon="-2.79554">
        <ele>275.0</ele>
      </trkpt>
      <trkpt lat="55.54285" lon="-2.79627">
        <ele>276.1</ele>
      </trkpt>
      <trkpt lat="55.54266" lon="-2.797">
        <ele>275.5</ele>
      </trkpt>
      <trkpt lat="55.5423" lon="-2.79818">
        <ele>272.4</ele>
      </trkpt>
      <trkpt lat="55.54223" lon="-2.79846">
        <ele>272.2</ele>
      </trkpt>
      <trkpt lat="55.54217" lon="-2.79882">
        <ele>272.6</ele>
      </trkpt>
      <trkpt lat="55.54215" lon="-2.79903">
        <ele>272.9</ele>
      </trkpt>
      <trkpt lat="55.54214" lon="-2.79932">
        <ele>273.2</ele>
      </trkpt>
      <trkpt lat="55.54213" lon="-2.80006">
        <ele>273.7</ele>
      </trkpt>
      <trkpt lat="55.54211" lon="-2.80137">
        <ele>275.9</ele>
      </trkpt>
      <trkpt lat="55.54208" lon="-2.80268">
        <ele>278.3</ele>
      </trkpt>
      <trkpt lat="55.54206" lon="-2.80353">
        <ele>279.9</ele>
      </trkpt>
      <trkpt lat="55.54204" lon="-2.80438">
        <ele>281.4</ele>
      </trkpt>
      <trkpt lat="55.54199" lon="-2.80525">
        <ele>281.9</ele>
      </trkpt>
      <trkpt lat="55.54192" lon="-2.80627">
        <ele>282.2</ele>
      </trkpt>
      <trkpt lat="55.54186" lon="-2.80682">
        <ele>282.1</ele>
      </trkpt>
      <trkpt lat="55.54183" lon="-2.80705">
        <ele>281.6</ele>
      </trkpt>
      <trkpt lat="55.54173" lon="-2.80756">
        <ele>280.5</ele>
      </trkpt>
      <trkpt lat="55.54161" lon="-2.80798">
        <ele>280.4</ele>
      </trkpt>
      <trkpt lat="55.54143" lon="-2.80855">
        <ele>280.5</ele>
      </trkpt>
      <trkpt lat="55.54117" lon="-2.80933">
        <ele>278.1</ele>
      </trkpt>
      <trkpt lat="55.5409" lon="-2.81011">
        <ele>274.2</ele>
      </trkpt>
      <trkpt lat="55.54082" lon="-2.81039">
        <ele>272.9</ele>
      </trkpt>
      <trkpt lat="55.54075" lon="-2.81067">
        <ele>272.0</ele>
      </trkpt>
      <trkpt lat="55.54069" lon="-2.81098">
        <ele>271.0</ele>
      </trkpt>
      <trkpt lat="55.54049" lon="-2.81205">
        <ele>268.1</ele>
      </trkpt>
      <trkpt lat="55.5403" lon="-2.81313">
        <ele>265.9</ele>
      </trkpt>
      <trkpt lat="55.54019" lon="-2.81383">
        <ele>265.1</ele>
      </trkpt>
      <trkpt lat="55.54015" lon="-2.81433">
        <ele>264.6</ele>
      </trkpt>
      <trkpt lat="55.54014" lon="-2.81464">
        <ele>264.3</ele>
      </trkpt>
      <trkpt lat="55.54014" lon="-2.81489">
        <ele>263.9</ele>
      </trkpt>
      <trkpt lat="55.54017" lon="-2.81528">
        <ele>263.4</ele>
      </trkpt>
      <trkpt lat="55.54021" lon="-2.81548">
        <ele>263.1</ele>
      </trkpt>
      <trkpt lat="55.54029" lon="-2.81572">
        <ele>262.6</ele>
      </trkpt>
      <trkpt lat="55.54035" lon="-2.81583">
        <ele>262.3</ele>
      </trkpt>
      <trkpt lat="55.54051" lon="-2.81602">
        <ele>261.8</ele>
      </trkpt>
      <trkpt lat="55.54062" lon="-2.81611">
        <ele>261.5</ele>
      </trkpt>
      <trkpt lat="55.54081" lon="-2.81621">
        <ele>261.0</ele>
      </trkpt>
      <trkpt lat="55.5412" lon="-2.8164">
        <ele>258.7</ele>
      </trkpt>
      <trkpt lat="55.54142" lon="-2.81655">
        <ele>257.5</ele>
      </trkpt>
      <trkpt lat="55.5416" lon="-2.81669">
        <ele>256.7</ele>
      </trkpt>
      <trkpt lat="55.54182" lon="-2.8169">
        <ele>255.6</ele>
      </trkpt>
      <trkpt lat="55.54219" lon="-2.81727">
        <ele>253.3</ele>
      </trkpt>
      <trkpt lat="55.54236" lon="-2.81745">
        <ele>252.6</ele>
      </trkpt>
      <trkpt lat="55.54268" lon="-2.81787">
        <ele>252.1</ele>
      </trkpt>
      <trkpt lat="55.5428" lon="-2.81799">
        <ele>251.6</ele>
      </trkpt>
      <trkpt lat="55.5429" lon="-2.81808">
        <ele>250.9</ele>
      </trkpt>
      <trkpt lat="55.54303" lon="-2.81815">
        <ele>249.8</ele>
      </trkpt>
      <trkpt lat="55.54324" lon="-2.81826">
        <ele>247.7</ele>
      </trkpt>
      <trkpt lat="55.5434" lon="-2.81836">
        <ele>246.0</ele>
      </trkpt>
      <trkpt lat="55.5436" lon="-2.81853">
        <ele>243.6</ele>
      </trkpt>
      <trkpt lat="55.54367" lon="-2.81862">
        <ele>242.9</ele>
      </trkpt>
      <trkpt lat="55.54386" lon="-2.81893">
        <ele>241.8</ele>
      </trkpt>
      <trkpt lat="55.54399" lon="-2.81922">
        <ele>241.6</ele>
      </trkpt>
      <trkpt lat="55.54405" lon="-2.81946">
        <ele>242.0</ele>
      </trkpt>
      <trkpt lat="55.54414" lon="-2.82022">
        <ele>243.2</ele>
      </trkpt>
      <trkpt lat="55.54425" lon="-2.82099">
        <ele>239.8</ele>
      </trkpt>
      <trkpt lat="55.54427" lon="-2.82122">
        <ele>239.1</ele>
      </trkpt>
      <trkpt lat="55.54428" lon="-2.82147">
        <ele>238.7</ele>
      </trkpt>
      <trkpt lat="55.54426" lon="-2.82187">
        <ele>237.9</ele>
      </trkpt>
      <trkpt lat="55.54419" lon="-2.82248">
        <ele>236.6</ele>
      </trkpt>
      <trkpt lat="55.5441" lon="-2.82294">
        <ele>236.5</ele>
      </trkpt>
      <trkpt lat="55.54388" lon="-2.82385">
        <ele>234.7</ele>
      </trkpt>
      <trkpt lat="55.54365" lon="-2.82475">
        <ele>232.2</ele>
      </trkpt>
      <trkpt lat="55.54358" lon="-2.82498">
        <ele>232.0</ele>
      </trkpt>
      <trkpt lat="55.54343" lon="-2.8253">
        <ele>230.9</ele>
      </trkpt>
      <trkpt lat="55.54307" lon="-2.82591">
        <ele>228.6</ele>
      </trkpt>
      <trkpt lat="55.54284" lon="-2.82625">
        <ele>227.8</ele>
      </trkpt>
      <trkpt lat="55.54249" lon="-2.82667">
        <ele>227.1</ele>
      </trkpt>
      <trkpt lat="55.54242" lon="-2.82678">
        <ele>227.2</ele>
      </trkpt>
      <trkpt lat="55.54235" lon="-2.8269">
        <ele>227.1</ele>
      </trkpt>
      <trkpt lat="55.54229" lon="-2.82704">
        <ele>226.9</ele>
      </trkpt>
      <trkpt lat="55.54223" lon="-2.8272">
        <ele>226.5</ele>
      </trkpt>
      <trkpt lat="55.54218" lon="-2.82741">
        <ele>225.7</ele>
      </trkpt>
      <trkpt lat="55.54214" lon="-2.82762">
        <ele>224.9</ele>
      </trkpt>
      <trkpt lat="55.54212" lon="-2.82779">
        <ele>224.1</ele>
      </trkpt>
      <trkpt lat="55.54212" lon="-2.82805">
        <ele>222.6</ele>
      </trkpt>
      <trkpt lat="55.54213" lon="-2.82848">
        <ele>219.9</ele>
      </trkpt>
      <trkpt lat="55.54211" lon="-2.82863">
        <ele>219.4</ele>
      </trkpt>
      <trkpt lat="55.54209" lon="-2.82876">
        <ele>219.1</ele>
      </trkpt>
      <trkpt lat="55.54205" lon="-2.82889">
        <ele>219.0</ele>
      </trkpt>
      <trkpt lat="55.54183" lon="-2.82948">
        <ele>219.5</ele>
      </trkpt>
      <trkpt lat="55.54177" lon="-2.8297">
        <ele>219.2</ele>
      </trkpt>
      <trkpt lat="55.54176" lon="-2.82981">
        <ele>218.8</ele>
      </trkpt>
      <trkpt lat="55.54175" lon="-2.82994">
        <ele>218.0</ele>
      </trkpt>
      <trkpt lat="55.54177" lon="-2.83009">
        <ele>217.5</ele>
      </trkpt>
      <trkpt lat="55.54178" lon="-2.83022">
        <ele>217.2</ele>
      </trkpt>
      <trkpt lat="55.54181" lon="-2.83031">
        <ele>216.9</ele>
      </trkpt>
      <trkpt lat="55.54201" lon="-2.83096">
        <ele>214.6</ele>
      </trkpt>
      <trkpt lat="55.54234" lon="-2.83187">
        <ele>212.1</ele>
      </trkpt>
      <trkpt lat="55.54268" lon="-2.83277">
        <ele>214.6</ele>
      </trkpt>
      <trkpt lat="55.54271" lon="-2.83296">
        <ele>215.3</ele>
      </trkpt>
      <trkpt lat="55.54264" lon="-2.83296">
        <ele>215.6</ele>
      </trkpt>
      <trkpt lat="55.54267" lon="-2.83321">
        <ele>216.6</ele>
      </trkpt>
      <trkpt lat="55.5427" lon="-2.83337">
        <ele>216.9</ele>
      </trkpt>
      <trkpt lat="55.54274" lon="-2.8335">
        <ele>216.3</ele>
      </trkpt>
      <trkpt lat="55.54307" lon="-2.83419">
        <ele>212.2</ele>
      </trkpt>
      <trkpt lat="55.54339" lon="-2.83488">
        <ele>209.4</ele>
      </trkpt>
      <trkpt lat="55.54395" lon="-2.83598">
        <ele>201.9</ele>
      </trkpt>
      <trkpt lat="55.54411" lon="-2.83628">
        <ele>200.0</ele>
      </trkpt>
      <trkpt lat="55.54424" lon="-2.83643">
        <ele>198.8</ele>
      </trkpt>
      <trkpt lat="55.54469" lon="-2.83668">
        <ele>195.6</ele>
      </trkpt>
      <trkpt lat="55.54481" lon="-2.83682">
        <ele>194.3</ele>
      </trkpt>
      <trkpt lat="55.54493" lon="-2.83699">
        <ele>192.8</ele>
      </trkpt>
      <trkpt lat="55.54517" lon="-2.83743">
        <ele>189.9</ele>
      </trkpt>
      <trkpt lat="55.54572" lon="-2.83851">
        <ele>185.5</ele>
      </trkpt>
      <trkpt lat="55.54585" lon="-2.83882">
        <ele>185.4</ele>
      </trkpt>
      <trkpt lat="55.54594" lon="-2.83917">
        <ele>184.7</ele>
      </trkpt>
      <trkpt lat="55.54606" lon="-2.83972">
        <ele>184.3</ele>
      </trkpt>
      <trkpt lat="55.5465" lon="-2.8393">
        <ele>183.3</ele>
      </trkpt>
      <trkpt lat="55.54685" lon="-2.83904">
        <ele>182.1</ele>
      </trkpt>
      <trkpt lat="55.54709" lon="-2.8389">
        <ele>180.9</ele>
      </trkpt>
      <trkpt lat="55.54736" lon="-2.83885">
        <ele>179.6</ele>
      </trkpt>
      <trkpt lat="55.54765" lon="-2.83885">
        <ele>177.9</ele>
      </trkpt>
      <trkpt lat="55.54793" lon="-2.83887">
        <ele>176.3</ele>
      </trkpt>
      <trkpt lat="55.54833" lon="-2.83898">
        <ele>174.0</ele>
      </trkpt>
      <trkpt lat="55.54849" lon="-2.83921">
        <ele>173.3</ele>
      </trkpt>
      <trkpt lat="55.54837" lon="-2.83945">
        <ele>173.8</ele>
      </trkpt>
      <trkpt lat="55.54818" lon="-2.83992">
        <ele>174.6</ele>
      </trkpt>
      <trkpt lat="55.54803" lon="-2.84024">
        <ele>174.5</ele>
      </trkpt>
      <trkpt lat="55.54775" lon="-2.84071">
        <ele>174.4</ele>
      </trkpt>
      <trkpt lat="55.54772" lon="-2.84079">
        <ele>174.3</ele>
      </trkpt>
      <trkpt lat="55.54729" lon="-2.84143">
        <ele>175.1</ele>
      </trkpt>
      <trkpt lat="55.54721" lon="-2.84158">
        <ele>175.2</ele>
      </trkpt>
      <trkpt lat="55.54719" lon="-2.84165">
        <ele>175.1</ele>
      </trkpt>
      <trkpt lat="55.54719" lon="-2.84173">
        <ele>174.8</ele>
      </trkpt>
      <trkpt lat="55.54719" lon="-2.84177">
        <ele>174.6</ele>
      </trkpt>
      <trkpt lat="55.54711" lon="-2.84189">
        <ele>174.2</ele>
      </trkpt>
      <trkpt lat="55.54701" lon="-2.8421">
        <ele>173.4</ele>
      </trkpt>
      <trkpt lat="55.54688" lon="-2.84236">
        <ele>172.3</ele>
      </trkpt>
      <trkpt lat="55.54654" lon="-2.84322">
        <ele>169.0</ele>
      </trkpt>
      <trkpt lat="55.54623" lon="-2.84386">
        <ele>166.6</ele>
      </trkpt>
      <trkpt lat="55.54601" lon="-2.84452">
        <ele>161.9</ele>
      </trkpt>
      <trkpt lat="55.54597" lon="-2.84464">
        <ele>160.9</ele>
      </trkpt>
      <trkpt lat="55.54595" lon="-2.84479">
        <ele>159.5</ele>
      </trkpt>
      <trkpt lat="55.54594" lon="-2.84508">
        <ele>156.8</ele>
      </trkpt>
      <trkpt lat="55.54597" lon="-2.84544">
        <ele>154.0</ele>
      </trkpt>
      <trkpt lat="55.54616" lon="-2.84658">
        <ele>144.4</ele>
      </trkpt>
      <trkpt lat="55.54636" lon="-2.84773">
        <ele>145.0</ele>
      </trkpt>
      <trkpt lat="55.54641" lon="-2.84786">
        <ele>144.9</ele>
      </trkpt>
      <trkpt lat="55.54648" lon="-2.84797">
        <ele>144.5</ele>
      </trkpt>
      <trkpt lat="55.54657" lon="-2.84804">
        <ele>144.0</ele>
      </trkpt>
      <trkpt lat="55.54665" lon="-2.84808">
        <ele>143.5</ele>
      </trkpt>
      <trkpt lat="55.54673" lon="-2.8481">
        <ele>143.0</ele>
      </trkpt>
      <trkpt lat="55.54673" lon="-2.84793">
        <ele>142.6</ele>
      </trkpt>
      <trkpt lat="55.54678" lon="-2.84767">
        <ele>141.6</ele>
      </trkpt>
      <trkpt lat="55.54686" lon="-2.84743">
        <ele>140.4</ele>
      </trkpt>
      <trkpt lat="55.54695" lon="-2.84722">
        <ele>138.9</ele>
      </trkpt>
      <trkpt lat="55.54707" lon="-2.84706">
        <ele>137.5</ele>
      </trkpt>
      <trkpt lat="55.54745" lon="-2.84661">
        <ele>133.9</ele>
      </trkpt>
      <trkpt lat="55.54784" lon="-2.84616">
        <ele>135.5</ele>
      </trkpt>
      <trkpt lat="55.548" lon="-2.84603">
        <ele>135.4</ele>
      </trkpt>
      <trkpt lat="55.54809" lon="-2.846">
        <ele>134.9</ele>
      </trkpt>
      <trkpt lat="55.54817" lon="-2.84599">
        <ele>134.3</ele>
      </trkpt>
      <trkpt lat="55.54891" lon="-2.84623">
        <ele>126.1</ele>
      </trkpt>
      <trkpt lat="55.549" lon="-2.84629">
        <ele>124.8</ele>
      </trkpt>
      <trkpt lat="55.54903" lon="-2.84633">
        <ele>124.3</ele>
      </trkpt>
      <trkpt lat="55.54899" lon="-2.84647">
        <ele>123.9</ele>
      </trkpt>
      <trkpt lat="55.54896" lon="-2.84662">
        <ele>123.3</ele>
      </trkpt>
      <trkpt lat="55.54878" lon="-2.84756">
        <ele>123.6</ele>
      </trkpt>
      <trkpt lat="55.54861" lon="-2.8485">
        <ele>124.5</ele>
      </trkpt>
      <trkpt lat="55.54871" lon="-2.84858">
        <ele>123.2</ele>
      </trkpt>
      <trkpt lat="55.54879" lon="-2.84859">
        <ele>122.3</ele>
      </trkpt>
      <trkpt lat="55.54884" lon="-2.84856">
        <ele>121.9</ele>
      </trkpt>
      <trkpt lat="55.54939" lon="-2.84787">
        <ele>118.9</ele>
      </trkpt>
    </trkseg>
  </trk>
</gpx>
